X,countyCode,communityCode,fold,population,householdsize,racepctblack,racePctWhite,racePctAsian,racePctHisp,agePct12t21,agePct12t29,agePct16t24,agePct65up,numbUrban,pctUrban,medIncome,pctWWage,pctWFarmSelf,pctWInvInc,pctWSocSec,pctWPubAsst,pctWRetire,medFamInc,perCapInc,whitePerCap,blackPerCap,indianPerCap,AsianPerCap,OtherPerCap,HispPerCap,NumUnderPov,PctPopUnderPov,PctLess9thGrade,PctNotHSGrad,PctBSorMore,PctUnemployed,PctEmploy,PctEmplManu,PctEmplProfServ,PctOccupManu,PctOccupMgmtProf,MalePctDivorce,MalePctNevMarr,FemalePctDiv,TotalPctDiv,PersPerFam,PctFam2Par,PctKids2Par,PctYoungKids2Par,PctTeen2Par,PctWorkMomYoungKids,PctWorkMom,NumKidsBornNeverMar,PctKidsBornNeverMar,NumImmig,PctImmigRecent,PctImmigRec5,PctImmigRec8,PctImmigRec10,PctRecentImmig,PctRecImmig5,PctRecImmig8,PctRecImmig10,PctSpeakEnglOnly,PctNotSpeakEnglWell,PctLargHouseFam,PctLargHouseOccup,PersPerOccupHous,PersPerOwnOccHous,PersPerRentOccHous,PctPersOwnOccup,PctPersDenseHous,PctHousLess3BR,MedNumBR,HousVacant,PctHousOccup,PctHousOwnOcc,PctVacantBoarded,PctVacMore6Mos,MedYrHousBuilt,PctHousNoPhone,PctWOFullPlumb,OwnOccLowQuart,OwnOccMedVal,OwnOccHiQuart,OwnOccQrange,RentLowQ,RentMedian,RentHighQ,RentQrange,MedRent,MedRentPctHousInc,MedOwnCostPctInc,MedOwnCostPctIncNoMtg,NumInShelters,NumStreet,PctForeignBorn,PctBornSameState,PctSameHouse85,PctSameCity85,PctSameState85,LemasSwornFT,LemasSwFTPerPop,LemasSwFTFieldOps,LemasSwFTFieldPerPop,LemasTotalReq,LemasTotReqPerPop,PolicReqPerOffic,PolicPerPop,RacialMatchCommPol,PctPolicWhite,PctPolicBlack,PctPolicHisp,PctPolicAsian,PctPolicMinor,OfficAssgnDrugUnits,NumKindsDrugsSeiz,PolicAveOTWorked,LandArea,PopDens,PctUsePubTrans,PolicCars,PolicOperBudg,LemasPctPolicOnPatr,LemasGangUnitDeploy,LemasPctOfficDrugUn,PolicBudgPerPop,murders,murdPerPop,rapes,rapesPerPop,robberies,robbbPerPop,assaults,assaultPerPop,burglaries,burglPerPop,larcPerPop,autoTheft,autoTheftPerPop,arsons,arsonsPerPop,ViolentCrimesPerPop,nonViolPerPop
951,3,82590,5,60110,2.51,2.18,93.98,2.84,3.15,11.46,21.5,10.78,18.84,60110,100,49642,75.2,0.8,67.47,35.33,3.78,21.73,60518,26943,27601,14532,14196,18908,10423,15557,2103,3.63,5.83,12.68,46.63,3.96,60.22,11.37,33.34,6.06,45.54,5.17,28.73,8.81,7.19,2.96,83.38,82.81,94.15,80.71,61.15,71.63,460,1.04,7424,13.81,18.14,22.8,26.33,1.71,2.24,2.82,3.25,84.41,2.32,3.11,2.13,2.41,2.58,1.96,78.64,0.91,36.19,3,1105,95.58,73.68,0.36,23.35,1951,0.28,0.08,166100,203300,267100,101000,509,618,739,230,687,26.7,20.5,13.7,0,0,12.35,53.65,63.32,85.68,89.15,123,204.39,120,199.4,82902,137756.7,674,204.4,97.79,95.12,3.25,1.63,0,4.88,5,9,634.7,22.8,2639.6,4.26,31,10322442,97.56,10,4.07,171526.09,1,1.66,1,1.66,78,129.61,56,93.05,580,963.78,0,213,353.94,9,14.96,225.99,3845.13
1313,59,39225,6,80352,2.69,6.39,89.78,0.56,5.89,14.34,27.95,13.49,11.95,80375,100,27770,76.04,0.28,45.85,30.2,9.97,20.42,32883,12284,12919,6039,12518,15147,5122,5847,9923,12.73,9.18,26.84,12.18,7.8,59.77,27.65,22.83,18.77,19.77,10.4,31.4,13.36,11.97,3.15,68.34,65.57,76.39,74.75,62.61,70.24,2626,4.12,4030,9.35,14.19,18.51,22.11,0.47,0.71,0.93,1.11,89.51,1.5,5.38,3.79,2.61,2.78,2.32,66.18,3.16,49.94,3,1278,95.9,61.99,2.74,28.48,1954,4.39,0.3,47100,58700,73000,25900,262,338,415,153,400,25.4,19.4,13,61,0,5.01,65.34,53.32,83,87.28,160,186.46,152,177.14,76544,89203.8,478.4,186.5,93,88.95,1.16,2.33,0.58,4.07,8,6,52.5,22.3,3599.2,1.99,70,8928586,95,5,5,104053.1,8,9.32,53,61.77,129,150.34,270,314.66,859,1001.07,1,312,363.6,33,38.46,536.08,5063.63
667,113,21000,4,182044,2.51,40.43,58.37,0.64,0.74,15.22,29.63,15.68,12.01,182044,100,19779,69.08,0.34,27.28,28.83,15.5,19.55,24819,9946,11312,8015,10592,9861,5529,9876,46480,26.53,10.74,31.66,12.29,10.39,51.62,18.62,25.98,17.69,21.74,15.52,38.43,19.24,17.53,3.1,49.22,43.22,51.14,48.38,49.49,58.68,15663,10.87,2606,12.24,18,29.36,35.99,0.18,0.26,0.42,0.52,96.11,0.37,6.17,3.98,2.41,2.47,2.35,52.22,2.96,54.84,2,7700,90.42,50.98,14.44,48.9,1946,8.83,0.55,31800,43200,56200,24400,172,253,321,149,329,29.3,17.8,13.7,406,5,1.43,67.44,51.74,85.18,91.36,506,282.17,396,220.83,213229,118905.1,421.4,282.2,75.77,82.61,16.8,0.4,0.2,17.19,12,12,256,57,3194.8,7.48,270,31776600,78.26,0,2.37,177199.2,49,27.32,269,150.01,1475,822.52,1129,629.58,4303,2399.53,1,2939,1638.91,260,144.99,1629.43,9465.95
1100,1,83500,5,24410,2.63,1.07,96.97,1.63,2.24,11.25,19.84,9.77,12.35,24424,100,81957,82.81,1.06,74.58,23.49,1.95,14.73,95791,45640,46184,45011,24087,23289,15227,23254,762,3.15,2.02,6.95,60.51,3.17,66.91,13.33,29.49,2.22,54.52,6.97,26.41,10.73,8.95,2.96,86.02,84.73,96.56,80.43,49.42,59.59,49,0.29,2974,19.8,27.34,36.21,42.91,2.41,3.33,4.41,5.23,89.29,0.82,2.83,2.19,2.6,2.67,2.27,85.01,0.41,19.54,4,565,94.26,82.82,0.71,45.13,1956,0.38,0.28,318300,422400,500001,181701,620,995,1001,381,1001,24.8,22,14,17,1,12.18,25.33,59.67,76.59,77.06,65,262.32,54,217.93,26002,104935.6,400,262.3,58.03,57.14,0,0.89,0,0.89,2,5,239.9,20.7,1177.6,17.48,26,3702747,83.08,10,3.08,149430.8,0,0,0,0,23,92.82,7,28.25,173,698.17,0,79,318.82,3,12.11,121.07,3285.04
511,700,56000,3,170045,2.66,33.57,62.58,2.33,2.77,13.82,31.25,14.76,8.59,170045,100,27469,82.66,0.3,32.82,19.97,7.74,17.48,31180,12711,15351,8154,11662,8806,9760,9523,23169,14.04,6.89,20.66,18.44,5.93,65.93,20.19,21.72,13.07,26.41,10.56,29.87,14.95,12.83,3.08,68.16,64.41,76.03,69.14,58.43,66.56,7374,6.41,6932,12.97,21.49,31.06,39.27,0.53,0.88,1.27,1.6,93.02,0.79,3.94,2.83,2.59,2.69,2.49,51.93,3.58,47.5,3,5776,91.72,50.03,3.83,33.24,1969,7.26,0.31,68000,85200,103800,35800,282,368,454,172,439,26.2,22.7,13,96,39,4.08,46.43,41.39,62.84,75.27,263,145.36,236,130.44,121431,67114.9,461.7,145.4,79.69,82.89,15.97,0.76,0.38,17.11,21,9,54.9,70.8,2401.8,2.9,194,14212889,89.73,10,7.98,78554.6,22,12.16,103,56.93,71,39.24,1334,737.3,2101,1161.22,1,684,378.05,63,34.82,845.63,5590.56
805,1,18500,4,65585,2.72,6.57,86.75,3.94,7.69,13.01,28.95,13.89,10.16,65585,100,43832,83.63,0.4,49.41,23.55,3.98,14.1,51144,19300,20370,13148,15530,12004,9045,10780,3599,5.76,10.08,23.53,26.92,5.4,67.83,26.36,21.14,13.42,30.5,8.75,34.16,11.04,9.92,3.16,78.27,74.79,86,84.1,60.18,69.09,1272,2.97,9838,17.87,30.54,38.32,48.44,2.68,4.58,5.75,7.27,79.61,4.76,5.28,3.68,2.6,2.74,2.39,63.38,4.06,49.73,3,1856,92.85,60.09,1.19,37.28,1964,2.26,0.66,156600,190300,238800,82200,425,589,729,304,693,26.5,24,14.5,65,41,15,43.88,52.6,76.88,79.44,135,208.74,105,162.35,106698,164975.59,790.4,208.7,74.59,68.51,3.87,2.21,0,5.52,28,10,161.9,43.6,1502.8,2.4,54,13416895,77.78,0,20.74,207451,1,1.55,12,18.55,71,109.78,88,136.06,546,844.22,1,401,620.02,12,18.55,265.95,5201.39
153,23,51210,1,41711,3.28,29.58,57.37,3.96,19.33,29.2,49.87,35.94,8.48,41711,100,28289,78.65,0.72,33.31,25,10.16,11.84,32966,11252,12735,9591,12237,9675,7729,7647,7561,21.96,15.92,34,23.41,8.85,57.84,15.94,32.03,15.01,23.85,7.62,61.76,9.73,8.74,3.25,50.14,42.94,59.12,44.96,67.51,73.06,2757,12.96,6989,24.7,37.73,50.91,63.13,4.14,6.32,8.53,10.58,72.41,7.03,10.59,6.86,2.7,2.71,2.69,32.54,10.53,65.85,2,845,93.77,32.33,7.46,31.01,1949,8.98,1.69,95600,126700,157000,61400,407,569,723,316,640,29.9,28,18.9,105,17,16.76,50.29,38.48,60.05,83.44,124,298.94,114,274.83,50000,120540,403.2,298.9,74.3,83.06,10.48,4.84,1.61,16.94,6,11,77.4,5.4,7709.4,12.35,49,6741975,91.94,0,4.84,162535.59,5,12.05,18,43.39,311,749.76,289,696.72,797,1921.41,1,337,812.44,19,45.81,1501.93,7502.41
735,770,68000,4,96397,2.35,24.27,74.59,0.74,0.69,11.78,25.45,12.17,15,96397,100,22591,73.4,0.51,32.62,32.93,8.82,15.96,28203,12513,14061,7949,9191,8480,4200,8192,15238,16.08,13.56,32.03,15.65,5.47,58.89,16.36,22.75,17.62,20.81,13.47,30.1,16.44,15.09,2.91,60.93,55.91,70.25,64.43,61.53,69.6,4860,6.48,1515,18.68,26.14,32.21,39.27,0.29,0.41,0.51,0.62,96.45,0.6,3.82,2.42,2.3,2.42,2.15,59.41,2.04,49.65,3,3354,92.44,56.63,4.5,34.62,1956,8.47,0.42,40000,54000,72600,32600,210,278,349,139,336,24.3,18.8,12.7,285,15,1.57,73.5,53.69,78.16,90.25,242,247.91,223,228.45,91565,93801.2,378.4,247.9,78.28,86.52,3,1.12,0,4.12,14,14,83.7,44.4,2168.8,2.96,87,9162440,92.15,0,5.79,93862.1,11,11.27,32,32.78,217,222.3,305,312.45,118,120.88,1,315,322.69,57,58.39,578.8,5007.38
343,29,11000,2,328123,2.4,30.65,64.75,0.99,4.92,14.22,29.24,15.1,13.29,328123,100,18482,66.5,0.45,32.46,30.98,18.69,17.32,23887,10445,12025,7727,7533,10150,4915,5442,81601,25.62,12.42,32.71,16.05,11.58,51.28,16.18,31.37,16.9,23.38,11.35,43.67,14.3,12.96,3.07,49.18,47.75,55.85,51.55,51.28,60.14,26762,10.52,14741,14.14,18.49,24.04,28.08,0.64,0.83,1.08,1.26,87.64,1.91,5.41,3.18,2.33,2.57,2.15,47.48,2.14,45.13,3,15535,89.78,43.14,11.36,51.63,1939,9.08,0.52,32100,46700,68200,36100,194,255,327,133,352,31.8,17.9,14.2,284,5,4.49,76.12,55.86,89.84,94.33,1032,330.35,968,309.86,547674,175314.59,530.7,330.4,88.85,74.32,19.19,6.01,0,24.22,33,12,25.2,42.1,7798.2,13.43,239,93674080,93.8,5,3.2,299857.81,76,24.33,295,94.43,2898,927.67,2772,887.34,7597,2431.86,1,5519,1766.67,434,138.93,1933.77,8407.3
1219,7,59000,6,160728,2.73,14.83,69.93,5.94,15.54,18.71,34.52,20.6,11.91,160728,100,22147,70.69,0.64,33.3,27.42,16.33,13.6,28342,11838,13884,7728,7743,5782,6551,6750,34120,22.96,16.42,37.24,21.63,9.18,54.98,24.14,29.13,18.27,25.5,8.88,47.78,13.54,11.37,3.23,54.32,50.04,59.15,55.78,52.4,60.15,10047,9.23,31532,22.29,35.58,47.3,58.19,4.37,6.98,9.28,11.42,69.54,8.58,8.14,5.05,2.52,2.71,2.42,38.84,6.01,61.38,2,7889,88.19,36.15,7.61,34.39,1939,7.57,0.96,87300,113000,150000,62700,266,389,492,226,469,30.2,22.1,14.3,240,43,19.62,50.63,45.16,72.67,75.39,440,293.72,370,246.99,4.00E+05,267013.81,909.1,293.7,74.93,95,5,0,0,5,33,2,155.5,19.1,8403.8,7.61,190,16500000,84.09,10,7.5,110143.2,22,14.69,114,76.1,636,424.55,601,401.19,4240,2830.35,1,3116,2080.04,384,256.33,916.52,9460.97
1197,17,33012,6,61368,2.56,7.32,91.93,0.39,0.5,13.38,26.52,12.38,12.76,61368,100,22886,71.47,0.22,35.15,30.75,10.72,18.67,28117,11108,11552,5988,9164,8027,4461,5917,10179,16.84,12.14,33.44,9.9,7.94,54.73,23.37,20.11,19.64,18.48,12.24,24.67,16.13,14.36,3.07,67.6,63.91,75.26,70.47,59.47,64.81,1713,3.33,406,17.49,22.41,22.41,27.34,0.12,0.15,0.15,0.18,98.03,0.25,4.14,2.93,2.52,2.6,2.41,62.35,2.57,53.3,2,1370,94.6,60.5,10.36,44.01,1950,6.79,0.26,41400,53700,69300,27900,222,286,346,124,363,27.9,18.1,12.4,73,0,0.66,72.06,53.36,88.64,93.67,105,161.05,90,138.04,64812,99408,617.3,161,96.76,90.65,5.61,1.87,0,7.48,20,6,122.8,20.7,2966.4,1.53,36,7375477,85.71,0,19.05,113124.3,6,9.2,81,124.24,246,377.31,601,921.81,1152,1766.93,1,398,610.45,49,75.16,1432.56,6883.65
553,31,57000,3,140891,3.21,36.01,41.15,1.44,40.96,16.36,31.29,15.64,8.77,140891,100,26960,78.86,0.42,24.39,24.22,13.05,11.16,30145,10518,12273,9901,8640,10680,8160,8362,25677,18.54,22.45,45.12,8.71,11.04,59.88,29.5,19.19,28.8,14.08,10.4,42.05,14.73,12.67,3.63,55.05,47.23,66.38,56.74,61.01,67.56,14804,13.92,35355,16.58,28.56,40.54,53,4.16,7.17,10.17,13.3,50.16,14.47,14.25,10.68,3.14,3.36,3.03,36,14.33,65.12,2,2192,95.25,33.62,5.75,38.05,1948,11.33,1.17,100100,138700,170300,70200,324,444,554,230,524,28.4,24.2,18.1,252,94,25.09,46.96,54.62,86.17,89.55,352,253.22,314,225.89,109422,78716.9,310.9,253.2,67.85,73.01,14.77,11.65,0.28,26.7,36,11,71,8.7,16110.7,10.55,111,13726580,89.2,0,10.23,98747.4,23,16.55,78,56.11,1089,783.41,994,715.07,3260,2345.21,0,1823,1311.44,113,81.29,1571.14,6672.33
1783,510,1000,9,111183,2.09,21.89,69.07,4.17,9.69,8.3,30.47,12.81,9.02,111183,100,41472,86.8,0.58,50.03,13.5,3.06,13.91,50812,25509,30740,13798,22573,16351,10647,12435,7732,7.09,6,13.09,48.55,3.5,76.42,4.36,28.44,5.46,47.71,12.82,42.34,15.93,14.47,2.83,65.23,60.72,77.59,61.34,69.69,76.46,4158,7.23,17998,27.26,41.56,55.32,66.07,4.41,6.73,8.96,10.69,81.13,4.98,4.71,2.22,2.04,2.09,2.01,41.45,5,71.17,2,4972,91.46,40.48,0.58,10.12,1963,2.21,0.34,161400,228600,327700,166300,570,667,825,255,701,25.4,22.2,12,381,2,16.19,22.05,36.8,54.42,66.59,257,225.41,225,197.34,78100,68499.8,303.9,225.4,83.86,84.44,12.06,1.56,1.17,14.79,26,9,219.6,15.8,7028,18.15,134,21941084,87.55,0,10.12,192440.3,9,7.89,33,28.94,376,329.78,334,292.94,921,807.79,1,969,849.89,31,27.19,659.56,6668.42
369,1,33620,2,58441,2.63,2.13,93.26,3.49,4.42,11.18,22.08,10.5,14.2,50576,86.54,65072,80.52,1.14,66.96,28.24,2.38,17.19,80558,46070,47531,12000,354,35788,9591,21643,1743,3.02,4.43,11.26,48.97,3.8,61.99,11,27.4,4.54,45.91,6.28,28.94,8.98,7.73,3.05,84.46,83.61,96.11,84,39.2,51,425,1.03,10199,26.59,32.92,39.65,45.32,4.64,5.75,6.92,7.91,82.25,2.6,4.45,3.2,2.6,2.76,2.26,72.03,1.34,32.15,3,1323,94.37,67.81,0.83,45.05,1952,0.98,0.33,349200,500001,500001,150801,577,875,1001,424,951,24.8,20.6,13.2,75,3,17.45,31.27,59.84,78.39,79.03,158,266.31,140,235.97,38325,64597.4,242.6,266.3,87.93,85.23,3.98,0.57,0,4.55,2,4,91.8,49.6,1178.4,15.77,36,9566593,88.61,0,1.27,161246.5,1,1.69,0,0,18,30.34,12,20.23,189,318.56,0,141,237.66,6,10.11,52.25,2326.01
390,13,47500,2,37729,2.6,31,65.5,2.27,3.31,11.66,24.26,11.46,12.82,37729,100,52442,81.59,0.79,54.17,27.42,3.42,15.01,65842,28940,35800,15315,14554,29142,12375,16000,2223,6.03,4.26,13.03,49.32,5.41,67.38,11.44,34.44,6.51,47.81,8.2,35.32,12.41,10.52,3.11,73.15,71.24,89.87,73.25,70.25,74.62,990,4.1,4179,14.17,24.19,33.05,39.34,1.57,2.68,3.66,4.36,89,0.77,5.91,3.88,2.52,2.92,2.02,64.67,2.05,45.86,3,551,96.34,55.85,3.63,43.92,1939,1.02,0.27,208200,271700,371800,163600,525,670,859,334,741,26.6,23.1,17.6,20,3,11.08,46.31,57.71,79.98,86.97,98,255.89,94,245.45,35000,91391,357.1,255.9,84.89,80.61,19.39,0,0,19.39,4,4,142.9,6.5,5776.7,19.72,24,4288914,95.92,0,4.08,111990.9,0,0,7,18.28,70,182.78,118,308.12,588,1535.37,1,432,1128.03,5,13.06,509.18,6256.36
822,17,11000,4,95802,2.43,13.5,75.28,8.44,6.79,16.46,37.35,21.42,9.16,95802,100,33140,80.86,0.71,52.67,17.64,6.43,10.2,39990,19879,22936,10552,12483,11408,8129,10499,8794,10.7,7.09,15.65,54.17,5.15,64.75,9.69,51.36,6.03,46.98,7.59,57,11.31,9.51,2.9,63.59,60.94,78.17,61.21,62.62,71.3,2504,5.54,21350,25.41,35.92,47.21,55.56,5.66,8.01,10.52,12.38,73.84,4.21,4.33,2.06,2.08,2.27,1.99,33.22,4.15,72.41,2,2574,93.87,30.35,3.65,38.54,1939,1.53,0.41,184000,263800,440800,256800,319,483,689,370,538,24.3,21.3,13.8,252,33,22.29,39.59,42.92,62.42,69.9,271,288.76,231,246.14,101658,108319.7,375.1,288.8,89.52,82.29,16.97,0.74,0,17.71,11,9,135.3,6.7,14370.9,24.42,48,18152850,85.24,5,4.06,193424.09,2,2.13,27,28.77,253,269.58,643,685.14,929,989.88,1,968,1031.43,21,22.38,985.62,5843.37
293,7,54640,2,72644,2.45,3.59,89.25,0.65,7.17,12.3,27.25,12.76,14.64,72644,100,26541,75.26,0.38,36.94,31.21,8.73,15.54,33679,12865,13432,8317,9445,7873,8015,8388,7632,10.59,16.58,38.37,13.06,7.98,63.08,34.24,18.49,24.48,18.51,9.85,32.3,12.85,11.47,3.06,68.65,66.06,75.72,74.32,66.15,75.63,1923,3.56,12868,11.7,20.31,27.7,34.73,2.07,3.6,4.91,6.15,71.6,7.46,4.17,2.73,2.42,2.67,2.22,50.5,2.86,57.32,2,1904,93.98,45.84,3.52,38.08,1941,5,0.77,93100,112500,132700,39600,263,374,460,197,437,25.8,22.7,14.4,8,1,17.71,63.63,58.07,88.05,89.06,145,211.63,135,197.03,75000,109461.9,517.2,211.6,89.94,99.31,0.69,0,0,0.69,16,8,69,9.1,8027,3.18,75,5500000,93.1,5,11.03,80272,2,2.92,29,42.33,117,170.76,166,242.28,1227,1790.8,0,768,1120.89,14,20.43,458.28,5702.23
1531,17,72600,7,57878,2.79,3.07,91.37,3.55,5.6,17.73,36.43,21.69,11.54,57878,100,38514,81.64,0.62,47.45,24.46,5.3,15.31,45730,16777,17271,11180,11556,13502,8680,10432,3288,6.51,8.94,21.02,26.48,6.05,64.88,19.54,29.09,10.02,30.37,7,49.06,8.91,7.99,3.08,75.53,72.88,86.3,82.08,63.88,72.67,696,2.06,8758,16.85,26.72,33.76,40.71,2.55,4.04,5.11,6.16,81.28,3.12,5.25,3.23,2.42,2.81,2.1,53.22,2.76,57.72,2,995,95.42,45.94,2.21,27.94,1950,1.69,0.59,165600,191100,230700,65100,482,633,800,318,707,25.3,21,13,74,3,15.13,63.39,51.87,75.43,83.34,143,259.58,130,235.98,32989,59882,230.7,259.6,95.85,94.41,4.2,1.4,0,4.9,3,9,74.3,13.2,4399.8,5.88,34,7358580,90.91,0,2.1,133573.8,0,0,10,18.15,24,43.57,217,393.9,450,816.85,0,176,319.48,0,0,455.62,3165.73
285,5,49960,2,28227,2.52,8.08,88.65,1.41,2.8,15.96,33.02,18.56,11.59,28227,100,30534,76.45,0.83,46.51,24.97,9.15,20.36,37427,16358,17118,10426,11969,10783,7817,9853,3228,12.47,5.93,15.88,32.16,5.96,65.27,7.95,28.65,5.71,31.79,9.91,42.44,14.25,12.17,3,64.32,62.75,66.67,61.27,49.97,63.93,873,4.64,1473,20.37,25.12,31.64,37.14,1.06,1.31,1.65,1.94,92.04,0.93,4.5,2.56,2.31,2.41,2.24,43.35,1.45,52.94,2,1898,85.5,41.6,0.95,37.09,1939,3.64,0.25,121100,155000,199000,77900,355,525,668,313,593,27.7,24.4,15.5,41,0,5.22,44.17,41.9,65.93,69.73,91,378.47,83,345.2,49500,205872.59,544,378.5,96.34,92.31,6.59,1.1,0,7.69,7,6,169.2,8.2,3432.9,2.08,21,3692047,91.21,0,7.69,153553.8,1,4.16,16,66.54,49,203.79,219,910.83,499,2075.36,1,84,349.36,43,178.84,1185.33,8754.78
1791,3,61000,9,369879,2.41,25.78,72.13,1.61,0.94,14.56,28.47,16.03,16.14,369879,100,20747,67.59,0.31,39.11,34.54,13.75,18.81,27484,12580,14540,7311,12732,10506,6805,10784,75172,21.42,9.03,27.55,20.12,9.07,50.78,8.49,36.01,10.31,28.24,10.55,42.61,12.59,11.66,3,55.81,52.24,62.44,59.45,51.35,60.59,21464,7.78,16946,21.56,28.9,34.34,37.55,0.99,1.32,1.57,1.72,91.54,0.95,4.68,2.74,2.27,2.52,2.01,57.85,1.95,54.95,2,16676,90.2,52.25,13.33,51.04,1939,2.92,0.58,28400,41200,58500,30100,195,298,395,200,368,28.7,19.2,14.3,693,67,4.58,80.11,60.22,87.29,92.38,232,65.39,228,64.27,9596,2704.8,41.4,65.4,79.46,92.67,7.33,0,0,7.33,20,10,285.9,57.6,6417.5,22.57,115,10175260,98.28,0,8.62,28680.5,80,22.55,226,63.7,2784,784.71,1389,391.51,4611,1299.68,1,6506,1833.81,335,94.42,1262.47,6896.95
707,55,63000,4,231636,2.47,31.53,61.09,1.76,8.66,13.87,31.43,15.28,10.4,231636,100,22785,72.54,0.33,34.45,24.83,16.52,14.6,27675,11704,14210,8073,9619,7261,5648,5967,52237,23.5,11.03,31.21,18.99,8.8,57.84,24.75,29.63,16.58,24.85,13.21,45.78,16.76,15.12,3.14,46.1,42.05,49.89,46.18,56.1,63.2,23779,14.34,14423,14.87,21.55,29.58,38.06,0.93,1.34,1.84,2.37,85.82,2.55,6.99,3.94,2.37,2.61,2.18,48.42,2.93,53.97,2,7547,92.54,44,9.51,32.68,1939,7.79,0.53,53600,65200,75500,21900,307,377,444,137,442,32.3,22.1,15.7,294,1,6.23,69.01,45.53,85.12,91.51,628,272.16,556,240.95,453696,196618.8,722.4,272.2,82.43,77.71,13.22,7.32,0.8,20.54,34,7,230.5,37.1,6248.1,10.77,285,54179436,88.54,10,5.41,234798.09,64,27.74,159,68.91,1638,709.86,843,365.33,6340,2747.57,1,2954,1280.18,348,150.81,1171.84,10038.61
54,95,77000,1,332943,2.54,19.7,76.96,1.05,3.97,14.78,28.65,14.52,12.25,332943,100,24819,71.86,0.36,36.37,28.93,12.29,18.44,30980,11894,13077,7722,9450,12415,7272,7817,62426,19.09,8.57,26.84,14.06,9.92,55.56,19.58,26.72,18.52,22.88,11.86,34.15,15.15,13.62,3.13,62.64,58.92,68.72,65.53,57.77,66.3,15969,6,9263,19.16,27.39,32.16,37.1,0.53,0.76,0.89,1.03,93.15,0.8,5.59,3.65,2.5,2.64,2.28,64.11,1.95,47.33,3,11242,92.09,60.65,13.37,48.67,1951,5.49,0.34,33800,48900,68500,34700,210,286,365,155,378,27.2,17,13.9,260,12,2.78,76.14,56.77,88,93.19,683,210.82,551,170.08,351211,108407.8,514.2,210.8,97.91,78.77,16.98,4.1,0,21.08,30,12,89.3,83.5,3988.5,3,222,41348280,80.67,5,4.39,127629.2,45,13.89,357,110.19,1594,492.02,1195,368.86,5502,1698.29,1,4517,1394.26,357,110.19,984.96,7910.25
1213,13,51000,6,275221,3.01,58.46,28.62,1.19,26.07,16.79,31.88,16.08,8.51,275221,100,21650,71.27,0.3,17.88,24.5,22.23,10.53,25816,9424,11412,8870,8021,11532,7104,7853,70702,26.34,21.97,48.79,8.55,14.71,51.51,20.62,22.28,26.45,14.14,11.84,47.63,15.92,14,3.55,43.2,34.59,48.41,44.71,53.87,59.85,42040,20,51423,16.95,29.15,39.29,51.21,3.17,5.45,7.34,9.57,63.25,11.03,13.13,9.07,2.91,3.4,2.76,26.97,13.62,69.58,2,10921,89.34,23.06,11.05,42.99,1949,15,2.08,77300,110000,148700,71400,252,385,494,242,445,26.9,24.4,15.2,1974,842,18.68,50.58,56.99,87.66,90.84,142,54.57,130,49.96,40000,15370.9,281.7,54.6,42.71,85.92,11.27,2.82,0,14.08,0,5,253.5,24.7,11153.6,24.89,35,11568702,91.55,0,0,44455.3,96,36.89,257,98.76,5892,2264.13,3977,1528.25,6879,2643.41,1,10993,4224.31,184,70.71,3928.03,10942.54
674,119,81677,4,48718,2.51,19.03,73.65,3.07,14.16,10.76,24.85,11.54,13.51,48718,100,44004,80.23,0.51,54.79,27.89,4.71,14.66,56684,24330,27864,13741,14630,21738,10654,11419,3645,7.68,7.88,19.69,37.48,5.02,64.7,8.84,32.52,5.95,40.1,8.16,36.51,11.95,10.22,3.05,73.04,67.53,86.67,69.74,58.18,69.55,2181,6.71,10313,18.29,28.91,36.3,44.77,3.87,6.12,7.69,9.48,76.13,5.04,6.36,4.03,2.39,2.56,2.21,55.26,6.12,61.1,2,1282,93.81,51.63,0.94,36.19,1950,2.28,0.44,239300,296000,390400,151100,386,545,777,391,589,25.9,20.9,13.9,539,3,21.17,59.62,60.63,82.48,90.09,200,402.58,176,354.27,47951,96519.7,239.8,402.6,86.15,87.5,8.5,4,0,12.5,2,9,107.2,10.2,4794.1,18.8,56,12450292,88,0,1,250609.7,0,0,7,14.09,84,169.08,91,183.17,205,412.64,1,278,559.58,4,8.05,366.34,5410.63
2097,810,82000,10,393069,2.9,13.91,80.5,4.33,3.09,14.92,32.58,15.46,5.44,389533,99.1,36271,89.64,0.5,40.64,14.03,3.04,16.87,39112,15242,16327,10726,12323,10821,10468,11025,22307,5.86,3.06,12.03,25.5,3.86,73.79,8.46,23.41,8.63,30.35,8.83,30.06,12.61,10.69,3.21,81.23,78.47,88.85,81.03,60.67,68.95,5599,2.35,20517,12.41,20.06,29.47,36.54,0.65,1.05,1.54,1.91,92.07,0.73,4.8,3.65,2.82,2.9,2.67,64.46,2.48,33.3,3,11471,92.2,62.49,0.68,28.06,1978,2.5,0.31,78800,96500,134000,55200,420,484,556,136,577,27,24.9,12.2,297,0,5.22,35.64,35.82,59.94,70.96,597,136.94,546,125.24,845915,194035.41,1416.9,136.9,91.22,88.78,8.04,1.51,1.17,10.72,47,9,109.1,257.3,1527.9,0.75,366,35618344,91.46,10,7.87,81701.1,22,5.05,181,41.52,631,144.74,414,94.96,3261,748.01,0,1195,274.11,200,45.88,286.27,4465.56
1121,1,73070,6,108056,2.58,17.78,76.28,2.6,9.77,10.46,26,11.55,11.86,108056,100,49787,82.57,0.58,54.11,24.22,5.43,14.57,57360,27092,30975,13309,14211,29924,10707,13109,6728,6.29,7.21,18.81,35.13,5.08,67.95,17.99,21.6,7.97,37.24,7.96,35.01,11.56,9.86,3.08,72.41,67.92,79.89,75.16,59.38,68.27,4551,6.42,20075,17.41,27.21,35.38,42.52,3.24,5.06,6.57,7.9,77.07,3.87,5.87,3.99,2.54,2.65,2.39,60.42,4.91,53.06,2,2334,94.73,57.87,1.37,27.98,1961,1.67,0.47,225600,295700,414000,188400,483,716,931,448,794,26.5,22.8,14.7,132,18,18.58,41.96,54.75,80.59,81.75,299,278.92,242,225.75,87960,82053,294.2,278.9,87.65,88.29,4.01,7.36,0,11.37,13,8,66,39.1,2765.1,11.33,114,14848223,80.94,0,4.35,138510.8,8,7.46,22,20.52,270,251.87,237,221.08,1105,1030.79,0,727,678.18,31,28.92,500.94,5005.64
1031,31,77840,5,47025,2.98,1.06,95,3.12,3.08,14.01,25.19,13.66,11.48,47025,100,59290,85.9,0.71,63.26,25.74,2.29,14.92,64933,25131,25340,12024,7181,26974,9908,16906,1027,2.28,5.87,14.66,35.8,3.91,66.45,19.47,23.57,7.47,38.33,4.63,29.94,6.88,5.81,3.2,89.41,87.54,94.41,86.12,46.95,62.85,178,0.54,5068,7.2,13.3,17.88,23.13,0.78,1.43,1.93,2.49,84.97,1.48,4.46,3.64,2.86,3,2.1,88.48,0.86,25.64,3,549,96.63,84.34,2.73,45.36,1962,0.34,0.21,191200,242200,301200,110000,511,693,872,361,738,26.9,23.1,13.7,0,0,10.78,63.4,64.92,81.74,93.56,100,202.48,94,190.33,38849,78660.8,388.5,202.5,96,99,0,1,0,1,5,12,25,24.7,1905.3,4.11,36,5008196,94,0,5,101405.1,1,2.02,9,18.22,16,32.4,36,72.89,227,459.63,1,464,939.5,5,10.12,125.54,5088.28
2086,79,85300,10,63221,2.36,0.3,98.23,0.63,1.45,10.49,25.52,10.88,15.88,63221,100,29622,74.04,0.31,55.23,33.31,5.35,21.36,36085,13978,14082,4412,8196,10278,11276,9738,3258,5.25,7.3,20.84,12.36,4.01,64,23.12,21.36,16.66,20.58,9.69,28.96,11.56,10.69,2.96,75.37,75.27,86.42,77.01,69.84,76.85,788,1.63,1785,4.65,10.25,12.16,13.33,0.13,0.29,0.34,0.38,94.54,0.52,3.21,2.05,2.32,2.61,1.89,66.92,1.26,55.44,2,705,97.44,59.4,0.43,29.79,1951,1.12,0.47,53500,63100,73200,19700,323,391,465,142,446,23.5,21.6,14.9,0,0,2.82,84.64,58.44,88.83,96.2,130,210.52,124,200.8,47000,76109.7,361.5,210.5,98.86,98.46,0,0,0.77,0.77,13,14,38.5,11.7,5385.8,4.14,34,8050000,95.38,0,10,130358,2,3.24,8,12.95,78,126.31,58,93.92,423,684.99,0,265,429.13,42,68.01,236.43,4516.38
2055,11,50260,10,79662,2.57,1.62,95.15,1.93,3.02,12.12,28.51,12.71,9.14,79662,100,40505,84.8,1.18,50.24,20.88,4.16,12.92,46614,18010,18199,15181,11961,17049,9018,10798,5135,6.53,6.63,17.31,28.84,6.03,70.46,31.4,18.82,11.91,32.41,9.25,31.11,12.01,10.67,3.08,79.44,77.34,84.97,79.64,62.87,72.21,985,1.82,5573,18.27,25.46,32.08,40.66,1.28,1.78,2.24,2.84,84.94,1.75,3.68,2.49,2.53,2.74,2.25,62.46,1.59,51.12,2,2332,93.01,57.71,0.73,25.51,1969,3.73,0.3,116000,138800,166100,50100,440,574,686,246,645,26,23.2,14.8,26,2,7,37.01,47.72,71.02,73.34,158,196.43,137,170.32,61132,76001.7,386.9,196.4,97.05,98.1,0.63,1.27,0,1.9,8,6,159.7,32,2486.9,1.16,35,9732848,86.71,10,5.06,121002.6,3,3.73,26,32.32,13,16.16,26,32.32,380,472.43,0,266,330.7,35,43.51,84.54,3252.32
55,101,60000,1,1585577,2.63,39.86,53.52,2.74,5.63,13.92,28.02,14.12,13.74,1585577,100,24603,70.12,0.35,32.15,31.63,13.98,18.2,30140,12091,15027,9061,10146,8285,5083,6053,313374,20.27,11.29,35.69,15.22,9.62,52.77,13.58,29.55,14.13,24.81,10.62,42.11,14.12,12.53,3.26,53.45,47.22,62.33,56.66,54.09,62.23,138864,11.53,104814,16.38,24.3,33.12,42.58,1.08,1.61,2.19,2.81,86.31,2.63,8.48,5.42,2.56,2.75,2.25,66.55,4.69,42.28,3,71824,89.36,61.95,21.96,59.26,1939,4.25,0.88,27900,49400,77100,49200,252,358,483,231,452,29.8,19.3,14.8,3416,1069,6.61,73.58,64.33,88.86,92.65,6523,426.38,6519,426.12,5480855,358261.41,840.2,426.4,79.54,73.48,23.18,2.84,0,25.95,273,14,39.9,140,11326,29.31,822,287578496,99.94,0,4.19,187978.5,439,28.7,785,51.31,11531,753.74,6821,445.86,15117,988.14,0,23785,1554.73,2282,149.17,1279.6,5253.14
1615,17,37875,8,53884,2.46,4.18,89.39,5.22,2.63,10.98,28.76,13.19,13.53,53884,100,34344,77,0.57,42.44,29.64,6.55,16.26,42099,15820,16225,13687,10648,11503,9327,12752,4029,7.55,7.2,22.12,20.12,7.65,64.52,13.93,24.7,11.79,28.64,7.34,38.7,10.7,9.14,3.11,72.56,70.83,84.53,77.18,61.8,67.69,1236,3.43,7316,19.41,28.7,38.97,49.51,2.64,3.9,5.29,6.72,83.65,3.04,5.15,3.19,2.43,2.85,2.1,50.86,2.59,60.99,2,1296,94.42,43.25,2.08,26.16,1939,1.61,0.26,139100,162900,187900,48800,393,575,711,318,651,26.7,22.1,14.7,128,4,13.58,74.16,57.97,81.99,91.11,117,224.63,111,213.11,21900,42046.7,187.2,224.6,91.1,98.29,1.71,0,0,1.71,4,2,128.2,5.3,10219.2,24.37,24,3888267,94.87,0,3.42,74652.3,2,3.84,12,23.04,76,145.92,372,714.22,453,869.73,0,393,754.54,0,0,887.01,3202.46
1483,9,80070,7,108961,2.52,12.97,79.55,0.72,13.38,12.46,27.7,12.94,14.74,108961,100,30533,74.28,0.5,40.34,31.57,9.95,18.37,37942,14209,15550,9765,11210,12159,7001,7761,12922,12.09,15.26,33.18,14.11,7.77,59.92,27.06,22.88,18.48,22.31,9.79,34.44,12.71,11.36,3.1,64.25,59.5,71.13,69.69,54.74,66.16,5432,6.61,9461,4.97,9.9,16.61,21.53,0.43,0.86,1.44,1.87,76.38,4.39,5.13,3.43,2.48,2.65,2.31,52.41,3.31,58.77,2,4041,91.44,49.02,7,36.35,1953,5.26,0.5,107000,131800,155700,48700,286,404,505,219,492,26.8,23.2,13.9,98,7,8.68,66.6,55.75,85.71,91.74,315,304.28,285,275.3,94000,90801.1,298.4,304.3,98.6,80.95,6.03,13.02,0,19.05,28,6,98.4,29.6,3682.4,3.18,86,20654224,90.48,0,8.89,199513.41,20,19.32,39,37.67,288,278.2,239,230.87,1815,1753.23,1,1377,1330.14,12,11.59,566.06,7883.27
531,23,19000,3,43548,2.92,2.23,88.14,9.06,2.86,13.54,25.63,12.2,8.2,43548,100,58769,87.61,0.45,60.97,20.27,2.69,15.05,64076,24467,25146,22207,20160,18839,15212,21944,987,2.27,4.17,11.99,40.94,3.86,70.02,17.06,28.05,7.58,41.88,4.55,28.36,7.2,5.9,3.26,89.38,87.69,96.75,86.79,55,67.74,166,0.57,6093,11.88,19.37,29.26,36.89,1.66,2.71,4.09,5.16,81.48,2.02,4.34,3.59,2.92,3.03,2.31,87.6,1.48,32.03,3,474,96.92,84.3,1.05,36.92,1968,0.23,0.41,147700,190400,242200,94500,604,684,872,268,731,25.9,22.5,14.1,7,0,13.99,46.97,62.42,78.8,85.19,91,200.56,82,180.72,20600,45401.5,226.4,200.6,72.23,69.05,1.59,1.59,0,3.17,2,10,1.1,22.8,1910.5,10,56,4682670,90.11,0,2.2,103203.9,0,0,11,24.24,18,39.67,40,88.16,213,469.44,0,101,222.6,7,15.43,152.07,3321.36
2207,9,82870,10,54021,2.54,12.43,84.12,2.03,3.57,11.86,27.72,13.18,13.39,54021,100,35723,81.36,0.65,40.72,28.21,4.89,16.83,41907,15810,16291,13643,14383,11474,11614,12975,3190,6.06,8.49,25.52,17.18,5.45,65.53,18.23,23.03,13.64,23.77,9.31,34.47,12.38,10.93,3.05,71.24,68.64,81.27,75.22,59.63,71.91,1311,3.55,4521,13.03,20.48,31.3,39.68,1.09,1.71,2.62,3.32,86.98,1.63,4.24,2.8,2.48,2.73,2.15,61.78,2.49,57.29,2,1395,93.85,56.06,0.86,24.44,1958,1.91,0.28,126300,147000,170700,44400,437,534,622,185,621,26.4,23.6,15,64,0,8.37,70.31,59.11,86.26,91.48,106,200.58,103,194.9,38789,73397.3,365.9,200.6,89.78,94.34,4.72,0.94,0,5.66,6,4,25.7,11.2,4812.3,3.35,35,6025642,97.17,0,5.66,114018.4,0,0,5,9.46,66,124.89,80,151.38,521,985.85,0,467,883.67,10,18.92,285.73,5144.94
1127,1,56060,6,78331,2.56,15.48,79.29,1.65,9.37,10.6,26.36,11.59,11.33,78331,100,48171,83.88,0.79,52.92,22.54,4.34,12.42,55269,23075,25187,14662,8778,20087,13765,14757,4034,5.2,7.84,20.48,29.54,4.69,70.65,20.24,21.83,10.3,33.63,8.5,33.93,11.91,10.29,3.08,74.35,69.28,83.76,74.64,61.28,70.14,2357,4.63,10421,10.97,21.15,29.89,37.59,1.46,2.81,3.98,5,80.42,3.65,5.3,3.6,2.53,2.67,2.31,65.33,3.81,49.62,3,1664,94.84,61.98,3.79,37.8,1958,1.49,0.39,196000,241300,309900,113900,471,647,860,389,738,26.6,23.7,15.4,121,7,13.3,48.28,58.49,86.1,87.52,164,208.36,149,189.3,146178,185717.2,891.3,208.4,98.8,79.88,12.8,6.1,0.61,19.51,20,5,7.9,23.6,3315.6,8.17,60,9267109,90.85,0,12.2,117737.4,9,11.43,10,12.7,188,238.85,118,149.92,840,1067.21,0,552,701.31,13,16.52,412.91,4981.58
1795,31,13690,9,71742,2.47,1.4,92.76,3.5,6.8,10.56,23.01,10.97,18.96,71742,100,39905,75.39,0.62,53.95,37.02,3.23,20.22,48033,18950,19241,13412,8078,17846,12612,13044,3327,4.7,12.35,27.14,20.43,4.71,62.31,23.42,19.55,13.37,26.96,6.72,30.42,8.98,7.93,3,81.63,80.21,89.64,83.87,57.55,69.63,570,1.16,13659,10.68,16.65,25.51,32.02,2.03,3.17,4.86,6.1,71.84,3.97,3.93,2.71,2.44,2.65,2.11,66.1,2.13,51.65,2,958,96.81,60.81,0.42,41.54,1947,1.54,0.19,159600,185000,223700,64100,387,537,674,287,613,24,23.4,14.3,2,0,19.04,63.44,67.63,84.15,93.35,142,190.9,127,170.73,116500,156615.5,820.4,190.9,94.17,98.59,0,1.41,0,1.41,14,7,19.7,11.7,6124.7,5.66,64,6969433,89.44,0,9.86,93692.8,0,0,8,10.75,72,96.79,73,98.14,438,588.82,0,450,604.95,5,6.72,205.68,3085.26
529,3,74300,3,85427,2.55,0.79,97.97,0.83,0.99,12.1,24.16,11.21,15.12,85427,100,35786,77.18,0.36,48.16,32.68,5.3,20.85,42120,16371,16393,13614,11080,18571,10244,15803,4078,4.84,6.04,22.18,21.26,5.44,63.59,19.95,23.88,12.08,27.59,7.91,28.01,10.64,9.37,3.08,81.43,79.06,91.95,76.32,64.43,72.52,768,1.18,3610,4.6,7.92,10.53,14.24,0.19,0.33,0.44,0.6,93.52,0.67,3.67,2.57,2.52,2.73,1.91,80.58,1.06,44.43,3,1704,95.15,74.41,2.23,36.85,1958,0.95,0.3,96900,116600,142700,45800,324,511,629,305,570,27.3,22.7,14.1,0,0,4.23,75.27,65.58,82.04,93.2,168,196.01,166,193.67,83631,97573.2,497.8,196,98.57,99.4,0.6,0,0,0.6,6,12,59.5,36.8,2322.5,1.76,68,11102485,98.81,0,3.57,129534,3,3.5,17,19.83,35,40.83,308,359.35,517,603.19,0,636,742.03,48,56,423.52,4252.66
1046,77,2000,5,105090,2.46,4.98,86.17,1.35,11.68,12.67,27.39,13.52,15.05,105090,100,25983,72.34,0.36,42.89,33.13,8.55,19.62,31972,12822,13778,8390,6560,7977,5656,6019,12999,12.86,11.62,30.56,15.27,6.26,59.22,22.34,23.29,18.83,21.1,10.68,34.2,13.27,12.07,3,65.5,61.24,70.66,68.72,56.38,67.79,4601,6.05,6088,18.43,26.76,33.89,42.77,1.07,1.55,1.96,2.48,82.77,3.74,4.66,2.93,2.36,2.56,2.1,61.46,2.98,47.4,3,2861,93.73,56.65,3.46,31.6,1945,3.54,0.55,58300,76600,98000,39700,279,377,453,174,434,27.1,21.8,13.5,100,11,5.79,73.46,54.68,80.93,88.87,186,176.28,175,165.86,95000,90036.3,510.8,176.3,99.07,84.95,5.91,9.14,0,15.05,13,6,77.7,18.4,5726.9,3.47,58,7236567,94.09,0,6.99,68584.6,6,5.69,42,39.81,324,307.07,347,328.87,1682,1594.12,1,448,424.59,42,39.81,681.43,6474.08
1324,13,79800,6,39103,2.64,5.73,87.64,5.58,4.42,10.33,22.36,10.39,16.38,39103,100,49777,78.55,0.72,55.76,31.68,3.47,16.47,59056,25537,26585,21118,12323,16195,15943,12753,1590,4.14,6.64,16.83,37.7,4.03,63.27,12.21,27.47,6.51,38.25,5.23,30.23,8.4,6.95,3.11,84.59,82.47,94.86,81.93,55.1,65.83,330,1.16,6245,12.47,19.66,27,34.88,1.99,3.14,4.31,5.57,80.97,3.45,4.72,3.39,2.59,2.81,2.09,74.83,1.86,37.99,3,435,97.15,68.89,1.38,44.6,1953,0.51,0.19,166400,202800,256900,90500,450,619,755,305,693,27.6,22.7,14.7,25,0,15.97,60.57,65.23,83.34,90.11,95,239.37,89,224.25,30411,76625.2,320.1,239.4,87.64,100,0,0,0,0,4,8,62.3,12.6,3115.4,7.75,30,6967389,93.68,10,4.21,175554,0,0,5,12.6,65,163.78,48,120.94,301,758.42,0,450,1133.84,1,2.52,297.32,3897.9
1716,17,36000,8,228537,2.77,29.69,48.25,11.36,24.24,13.95,30.31,14.41,10.02,228537,100,29054,76,0.39,30.64,23.5,12.15,12.14,32785,13060,16047,9935,15132,12720,8413,9117,42539,18.88,14.08,34.32,21.43,10.83,58.63,15.63,21.75,17.66,24.06,9.31,45.06,13.25,11.36,3.41,55.58,48.71,65.4,60.61,53.77,60.72,18010,11.07,56326,18.35,31.73,44.74,56.77,4.52,7.82,11.03,13.99,58.75,8.13,10.91,7.14,2.73,3.01,2.61,32.71,11.36,68.06,2,8342,90.8,29.62,9.39,39.85,1939,9.27,1.2,91800,127700,164400,72600,325,464,601,276,527,25.6,24.6,16,466,267,24.65,47.8,57.32,81.75,84.39,918,404.06,719,316.47,544460,239644.41,593.1,404.1,61.65,86.6,7.19,6.21,0,12.64,49,11,66.1,15.4,14826.6,37.29,277,55867940,78.32,0,5.34,245903,20,8.8,100,44.02,2500,1100.38,1964,864.46,4190,1844.23,0,3655,1608.75,59,25.97,2017.65,6265.54
1649,17,24925,8,64989,2.59,3.7,90.11,2.93,8.14,12.89,29.89,14.92,10.57,64972,100,42948,84.2,0.74,48.84,21.88,5.58,15.11,53270,20407,20915,15988,13493,23186,8226,10816,3663,5.96,5,13.9,36.38,6.42,68.32,18.29,27.63,7.24,38.21,7.99,36.48,11.03,9.62,3.03,76.83,75.16,82.84,75.26,66.86,74.38,1276,3,7604,20.67,31.69,41.23,46.7,2.42,3.71,4.82,5.46,83.72,3.32,3.6,2.35,2.44,2.76,2.08,60.65,2.61,48.76,3,1289,95.12,53.73,1.47,20.64,1962,2.03,0.49,157800,184700,232400,74600,415,626,757,342,695,25.7,21.4,13.6,92,0,11.7,62.45,55.47,78.51,87.73,108,160.28,100,148.41,61340,91034.6,568,160.3,78.1,73.72,3.65,0.73,0,3.65,6,6,94.8,26,2497.3,2.81,30,4780910,92.59,0,5.56,70953.4,0,0,29,43.04,36,53.43,594,881.55,457,678.23,0,234,347.28,4,5.94,978.02,3076.53
540,25,48000,3,191262,2.47,4.24,90.72,3.91,2.03,18.9,38,23.7,8.17,191262,100,29420,84.32,1.07,58.6,18.4,5.16,12.5,40799,15143,15901,7610,9527,7522,7571,9247,28640,16.05,3.84,9.38,41.98,3.52,68.16,9.57,37.44,7.88,35.31,7.72,47.42,10.81,9.32,2.92,73.9,72.82,82.43,73.97,71.37,78.05,2909,2.85,10906,35.2,47.14,57.09,66.02,2.01,2.69,3.26,3.76,91.47,1.04,2.98,1.9,2.3,2.6,2.04,52.94,2.98,54.57,2,2686,96.64,46.96,0.97,21.78,1962,1.74,0.43,61500,75200,97200,35700,338,430,530,192,472,28.3,20.7,13.2,209,5,5.7,63.1,38.27,68.18,82.66,301,153.45,232,118.27,109422,55783.2,363.5,153.4,96.98,91.03,5.98,2.99,0,8.97,21,9,169.5,59.8,3196.2,7.74,105,25907512,77.08,10,6.98,132076.09,2,1.02,99,50.47,316,161.1,214,109.1,1606,818.74,1,913,465.45,56,28.55,321.68,5118.88
830,510,4000,4,736014,2.66,59.21,39.1,1.08,1.03,13.23,27.66,13.55,12.39,736014,100,24045,73.02,0.28,27.35,28.9,16.45,16.78,28217,11994,16563,8991,7988,12820,10011,12075,156284,21.87,14.81,39.35,15.47,9.16,55.11,12.27,28.59,15.66,23.37,14.08,43.68,16.97,15.65,3.24,43.59,35.52,49.34,46.07,59.06,67.18,88370,15.29,23467,16.78,23.79,32.26,38.03,0.53,0.76,1.03,1.21,93.54,0.9,9.11,5.78,2.59,2.68,2.5,50.33,4.59,47.1,3,27222,91.04,48.62,16.56,48.96,1945,7.8,0.79,39900,54700,72300,32400,226,321,402,176,413,27.3,19.4,13.7,1144,387,3.19,72.02,57.99,87.23,93.3,2861,401.71,2547,357.62,1441279,202367.41,503.8,401.7,66.43,72.28,26.46,0.52,0.35,27.33,100,10,69.9,83.7,8791.5,22.19,605,167857600,89.02,0,3.5,235685.91,353,49.56,668,93.79,12376,1737.69,8548,1200.21,17901,2513.45,1,10623,1491.56,545,76.52,3081.26,9901.59
1300,1,8070,6,141686,2.71,26.6,58.54,2.32,26.5,14.06,29.69,14.3,12.13,141686,100,28704,73.85,0.41,32.76,28.61,13.24,16.51,33090,13156,15509,10612,9211,11321,7847,8442,23463,17.07,17.99,38.91,12.28,10.62,57.72,25.38,22.73,20.19,19.03,10.69,41.25,14.3,12.62,3.28,53.59,46.99,57.79,55.71,58.8,65.86,12723,12.01,20731,14.71,24.62,34.53,43.87,2.15,3.6,5.05,6.42,63.86,7.56,8.46,5.58,2.63,2.68,2.59,45.05,6.74,65.45,2,4896,91.44,44.15,13.77,46.18,1948,8.66,0.72,118500,145900,171000,52500,364,496,595,231,594,30.3,26.2,16.9,201,12,14.63,52.63,50.12,86.56,88.23,389,292.36,204,153.32,155006,116495.9,398.5,292.4,88.36,70.18,14.65,15.17,0,29.82,24,14,4.7,16.6,8545.4,6.39,105,20292584,52.44,0,6.17,152510.5,60,45.09,72,54.11,1560,1172.43,848,637.32,3653,2745.44,0,3586,2695.09,192,144.3,1908.96,8455.77
841,13,6260,4,45061,2.44,4.3,89.06,5,5.13,10.59,24.97,11.61,16.34,45061,100,39822,77.19,0.32,56.06,32.8,3.67,19.61,50419,18722,19056,13728,11575,18295,14856,13579,2549,5.72,8.61,22.13,25.36,5.57,63.87,18.39,25.41,9.28,29.97,6.73,33.58,9.51,8.24,3.07,80.71,78.64,91.64,77.13,57.11,67.42,403,1.36,5915,14.81,23.4,31.26,39.85,1.94,3.07,4.1,5.23,81.07,2.28,4.32,2.78,2.42,2.81,1.94,63.7,1.98,56.8,2,838,95.66,54.82,0.95,43.44,1941,0.72,0.32,147800,172500,199600,51800,427,541,661,234,600,24.3,24,16.3,0,1,13.13,67.79,65.19,84.28,91.32,105,229.57,94,205.52,47500,103854.6,452.4,229.6,92.87,96.19,2.86,0.95,0,3.81,0,8,52.4,5.5,8173.9,9.85,30,5328698,89.52,0,0,116507.4,0,0,3,6.56,96,209.9,72,157.42,449,981.7,0,602,1316.22,5,10.93,373.88,4309.42
711,17,37000,4,103439,2.79,2.39,81.07,11.11,10.15,15.34,32.56,16.73,10.69,103439,100,29351,75.39,0.43,33.27,26.31,14.64,14.28,35138,12701,14110,9497,9691,6619,5255,6311,17900,17.99,16.6,34.21,15.51,10.68,58.39,29.49,23.48,17.96,22.9,9.04,42.34,12.51,10.84,3.3,62.75,58.43,68.03,62.77,55.5,64.18,4164,5.62,16998,15.37,32.65,53,64.97,2.53,5.36,8.71,10.68,67.9,6.99,8.41,5.6,2.68,2.85,2.56,44.59,6.65,57.63,2,3283,91.85,41.89,3.08,27.72,1944,5.04,1,106500,131100,158000,51500,324,494,600,276,561,28.4,22.3,13.7,182,50,16.43,69.08,48.07,82.37,86.87,177,183.27,153,158.42,1.00E+05,103543.3,565,183.3,87.84,93.22,0.56,6.21,0,3.95,19,7,151.4,14.3,7247.1,2.95,24,9241061,86.44,0,10.73,95684.9,6,6.21,49,50.74,302,312.7,874,904.97,2244,2323.51,0,1961,2030.48,166,171.88,1274.62,7762.64
467,49,24000,3,108718,2.58,12.04,86.05,0.47,2.4,15.17,28.31,14.98,14.58,108718,100,22032,70.09,0.28,41.21,33.49,12.93,19.63,27725,10715,11267,7488,9415,7945,3893,4455,20192,19.3,8.74,27.67,13.99,8.85,54.82,24.06,26.67,18.55,22.11,11.19,35.65,13.01,12.17,3.13,62.32,58.68,64.79,65.73,55,64.13,4815,5.55,2517,7.91,10.57,13.19,18.12,0.18,0.24,0.31,0.42,92.32,1.18,5.85,3.81,2.47,2.63,2.27,60.21,2.13,44.9,3,3293,92.75,56.58,6.8,52.9,1941,5.63,0.51,32800,43300,56200,23400,172,231,293,121,314,26.6,17.6,13.5,223,0,2.32,81.05,57.84,89.57,94,192,176.83,172,158.41,95767,88201.9,498.8,176.8,91.78,94.27,5.21,0.52,0,5.73,8,9,21.5,22.8,4772.8,3.82,76,5925705,89.58,0,4.17,54576.1,7,6.45,59,54.34,426,392.35,345,317.75,999,920.08,0,377,347.22,63,58.02,770.88,4328.73
2200,5,23000,10,92703,2.49,1.03,97.17,1.33,1.7,13.45,27.7,13.93,16.06,92472,99.75,22452,68.03,0.24,31.43,34.55,15.73,17.42,28972,10966,11071,7851,10843,6669,5365,6761,13017,14.28,33.08,53.3,8.43,9.93,55.4,32.56,20.47,28.06,15.82,8.65,30.81,12.05,10.52,3.06,68.09,66.48,69.82,75.14,63.97,69.64,2366,3.25,19207,5.96,10.85,15.3,19.99,1.23,2.25,3.17,4.14,62.66,8.24,4,2.69,2.44,2.78,2.27,37.65,2.49,59.98,2,3072,92.39,32.97,2.02,36.65,1939,3.62,0.61,101200,127800,156100,54900,179,277,388,209,351,24.5,21.8,14.1,62,1,20.72,70.2,60.28,92.56,94.15,236,262.48,206,229.11,130000,144584.2,550.8,262.5,98.19,97.88,2.12,0,0,2.12,14,4,148.3,32.1,2884.7,1.96,70,9600000,87.29,0,5.93,106769.9,1,1.11,9,10.01,56,62.28,510,567.21,334,371.47,0,419,466.01,0,0,640.62,1623.79
1548,79,53000,7,628088,2.61,30.45,63.37,1.88,6.27,14.66,29.77,14.74,11.04,628088,100,23627,73.41,0.34,39.11,27.11,15.32,15.79,28292,11106,13645,6833,7448,6357,5668,6253,135583,22.22,9.81,28.5,14.83,8.88,58.32,22.24,24.82,18.94,21.31,11.53,41.21,14.72,13.25,3.21,52.28,47.51,56.66,53.19,58.1,65.79,57393,12.11,29667,15.64,21.18,28.38,36.89,0.74,1,1.34,1.74,89.06,1.88,7.89,4.98,2.53,2.69,2.41,47.45,4.39,56.2,2,13664,94.62,44.77,11.21,35.5,1949,5.49,0.8,41000,53500,66700,25700,265,342,424,159,418,28,20.6,14.2,512,54,4.72,68.96,50.45,85.91,91.28,1866,299.77,1525,244.99,324000,52051,173.6,299.8,79.55,82.53,11.79,4.39,0,16.08,44,12,220,99.4,6317.6,11.14,343,109734624,81.73,5,2.36,176289.91,157,25.22,424,68.12,4022,646.14,1411,226.68,8250,1325.37,1,10615,1705.31,512,82.25,966.16,7218.05
1277,7,19180,6,76060,2.59,2.42,95.08,1.77,2.01,11.26,24.23,11.85,16.87,76060,100,34528,74.33,0.64,49.37,35.27,6.39,19.61,41896,15922,16165,11458,7652,11421,9115,8496,4715,6.52,8.52,26.03,21.11,5.96,58.19,19.16,24.21,11.88,28.84,8.3,31.6,10.94,9.69,3.02,78.22,75.87,86.2,77.97,55.3,66.56,1114,2.08,5586,4.87,9.38,15.04,22.11,0.36,0.69,1.1,1.62,86.28,1.92,3.3,2.31,2.46,2.71,1.97,73.09,1.04,46.14,3,1167,96.18,66.36,0.94,32.56,1955,1.68,0.37,105800,129700,161000,55200,335,461,562,227,534,27.1,22.4,14.6,84,0,7.34,76.62,63,88.23,93.89,140,182.34,117,152.38,9580,12477.2,68.4,182.3,95.79,99.29,0.71,0,0,0.71,0,10,257.5,29.6,2569.9,2.62,85,6264352,83.57,0,0,81588.3,0,0,9,11.72,36,46.89,83,108.1,616,802.29,0,339,441.52,16,20.84,166.71,3413.65
2075,35,16000,10,505616,2.53,46.56,49.49,1.01,4.59,13.56,27.3,13.11,12.69,505616,100,17822,65,0.28,23.61,30.79,21.95,16.83,22448,9258,11161,7369,9015,7867,7305,6357,142217,28.67,12.53,41.24,8.06,14,47.78,23.12,23.61,22.65,16.4,14.82,39.67,17.9,16.49,3.21,47.21,41.5,51.6,49.78,48.14,55.61,50152,12.2,20975,10.92,16.64,22.39,27.98,0.45,0.69,0.93,1.16,88.89,1.98,7.77,4.85,2.48,2.65,2.32,51.24,2.89,54.91,2,24524,89.07,47.93,16.23,52.12,1939,8.97,0.75,30200,40900,53700,23500,161,237,306,145,322,29.3,19.3,13.6,589,105,4.15,67.87,59,92.11,94.64,1761,355.7,1472,297.33,1016537,205330.3,577.2,355.7,77.43,72.06,24.59,3.29,0.06,27.94,59,9,88.3,79.8,6336.3,14.25,550,99470664,83.59,5,3.35,200920.8,167,33.73,834,168.46,4297,867.95,3012,608.39,8031,1622.18,0,10170,2054.24,656,132.51,1678.54,6534.58
720,7,10000,4,87492,3.29,56.42,19,1.32,31.17,17.6,31.78,15.89,7.72,87492,100,17386,69.28,0.09,12.29,24.94,26.92,12.29,18874,7276,9803,6965,66423,6441,5173,6003,30588,36.56,20.02,50.33,6.44,16.3,46.1,19.29,27.65,24,13.89,13.69,51.26,18.62,16.34,3.71,32.86,26.62,31.47,33.55,45.56,54.73,17760,24.19,3436,25.7,35.54,46.97,58.47,1.01,1.4,1.84,2.3,69.67,7.12,16.47,11.93,3.15,3.15,3.15,48.4,15.24,48.76,3,3512,88.35,48.39,39.89,63.87,1945,20.8,1.76,21500,31300,42900,21400,167,323,416,249,414,32.5,20.6,16.2,293,122,3.93,55.54,55.36,85.83,90.57,291,349.36,234,280.93,113574,136349.91,390.3,349.4,63.67,55.33,33.68,10.65,0.34,44.67,9,12,117.3,9.1,9575.4,18.34,72,15887845,80.41,5,3.09,190739.59,42,50.42,90,108.05,1654,1985.69,1155,1386.62,4039,4848.97,1,1816,2180.18,306,367.36,3530.78,12109.83
99,9,52070,1,130474,2.66,36.14,53.85,2.41,13.22,17.06,34.55,19.17,10.81,130474,100,25811,73.04,0.47,37.07,26.28,14.61,12.75,31163,12968,16127,9616,7750,11739,7014,7420,25481,21.29,11.86,28.97,26.7,9.25,56.71,16.41,37.38,14.02,30,10.37,50.43,14.2,12.44,3.16,45.44,38.63,53.9,44.87,50.49,60.14,12972,15.07,10633,23.59,31.16,38.39,46.52,1.92,2.54,3.13,3.79,79.35,3.93,7.07,4.13,2.41,2.65,2.3,34.96,4.9,67.53,2,5071,90.62,31.78,10.18,32.97,1943,7.53,0.49,110400,145000,189200,78800,332,487,594,262,568,30,23.5,14.9,1344,16,8.15,53.51,45.53,77.29,81.55,390,326.08,350,292.63,145000,121233.4,371.8,326.1,74.62,79.23,17.44,3.33,0,20.77,12,10,167.4,19.5,6679.9,9.54,100,17939552,89.74,5,3.08,149991.2,22,18.39,130,108.69,1238,1035.08,1154,964.85,3417,2856.93,1,1873,1566,134,112.04,2127.02,10988.76
1156,11,76070,6,54780,2.92,11.48,73.01,0.88,23.6,14.67,27.2,13.4,12.72,54780,100,30733,76.89,0.97,32.61,30.57,8.57,14.24,35361,12963,14458,11212,10711,8543,7137,7547,5739,10.91,20.35,38.66,12.63,7.2,58.57,21.47,24.15,19.31,21.95,9.91,32.04,12.84,11.5,3.25,67.22,60.81,73.21,68.94,64.82,70.99,2599,6.12,3226,3.91,8.59,11.25,17.14,0.23,0.51,0.66,1.01,72.63,6.01,6.73,5.07,2.81,2.88,2.66,68.73,5.77,46.49,3,816,95.83,67,5.02,50.74,1962,5.96,0.59,66300,83600,105600,39300,323,435,519,196,511,28.7,21.6,15.3,117,20,5.89,57.88,60.45,84.85,92.35,107,194.7,84,152.85,45639,83046.4,426.5,194.7,81.42,90.65,0.93,7.48,0,8.41,8,5,151.5,71.2,769.8,1.83,52,5051396,78.5,0,7.48,91917.1,4,7.28,46,83.7,193,351.19,253,460.37,971,1766.87,1,362,658.71,35,63.69,902.54,7276.73
808,49,18000,4,632270,2.46,22.57,74.4,2.37,1.07,15.17,34.21,17.87,8.22,632270,100,26630,81.45,0.46,36.85,19.09,9.43,13.56,32867,13143,14517,9008,10278,10564,7081,10623,105494,17.26,5.66,21.31,24.57,5.91,65.59,11.59,25.92,12.16,28.97,11.77,40.01,15.89,13.93,3.05,63.29,58.94,71.71,63.87,61.47,68.48,29141,7.23,23453,24.77,37.21,47.69,54.78,0.92,1.38,1.77,2.03,93.74,0.9,4.82,2.94,2.38,2.63,2.17,51.34,2.34,53.74,2,21040,92.42,46.57,6.7,30.6,1965,4.62,0.4,48700,66000,89900,41200,268,348,434,166,422,25,19.6,12.3,574,5,3.71,69.22,42.29,77.06,89.34,1381,216.21,1371,214.65,1231832,192856.8,892,216.2,88.74,85.66,14.34,0,0,14.34,41,15,194.3,196.1,3224.5,4.72,637,83317896,99.28,5,2.97,130443.3,105,16.44,658,103.02,3887,608.55,2496,390.78,13055,2043.9,1,7070,1106.89,1029,161.1,1118.78,7860.14
341,43,32800,2,52376,2.43,50.6,42.59,1.76,7.68,13.47,27.42,13.13,11.54,52376,100,20329,72.71,0.24,26.71,26.84,16.52,17.42,24469,11037,14559,8724,9431,8139,5224,5424,14002,27.02,10.23,32.78,14.02,10.31,58.3,9.17,21.95,15.51,22.71,15.02,45.34,18.83,17.1,3.22,40.38,35.17,35.98,47.03,61.81,68.51,6983,16.82,1530,20,29.61,37.97,48.04,0.58,0.86,1.11,1.4,88.86,2.27,8.37,4.73,2.39,2.52,2.29,44.73,4.93,48.51,3,3070,87.52,42.43,16.74,54.59,1940,7.16,0.72,26000,38400,52400,26400,207,296,375,168,363,26.3,18,13.8,191,5,2.92,72.28,52.77,83.37,91.88,154,283.46,135,248.49,72216,132925.91,468.9,283.5,72.47,70.13,24.68,4.55,0.65,29.87,5,5,96.3,8.4,6234.9,12.67,48,6985438,87.66,10,3.25,128579,13,23.93,67,123.32,539,992.12,525,966.35,1043,1919.82,1,407,749.15,22,40.49,2105.73,7093.95
1470,3,37070,7,139739,2.72,38.89,39.98,1.45,31.59,17.16,34.04,18.02,8.78,139739,100,22140,71.32,0.31,24.55,22.4,21.82,11.6,24774,11081,15140,9661,8364,9807,5682,6169,36397,27.51,18,40.56,14.44,10.73,54.05,15.22,27.13,15.93,21.06,12.64,52.37,17.49,15.22,3.29,35.63,30.32,33.53,38.38,48.87,56.43,21440,20.8,21442,16.61,26.04,36.19,46.66,2.55,4,5.55,7.16,60.57,9.74,9.35,5.67,2.55,2.76,2.49,25.54,9.2,73.14,2,4634,91.74,23.61,6.24,25.51,1949,14.47,1.42,107100,133800,161300,54200,318,443,528,210,504,29.1,23.9,14.8,701,26,15.34,43.76,44.91,79.37,82.12,443,356.69,404,325.29,338090,272222.91,763.2,356.7,70,69.98,16.25,13.77,0,30.02,53,7,404.2,17.9,7794.8,17.32,152,25432610,91.2,10,11.96,204778,30,24.16,99,79.71,1243,1000.84,1470,1183.61,3628,2921.19,1,2633,2120.04,227,182.78,2288.32,12328.9
1992,550,16000,9,151976,2.92,27.41,70.67,1.25,1.26,14.33,27.6,12.44,7.8,146527,96.41,35737,85.51,0.59,34.01,18.83,5.21,19.19,39093,13817,15256,10227,19359,10075,11951,12765,13329,8.97,7.95,22.89,16.9,4.23,67.88,14.72,21.81,12.16,26.44,9.42,26.28,12.24,10.87,3.22,76.7,71.01,82.69,76.22,65.15,73.04,4413,4.04,2652,10.52,15.5,21.23,27.07,0.18,0.27,0.37,0.47,96.17,0.41,5.02,4.03,2.87,2.93,2.71,74.48,2.78,30.99,3,3777,93.22,72.96,8.05,32.14,1975,4.18,0.44,68200,88200,117100,48900,299,399,489,190,494,26.7,23.9,13.1,5,0,1.75,58.1,48.07,67.38,86.38,261,143.1,229,125.55,122309,67057.2,468.6,143.1,82.16,88.51,10.73,0.38,0.38,11.49,12,6,13.2,352.9,430.6,1.03,226,8150502,87.74,10,4.6,44686,13,7.13,61,33.44,327,179.28,385,211.08,1612,883.8,0,490,268.65,95,52.08,430.93,3922.8
1296,710,57000,6,261229,2.92,39.05,56.74,2.61,2.91,18.84,38.6,23.62,9.63,261229,100,23563,78.8,0.41,29.49,24.1,9.33,18.3,26818,11643,14699,7504,10944,8746,8291,9511,43944,19.32,8.78,27.31,16.82,6.1,64.57,10.28,24.12,14.05,23.29,10.78,45.21,15.33,12.87,3.12,62.76,55.53,72.45,58.3,54.88,62.4,15750,9.62,9766,18.72,28.07,36.68,45.89,0.7,1.05,1.37,1.72,92.82,0.73,6.13,4.02,2.55,2.58,2.53,44.52,5.32,57.54,2,9284,90.6,44.02,3.94,30.95,1958,10.51,0.35,60700,74500,97100,36400,276,361,438,162,438,28.5,23.4,13.5,253,29,3.74,45.69,39.31,62.4,71.19,680,278.85,608,249.33,313643,128617.6,461.2,278.9,68.51,88.24,10.59,0.74,0.44,11.76,52,7,67.5,55.7,4690.3,5.57,175,25806888,89.41,5,7.65,105828,62,25.42,204,83.66,1428,585.59,1075,440.83,3732,1530.41,1,2173,891.1,135,55.36,1135.5,8027.25
725,23,54705,4,56475,2.83,3.35,89.44,6.14,5.01,12.59,26.78,12.12,8.07,54882,97.18,47482,87.56,0.68,47.69,19.49,3.27,14.19,52927,18859,19122,17186,15740,16397,17139,14001,1947,3.47,5.02,16.79,24.22,4.49,70.08,16.21,18.78,12.73,28.83,6.05,29.04,9.14,7.65,3.24,84.91,82.93,93.5,80.75,50.35,63.56,454,1.2,6641,12.89,20.27,27.6,35.79,1.52,2.38,3.25,4.21,84.29,1.68,4.47,3.5,2.81,3.06,2.29,73.82,2.31,45.56,3,1132,94.64,67.89,1.41,49.73,1966,0.89,0.26,133700,159800,191300,57600,511,577,647,136,621,24.3,24.7,15.4,0,0,11.76,48.84,59.15,73.06,83.7,87,147.86,76,129.16,23993,40776,275.8,147.9,73.11,70.59,0.84,1.68,0,2.52,3,6,54,39.4,1434,13.8,48,7106686,87.36,0,3.45,120777.8,1,1.7,3,5.1,30,50.98,49,83.28,318,540.44,0,263,446.97,20,33.99,141.06,2659.71
549,39,21000,3,110002,2.81,19.85,65.54,2.73,39.14,13.56,28.63,13.69,10.89,110002,100,27631,77.5,0.39,29.91,24.92,11.45,13.14,31478,12112,13481,8278,10404,14483,10425,10387,17451,16.12,20.43,41.52,11.46,9.91,59.6,26.38,17.05,29.2,15.65,10.05,38.32,12.97,11.56,3.35,63.73,57.18,70.54,63.06,59.37,65.04,6880,9.04,40594,15.67,25.69,35.29,48.06,5.78,9.48,13.02,17.74,43.38,17.17,8.86,6.14,2.76,3.17,2.57,36.4,11.54,68.25,2,2214,94.64,31.7,4.74,34.87,1946,8.53,1.08,107800,145400,173900,66100,351,456,553,202,520,26.2,25.3,14.6,61,43,36.9,43.19,55.21,80.06,86.54,296,277.03,276,258.31,121434,113650.1,410.2,277,79.06,86.49,5.07,8.45,0,13.51,22,14,141.9,12.8,8617.3,10.61,90,16541654,93.24,10,7.43,154813.41,17,15.91,42,39.31,878,821.72,464,434.26,1851,1732.35,1,2155,2016.86,23,21.53,1311.2,7568.62
248,39,40350,2,36701,2.55,20.01,76.76,1.5,7.36,11.36,23.9,11.29,17.89,36701,100,35911,74.02,0.3,47.87,35.94,6.09,20.49,42634,16308,17418,13048,11204,14454,8838,13246,2049,5.63,13.14,31.78,12.16,6.69,59.11,23.78,17.99,18.8,19.77,8.28,31.38,10.24,9.33,3.09,73.35,69.1,86.42,72.98,56.98,68.58,1058,3.99,5861,9.49,18.53,24.83,31.53,1.51,2.96,3.96,5.04,74.38,4.38,4.9,3.39,2.53,2.68,2.31,64.64,3.18,48.67,3,548,96.33,61.22,1.09,40.15,1953,2.09,0.1,126500,151800,175800,49300,411,528,637,226,594,25.1,23.5,15.4,0,0,15.97,62.65,68.53,88.45,94.29,124,337.39,116,315.62,30000,81626,241.9,337.4,78.37,98.39,1.61,0,0,1.61,12,9,124.2,11.2,3278.7,5.81,41,4967234,93.55,0,9.68,135151.8,1,2.72,8,21.77,90,244.88,96,261.2,359,976.79,0,361,982.23,16,43.53,530.57,4674.45
1896,39,59190,9,46567,3.07,65.65,26.5,1.06,15.02,14.15,29.29,14.33,8.68,46567,100,38463,82.99,0.17,30.78,21.76,9.13,11.85,42238,14742,19070,13496,13027,15418,9673,9252,5604,12.22,10.75,28.56,18.88,8.65,66.65,21.49,23.55,22.05,21.92,10.45,41.87,14.86,12.79,3.49,56.66,47.74,66.46,57.5,73.85,79.1,4120,12.27,7011,22.28,40.08,50.08,58.66,3.35,6.03,7.54,8.83,81.35,6.18,12.9,9.47,3.02,3.23,2.8,54.49,10.44,49.08,3,917,94.29,50.98,5.56,39.48,1948,7.43,0.68,107800,141400,174800,67000,443,558,658,215,627,27,25,15.2,4,16,15.06,50.04,56.58,79.36,88.3,126,279.84,115,255.41,54562,121181.6,433,279.8,70.15,56.35,34.13,8.73,0.79,38.89,8,6,80.2,6.3,7442.1,7.17,47,8111687,91.27,0,6.35,180159.59,9,19.99,28,62.19,377,837.31,296,657.41,924,2052.19,1,424,941.7,16,35.54,1576.9,6603
2014,740,64000,10,103907,2.68,47.33,51.21,0.8,1.31,13.98,28.08,13.58,12.82,103907,100,24601,76.39,0.29,25.79,26.67,10.41,22.15,28517,11158,14147,7935,10528,10842,8516,8903,17920,17.74,12.62,33.36,11.62,7.33,57.5,18.46,23.52,15.94,20.93,12.47,31.11,16.3,14.52,3.13,59.44,50.46,68.38,59.14,59.2,67.3,6631,7.93,1388,8.21,16.71,25.5,35.37,0.11,0.22,0.34,0.47,96.02,0.65,5.65,4.04,2.62,2.64,2.59,56.28,4.27,50.04,2,3542,91.62,55.87,7.65,39.16,1958,9.86,0.47,53800,67400,86400,32600,235,327,399,164,416,28.3,22.9,13.6,3,16,1.34,65.45,53.77,78.73,89.2,207,198.08,167,159.8,150000,143533.8,724.6,198.1,66.5,84.54,14.01,0.48,0.97,15.46,14,5,99,34.3,3026.2,3.49,181,10538438,80.68,0,6.76,100841.5,33,31.58,56,53.59,746,713.84,532,509.07,1720,1645.85,1,1252,1198.03,127,121.53,1308.07,7757.52
1629,9,37490,8,81245,2.57,8.06,83.06,3.7,9.15,12.56,26.65,12.69,13.46,81245,100,28553,70.86,0.28,33.78,30.01,13.4,17.7,35830,13026,14184,9338,8366,6110,5265,6338,12756,15.91,10.02,26.81,14.33,9.34,57.14,22.05,22.71,15.06,21.71,10.18,37.77,13.68,12.04,3.21,61.08,57.28,66.21,65.62,56.75,63.55,3900,6.26,11237,20.04,33.76,45.57,54.84,2.77,4.67,6.3,7.58,79.37,5.45,6.97,4.47,2.53,2.81,2.29,51.31,4.28,62.17,2,3116,91.01,46.2,4.72,28.34,1939,5.22,0.71,115100,139200,163600,48500,310,507,633,323,574,29.4,24.3,14.9,202,164,13.83,73.81,55.72,83.6,90.25,152,192.64,143,181.23,64100,81238,421.7,192.6,93.59,89.47,7.24,3.29,0,10.53,6,11,384.2,11.2,7251.7,8.92,56,9023344,94.08,10,3.95,114358.5,8,10.14,19,24.08,371,470.19,994,1259.76,1824,2311.67,0,1564,1982.16,0,0,1764.17,7210.03
58,680,47672,1,66049,2.63,26.41,72.45,0.76,0.72,17.79,29.84,18.19,14.33,66049,100,23726,72.25,0.63,39.06,35.02,7.54,17.2,30141,12657,14721,7200,12833,6139,8400,7231,9889,16.45,13.61,30.52,21.74,5.97,56.27,19.31,31.2,14.92,27.39,9.43,34.52,12.67,11.25,2.98,64,59.7,69.62,69.8,63.78,72.3,2858,5.88,1108,30.69,43.05,47.02,50.54,0.51,0.72,0.79,0.85,96.8,0.35,3.95,2.64,2.39,2.52,2.21,61.35,1.83,47.28,3,2090,92.33,58.2,4.31,40.48,1960,7.07,0.29,38200,56900,80300,42100,179,272,353,174,346,24.7,16.9,12.6,47,0,1.68,70.07,52.6,73.84,86.06,138,205.48,123,183.14,61164,91072.1,443.2,205.5,81.87,90.58,9.42,0,0,9.42,8,8,38.7,51.2,1290.5,3.33,62,5585480,89.13,0,5.8,83166.8,3,4.47,45,67,107,159.32,351,522.63,560,833.83,0,184,273.97,50,74.45,753.42,4630.73
1567,21,74000,8,88675,2.88,49.27,42.17,0.66,14.13,13.92,28.69,14,11.57,88675,100,25719,75.62,0.32,25.06,30.57,12.45,15.1,30733,11018,14113,8870,9018,11567,7798,7631,15348,18.05,16.44,41.82,10.53,10.86,55.81,15.91,24.67,18.5,17.65,13.46,44.91,16.26,14.92,3.41,47.36,39.24,54.34,50.03,64.66,71.82,9993,14.64,6695,16.42,25.11,37.54,47.69,1.24,1.9,2.83,3.6,78.43,4.8,11.32,7.53,2.76,2.89,2.63,53.46,7.97,49.34,3,2834,91.56,51.11,25.69,56.92,1939,10.69,0.99,52500,71300,90700,38200,252,387,495,243,451,26.9,21.1,15.2,367,8,7.55,63.07,59.35,88.32,92.39,358,421.78,288,339.31,136000,160228.09,379.9,421.8,58.93,83.24,13.41,3.35,0,16.76,20,14,102.5,7.9,11185.6,10.27,154,13920168,80.45,0,5.59,164000.09,11,12.96,109,128.42,717,844.73,916,1079.18,1710,2014.63,0,1852,2181.93,17,20.03,2065.29,7289.2
1538,3,22630,7,50452,2.48,8.39,86.8,2.22,5.96,11.29,26.95,12.57,14.21,50452,100,36584,79.28,0.45,45.85,29.98,5.62,19.52,42853,16575,17240,12816,13941,12321,9608,11601,2683,5.41,10.02,26.18,13.58,5.28,66.15,20.34,15.39,14.27,21.61,10.65,33.66,13.29,12.02,2.97,70.28,67.29,76.74,71.54,69.24,75.01,1221,3.26,5417,8.86,18.02,24.74,29.83,0.95,1.93,2.66,3.2,81.89,2.04,3.21,2.16,2.43,2.61,2.17,63.84,2.03,51.49,2,931,95.62,59.52,2.04,24.7,1958,2.04,0.39,126200,146200,172100,45900,370,511,608,238,574,25.5,21.9,13.4,199,0,10.74,60.56,58.46,87.56,91.58,111,219.75,101,199.96,40925,81022,368.7,219.8,92.2,93.69,2.7,2.7,0,5.41,7,9,60.9,18.7,2702.4,5.95,40,7268989,90.99,0,6.31,143909,1,1.98,12,23.76,80,158.38,101,199.96,415,821.6,0,315,623.63,17,33.66,384.07,4329.75
1327,21,9175,6,54718,2.25,3.1,87.43,8.38,2.92,10.45,28.82,13.43,12.82,54718,100,45598,78.05,0.8,61.54,23.21,4.07,10.91,61799,29044,30836,19262,5379,16819,7762,11827,4576,8.61,3.05,6.82,63.68,4.8,65.96,7.53,47.63,3.13,57.05,6.61,43.62,10.02,8.56,2.9,77.06,76.88,91.09,70.28,61.28,71.24,517,1.85,11703,28.28,36.6,43.65,50.68,6.05,7.83,9.34,10.84,77.95,3.08,3.99,2.05,2.17,2.48,1.93,49.39,2.28,62.26,2,996,96.07,43.11,0.6,32.73,1939,0.53,0.12,281100,377800,500001,218901,443,629,963,520,671,24.6,22.6,14.5,16,0,21.39,41.54,49.81,60.48,76.81,140,248.37,120,212.89,46180,81927.4,329.9,248.4,90.53,96.43,3.57,0,0,3.57,4,7,15.8,7,7778.6,28.71,34,6.00E+06,85.71,0,2.86,106445.3,1,1.77,8,14.19,72,127.73,187,331.75,372,659.96,0,352,624.48,4,7.1,475.46,3738
1238,1,74190,6,49389,2.56,7.89,90.07,0.81,3.59,11.17,22.59,10.65,18.16,49389,100,41745,74.97,0.52,55.79,38.37,3.51,25.4,49630,18574,19050,13405,12977,21252,13278,13050,1737,3.54,9.02,22.22,21.25,4.97,62.31,24.9,22.32,11.57,29.18,7.25,29.25,9.82,8.62,3.04,78.38,75.43,90.81,82.25,63.64,73,795,2.18,3041,4.34,8.65,12.4,14.57,0.27,0.53,0.76,0.9,88.87,0.87,4.22,3.06,2.54,2.61,2.27,81.88,1.53,40.64,3,842,95.82,79.75,5.82,48.81,1954,1.1,0.27,150400,176500,210700,60300,382,558,721,339,676,26.6,22.4,15,3,3,6.16,68.75,69.46,92.04,95.25,100,199.45,97,193.47,34371,68554.2,343.7,199.5,82.5,76.67,2.5,3.33,0,4.17,5,8,148,18.2,2711.4,1.99,33,4978183,97,0,5,99291.6,1,1.99,2,3.99,77,153.58,20,39.89,449,895.55,0,396,789.84,18,35.9,199.45,4374.02
740,119,84000,4,188082,2.61,14.11,76.21,3,16.74,12.05,25.74,12.25,14.86,188082,100,36376,74.73,0.36,42.98,31.43,9.15,17.73,43305,17484,19441,11008,8216,18296,8123,9240,20436,11.03,11.2,26.45,21.91,6.48,58.85,12.21,28.52,10.79,28.99,7.24,35.15,10.87,9.21,3.17,66.68,61.72,73.65,68.22,47.05,58.15,8463,6.18,38067,12.27,20.52,30.43,36.44,2.48,4.15,6.16,7.38,69.48,5.82,6.69,4.6,2.57,2.76,2.42,46.77,6.85,63.64,2,3461,95.42,43.54,3.15,43.72,1952,5.54,0.72,183600,228100,282100,98500,357,482,625,268,522,25.4,22.9,15.1,253,10,20.24,66.8,67.23,84.48,93.31,524,286.09,454,247.88,107811,58862.9,205.7,286.1,83.65,92.56,5.15,2.1,0.19,7.44,31,10,189.9,18.7,10040.9,23.23,200,43099132,86.64,5,5.92,235313.8,19,10.37,34,18.56,852,465.18,446,243.51,1682,918.34,0,1868,1019.9,89,48.59,737.62,4494.53
1505,23,20230,7,88680,2.79,5.56,79.49,13.72,4.33,11.41,26.53,11.97,9.78,88680,100,50075,87.93,0.44,57.26,19.63,2.92,13.73,55837,20961,22245,15284,12926,16107,16946,17117,3014,3.46,5.5,15.51,33.82,4.46,69.26,18.2,22.92,10.11,35.1,6.19,30.12,8.32,7.29,3.17,85.86,83.61,95.37,85.47,57.67,66.79,441,0.77,15782,15.74,28.51,39.96,48.24,2.8,5.07,7.11,8.59,76.68,2.6,4.39,3.33,2.73,2.94,2.3,72.09,3.33,45.82,3,1061,96.77,66.9,0.94,28.18,1967,0.48,0.21,153700,186200,239300,85600,552,642,738,186,700,23,22.7,14,110,0,17.8,54.31,56.5,74.34,85.09,177,191.56,85,91.99,55519,60086.8,313.7,191.6,80.05,99.44,0.56,0,0,0.56,7,3,41,31.3,2836.3,10.02,32,9652142,48.02,0,3.95,104462.7,2,2.16,0,0,83,89.83,48,51.95,668,722.96,0,390,422.09,13,14.07,143.94,3498.99
986,650,35000,5,133793,2.69,38.85,58.41,1.75,1.97,15.27,30.86,15.85,8.9,133793,100,30144,82.79,0.46,35.64,20.28,5.73,20.45,34291,13099,15039,10325,14300,11707,7811,11513,13831,10.82,6.84,20.31,19.07,5.87,64.86,18.75,22.94,11.97,24.88,10.82,30.76,13.57,12.25,3.07,70.94,66.18,77.15,73.44,60.96,70.7,4118,4.51,3858,11.53,20.84,28.07,35.25,0.33,0.6,0.81,1.02,94.8,0.65,3.88,2.79,2.58,2.65,2.48,60.89,2.72,41.34,3,3950,92.63,59.25,1.22,27.29,1966,5.23,0.27,63000,78200,97700,34700,303,385,471,168,470,26.1,22.4,13.2,18,1,2.88,47.36,45.63,66.09,77.87,204,144.65,181,128.34,126926,89996.7,622.2,144.6,75.08,83.33,16.67,0,0,16.67,18,8,33.6,53.7,2492.2,2.38,170,15176792,88.73,5,8.82,107610.9,14,9.93,49,34.74,329,233.28,251,177.97,962,682.11,1,561,397.78,73,51.76,455.92,5054.1
1761,7,6607,8,53008,2.34,4.89,91.94,2.05,1.83,13.73,28.54,15.8,16.71,53008,100,20891,68.87,0.45,43.07,34.93,10.55,20.82,29169,12106,12572,7135,7117,6258,4676,8551,10291,19.98,9.83,26.12,19.83,8.21,52.77,19.68,30.96,13.4,27.52,11.37,39.25,13.93,12.76,2.95,62.93,61.71,67.84,71.37,53.71,64.21,1420,3.48,3151,23.9,30.75,37.04,41.29,1.42,1.83,2.2,2.45,90.32,1.21,4.07,2.42,2.25,2.49,2.07,48.99,1.37,53.42,2,2009,91.84,44.42,4.03,43.4,1939,7.18,0.83,57200,71500,93700,36500,246,316,381,135,361,29.3,19.7,13.3,80,4,5.94,74.57,51.42,82.92,92.67,136,266.41,126,246.82,33600,65817.8,247.1,266.4,91.94,100,0,0,0,0,6,11,58.8,10.8,4928.8,6.28,40,6803499,92.65,0,4.41,133271.3,3,5.88,18,35.26,62,121.45,62,121.45,329,644.47,1,6,11.75,9,17.63,284.04,5870.71
1286,9,35650,6,52434,2.54,8.69,88.92,1.78,2.02,12.6,24.4,12.81,17.14,50241,95.82,41814,77.24,0.32,58.35,34.09,3.83,19.63,50228,19383,19802,16134,10384,16426,11480,12176,2199,4.36,6.97,15.22,32.38,3.83,64.65,13.9,33.36,7.76,35.04,6.44,30,8.76,7.71,2.99,82.45,80.38,93.66,84.54,63.33,74.37,485,1.38,3753,8.13,14.73,21.77,27.82,0.58,1.05,1.56,1.99,88.88,0.86,3.24,2.33,2.43,2.63,1.97,75.88,0.96,45.4,3,1097,94.95,70.21,1.37,35.28,1957,0.97,0.31,135700,164000,197100,61400,467,600,702,235,680,29.1,22.4,14.3,28,0,7.16,65.75,60.29,86.18,90.2,100,188.36,88,165.76,40860,76965.1,408.6,188.4,90.92,98,2,0,0,2,6,7,96,34,1543.8,3.13,36,5895093,88,0,6,111041.7,2,3.77,8,15.07,52,97.95,32,60.28,239,450.19,0,231,435.12,1,1.88,177.06,3987.64
924,23,58200,5,41967,2.95,11.76,59.82,1.57,55.54,14.92,29.47,14.7,12.54,41967,100,28377,76.17,0.49,31,30.16,10.45,15.17,32701,11351,12643,10401,9068,13391,8766,8948,6287,15.19,28.9,49.75,8.23,10.91,60.55,32.02,18.9,33.68,14.61,9.65,37.94,13.59,11.72,3.45,64.25,58.19,63.97,64.29,64.3,70.72,2714,8.26,10506,16.69,28.75,40.25,50.42,4.18,7.2,10.08,12.62,37.64,19.9,11.11,8,2.91,2.95,2.89,42.53,11.27,60.06,2,810,94.61,42.03,5.06,45.19,1947,9.83,1.69,99400,125500,155100,55700,369,486,584,215,568,28.3,24.5,17.1,14,0,25.03,46.32,53.58,83.57,87.13,116,285.17,98,240.92,18000,44251.1,155.2,285.2,70.16,89.66,1.72,8.62,0,10.34,12,12,120.7,5,8476.8,4.99,20,6798000,84.48,0,10.34,167121.5,1,2.46,18,44.25,179,440.05,296,727.68,831,2042.92,1,238,585.1,17,41.79,1214.45,6534.41
1450,39,74480,7,50024,2.65,9.38,86.51,3.35,4.48,12.05,23.08,11.96,19.36,50024,100,42665,74.54,0.21,56.39,38.62,2.89,21.42,50451,18444,18858,14515,46000,18142,18581,16043,1887,3.89,10.57,25.17,21.5,4.56,61.39,16.26,23.01,10.93,27.94,5.54,30.2,7.82,6.78,3.06,82.26,79.94,95.3,84.62,62.9,69.45,506,1.46,7392,5.64,10.77,16.03,21.66,0.83,1.59,2.37,3.2,79.31,2.71,3.9,2.88,2.57,2.72,2.06,81.56,1.07,36.04,3,452,97.66,76.95,2.88,50.44,1951,0.64,0.23,152500,175600,200300,47800,437,549,694,257,630,26.4,23.4,16,15,0,14.78,68.69,71.3,82.42,95.77,114,222.09,102,198.71,25642,49954.2,224.9,222.1,89.14,96.49,2.63,0,0,2.63,6,11,45.2,9.4,5298.9,5.66,49,11230196,89.47,0,5.26,218780,1,1.95,8,15.59,140,272.74,61,118.84,408,794.84,0,782,1523.45,9,17.53,409.11,5287.25
1581,1,50000,8,606900,2.43,65.84,29.6,1.85,5.39,13.54,29.83,15.69,11.53,606900,100,30727,78.16,0.5,34.26,20.22,8.94,17.44,36256,18881,34563,12226,14095,16498,10468,12525,96278,16.87,9.56,26.85,33.31,7.03,61.62,4.29,33.61,7.37,39.1,13.67,50.76,16.18,15.03,3.15,41.96,33.58,52.23,44.32,66.58,72.92,70523,18.2,58887,23.98,36.96,48.35,57.55,2.33,3.59,4.69,5.58,87.49,2.55,8.96,4.6,2.26,2.5,2.12,42.91,8.25,67.33,2,28855,89.64,38.9,17.4,44.05,1947,4.22,0.81,86700,123900,258700,172000,317,441,618,301,479,25.4,20.5,12.8,4682,131,9.7,39.34,53.49,76.61,76.61,4506,813.36,4066,733.94,871531,157316.09,193.4,813.4,97.32,32.2,64.4,2.57,0.75,65.42,198,13,197.9,63.6,9538.9,37.3,590,208184992,90.24,0,4.39,375785.19,454,81.95,324,58.48,7107,1282.85,9003,1625.09,11532,2081.59,1,8060,1454.87,200,36.1,3048.38,9252.35
150,17,74630,1,58012,2.81,5.11,74.68,2.09,75.62,13.67,29.54,14.16,9.09,58012,100,25655,78.71,0.44,24.77,20.77,13.18,9.8,27288,11089,11488,10870,15755,13355,9197,9996,10513,18.18,28.42,49.46,10.71,10.87,60.52,29.24,13.43,32.79,14.66,11.58,37.55,17.32,14.53,3.29,59.81,56.12,66.57,61.43,53.42,60.06,3156,8.03,31959,14.61,24.34,33.53,47.62,8.05,13.41,18.47,26.24,17.73,30.91,8.4,6.05,2.8,2.84,2.79,22.08,16.96,78.25,2,1980,91.24,21.76,2.37,36.21,1940,11.73,1.74,108200,150400,189700,81500,339,451,579,240,505,27.5,28.5,13,189,25,55.09,25.9,54.33,79.63,81.87,161,284.45,142,250.88,62373,110199.6,387.4,284.5,98.28,76.4,1.86,21.74,0,22.36,8,6,45,1.3,44229.9,27.8,50,12945918,88.2,0,4.97,228726.5,1,1.77,23,40.64,287,507.07,182,321.55,900,1590.11,0,538,950.53,7,12.37,871.02,4621.91
1670,17,39835,8,57407,2.63,4.07,93.41,2.01,1.72,13.31,29.49,15.44,15.05,57407,100,38859,77.13,0.53,47.55,32.16,5.73,18.38,45532,16941,17131,15590,15251,12047,12799,11484,3834,6.93,7.38,21,23.66,5.8,63.02,14.21,29.31,9.31,30.53,5.24,39.8,8.24,6.86,3.11,78.76,77.19,91.86,80.51,61.63,68.3,695,1.71,6773,14,18.65,21.39,25.78,1.65,2.2,2.52,3.04,84.05,2.13,4.85,3.28,2.54,2.79,2.21,62.69,1.16,49.95,3,821,96.38,57.1,0.97,38,1939,0.86,0.27,156600,182400,218900,62300,403,579,723,320,665,25.4,23.1,14.1,21,0,11.8,74.67,63.07,85.45,90.38,118,210.81,85,151.86,8100,14471,68.6,210.8,99.17,94.07,4.24,1.69,0,5.93,6,10,66.1,8.4,6809.5,16.88,20,6258274,72.03,0,5.08,111806.8,0,0,8,14.29,36,64.32,392,700.33,336,600.28,0,359,641.37,4,7.15,778.93,3115.73
615,11,45140,3,99567,2.47,0.97,96.97,1.1,2.13,12.69,29.69,14.17,12.17,99567,100,31911,79.96,0.5,44.61,25.99,5.86,13.83,38812,15111,15272,9625,8595,12818,8309,9600,8694,8.99,11.74,25.06,19.57,7.07,65.92,18.34,21.49,14.59,24.55,10.74,33.47,13.33,12.1,3.01,71.67,69.45,76.81,71.42,69.15,76.26,2089,2.99,6739,15.61,22.11,27.33,29.71,1.06,1.5,1.85,2.01,81.17,1.7,3.45,2.18,2.4,2.69,2.15,51.62,1.61,58.39,2,4023,90.93,46.04,2.11,23.39,1953,5.81,0.39,100500,118600,143300,42800,371,467,557,186,537,26.3,23.4,15.1,147,1,6.77,60.24,49.01,78.16,85.75,165,168.12,150,152.84,55519,56568.3,336.5,168.1,97.58,98.79,0.61,0,0,0.61,7,7,191.8,34.2,2910.9,1.41,33,8124523,90.91,0,4.24,82780.8,5,5.09,33,33.62,140,142.65,41,41.77,1277,1301.14,1,448,456.47,28,28.53,223.14,5388.97
1449,760,67000,7,203056,2.38,55.22,43.35,0.88,0.93,13.35,29.11,15.34,13.66,203056,100,23551,74.21,0.46,31.91,28.24,10.18,15.96,29021,13993,20876,8676,16087,9641,12168,11581,40103,20.89,12.2,31.91,24.24,6.43,58.44,12.18,27.61,14.02,27.35,14.48,42.45,16.82,15.77,2.97,45.21,38.54,54.76,49.69,63.65,70.49,18852,13.21,3720,15.08,25.16,34.33,42.9,0.28,0.46,0.63,0.79,96,0.4,5.14,2.88,2.25,2.39,2.12,49.25,3.06,57.24,2,8804,90.65,46.3,10.89,40.3,1953,8.45,0.6,47700,66600,98200,50500,232,333,424,192,413,27.5,21.4,14.5,287,3,1.83,70.47,49.59,77.75,89.86,646,318.02,588,289.47,880656,433536.59,1363.2,318,70.3,72.6,26.01,1.39,0,27.24,30,11,73.7,62.3,3259.7,12.86,266,31789916,91.02,5,4.64,156498,122,60.06,174,85.66,1578,776.83,1411,694.62,5081,2501.32,1,2215,1090.42,170,83.69,1617.17,9371.69
1036,3,28680,5,37049,2.25,24.77,66.36,3.67,15.1,9.28,27.33,11.67,12.89,37049,100,38976,82.16,0.37,42.98,24.5,5.77,10.97,46171,20217,23489,13980,14781,16104,10533,12174,2483,6.97,10.14,25.57,25.74,5.79,66.31,18.98,22.84,13.29,28.44,12.03,40.11,14.24,13.16,2.93,64.59,59.14,69.09,58.91,61.7,69.42,1631,6.97,8711,15.39,24.34,37.27,47.51,3.62,5.72,8.76,11.17,72.32,6.31,5.19,2.87,2.16,2.47,2,39.46,6.27,77.88,2,1241,92.99,34.55,1.69,33.28,1962,2.75,0.94,156500,186300,226500,70000,496,639,791,295,693,25.5,24.8,18.9,81,0,23.51,41.74,52.19,79.47,84.79,109,289.62,107,284.31,36907,98065.6,338.6,289.6,74.61,91.74,5.5,2.75,0,8.26,14,10,24.6,4.3,8684.7,14.4,34,5127534,98.17,5,12.84,136243.8,4,10.63,12,31.89,68,180.68,82,217.88,164,435.76,1,326,866.21,12,31.89,441.08,5056.46
122,23,74118,1,70487,2.59,17.38,81.61,0.51,0.65,16.05,28.26,15.37,13.59,70487,100,21407,69.94,0.31,30.37,31.35,14.47,20.99,26838,10648,11196,8112,5418,15847,3530,7654,13999,20.87,9.79,31.67,10.88,8.74,53.25,23.26,27.3,21.54,21.14,12.56,30.85,15.9,14.39,3.06,62.98,58.23,65.59,60.85,59.71,65.42,2855,5,765,15.42,20,22.48,26.93,0.17,0.22,0.24,0.29,97.1,0.28,4.94,3.37,2.47,2.53,2.41,56.97,2.14,51.98,2,2315,92.17,55.8,8.42,46.39,1946,8.94,0.58,31300,42000,58600,27300,180,247,316,136,351,27.6,17.1,13.1,2,8,1.09,78.59,50.9,84.72,91.94,101,142.86,94,132.96,108785,153872.8,1077.1,142.9,86.22,94.06,3.96,1.98,0,5.94,6,9,52.8,20.2,3485.1,1.06,45,5653511,93.07,0,5.94,79967.1,6,8.49,59,83.45,208,294.21,786,1111.77,963,1362.13,1,457,646.41,6,8.49,1497.92,7742.79
1525,27,59641,7,28844,2.43,31.47,65.38,1.52,3.77,11.97,27.31,12.99,13.74,28844,100,27606,73.85,0.6,39.53,27.83,11.59,16.92,34211,14936,17866,8842,18629,20624,6330,10103,4132,14.71,12.72,31.55,21.78,6.99,59.16,20.93,33.43,12.27,29.15,10.25,42,14.12,12.33,3.05,53.33,49.03,68.39,57.87,60.42,67.51,2209,10.11,2878,13.72,23.87,37.18,42.81,1.37,2.38,3.71,4.27,88.7,1.52,5.96,3.55,2.36,2.47,2.29,42.07,4.6,59.36,2,1238,90.56,40.2,10.1,44.83,1939,10.8,0.2,101200,128700,156700,55500,344,459,559,215,522,28.1,21,15.4,37,0,9.98,70.79,51.04,84.46,91.89,111,377.74,87,296.07,27000,91883.6,243.2,377.7,65.98,66.27,0.6,0,0,0.6,4,6,171.6,5.3,5410.8,7.52,78,23910430,78.38,0,3.6,813695.12,10,34.03,11,37.43,172,585.33,131,445.81,520,1769.61,1,128,435.6,9,30.63,1102.6,6333.16
1990,99,59020,9,99405,2.53,0.73,96.82,0.68,0.57,13.7,29.2,13.92,10.29,99405,100,27123,81.64,2.15,44.67,23.84,4.79,12.73,34144,13574,13840,7414,4274,6405,4450,5754,8205,8.61,7.94,16.75,22.72,3,71.01,12.88,25.6,12.99,25.28,9.77,29.13,11.49,10.68,3.03,76.25,75.91,85.01,80.91,79.56,82.97,1239,1.7,1680,21.43,27.5,33.99,45.48,0.36,0.46,0.57,0.77,95.97,0.7,3.49,2.26,2.42,2.74,1.97,66.14,1.59,52.48,2,1741,95.76,58.45,1.67,26.13,1965,3.4,0.23,46000,59000,78100,32100,256,336,407,151,380,24.7,20,12.6,107,18,1.69,65.17,47.84,76.45,85.5,134,121.39,124,112.33,48521,43956.2,362.1,121.4,97.55,98.51,1.49,0,0,1.49,4,7,97.7,44.9,2213.7,0.56,61,4962893,92.54,0,2.99,44959.8,2,1.81,103,93.31,44,39.86,326,295.33,735,665.85,0,195,176.65,29,26.27,430.31,4012.32
606,9,31000,3,96466,2.51,0.47,94.22,2.32,1.1,13.75,28.94,13.74,11.22,96466,100,26770,77.3,0.52,50.43,26.38,8.46,12.54,33367,12969,13428,11094,5438,3552,6297,5166,12607,13.39,9.08,19.15,16.66,5.42,64.66,22.09,20.71,17.91,21.78,9.48,31.71,11.47,10.54,3.08,73.03,73.56,77.8,75.84,65.65,71.31,2155,2.83,2318,25.11,32.01,38.57,57.51,0.6,0.77,0.93,1.38,94.99,1.35,4.1,2.64,2.45,2.7,2.12,62.36,2.25,51.49,2,1343,96.62,56.56,0.6,30.01,1962,2.71,0.32,44400,55500,70900,26500,253,314,379,126,363,25.1,20.6,13.3,150,1,2.4,81.03,51.17,82.99,92.57,128,123.63,93,89.82,36500,35253.4,285.2,123.6,94.22,97.66,0,0,0,0,10,7,210.9,45.4,2124.3,2.18,28,8103698,72.66,10,7.81,78269.4,2,1.93,62,59.88,46,44.43,341,329.35,644,622.01,0,239,230.84,9,8.69,435.6,4114.51
372,69,69000,2,81805,2.51,1.58,97.18,0.91,0.67,14.3,25.78,14.07,19.66,81805,100,21060,65.3,0.16,42.5,41.89,9.79,20.07,28431,11108,11214,5116,7741,10775,6250,4875,11907,15.22,11.05,29.59,13.59,6.55,51.58,19.77,26.23,19.89,21.09,8.61,35.01,10.41,9.61,3.08,70.47,68.06,76.85,74.45,54.78,63.29,1467,2.25,2090,10.77,15.5,23.3,28.23,0.28,0.4,0.6,0.72,93.41,0.57,5.18,3.37,2.37,2.61,2.09,59.12,1.18,44.5,3,2720,92.31,53.67,2.68,47.65,1939,2.71,0.43,40500,57100,78000,37500,176,252,329,153,320,26.1,18.7,14.3,38,1,2.55,85.83,65.97,89.72,93.83,140,174.79,139,173.54,60796,75902,434.3,174.8,97.89,99.29,0.71,0,0,0.71,8,7,119.6,26.1,3131.4,3.02,55,4791531,99.29,0,5.71,59820.9,2,2.5,26,32.46,86,107.37,117,146.07,487,608.01,0,241,300.88,25,31.21,288.4,3274.74
