"","Country","Year","pop"
"1","Australia",1950,8178700
"2","Australia",1951,8421700
"3","Australia",1952,8636500
"4","Australia",1953,8815300
"5","Australia",1954,8986500
"6","Australia",1955,9199700
"7","Australia",1956,9425500
"8","Australia",1957,9640200
"9","Australia",1958,9842400
"10","Australia",1959,10056400
"11","Australia",1960,10275000
"12","Australia",1961,10508200
"13","Australia",1962,10700500
"14","Australia",1963,10906900
"15","Australia",1964,11121600
"16","Australia",1965,11340900
"17","Australia",1966,11599500
"18","Australia",1967,11799080
"19","Australia",1968,12008640
"20","Australia",1969,12263010
"21","Australia",1970,12507350
"22","Australia",1971,13067270
"23","Australia",1972,13303660
"24","Australia",1973,13504540
"25","Australia",1974,13722570
"26","Australia",1975,13893000
"27","Australia",1976,14033080
"28","Australia",1977,14192230
"29","Australia",1978,14359260
"30","Australia",1979,14515730
"31","Australia",1980,14695360
"32","Australia",1981,14923260
"33","Australia",1982,15184250
"34","Australia",1983,15393470
"35","Australia",1984,15579390
"36","Australia",1985,15788310
"37","Australia",1986,16018350
"38","Australia",1987,16263870
"39","Australia",1988,16532160
"40","Australia",1989,16814420
"41","Australia",1990,17065130
"42","Australia",1991,17284040
"43","Australia",1992,17479000
"44","Australia",1993,17635000
"45","Australia",1994,17805000
"46","Australia",1995,18005000
"47","Australia",1996,18225000
"48","Australia",1997,18423000
"49","Australia",1998,18608000
"50","Australia",1999,18812000
"51","Australia",2000,19029000
"52","Australia",2001,19275000
"53","Australia",2002,19495000
"54","Australia",2003,19721000
"55","Australia",2004,19933000
"56","Australia",2005,20177000
"57","Australia",2006,20451000
"58","Australia",2007,20828000
"59","Australia",2008,21249000
"60","Australia",2009,21692000
"61","Australia",2010,22032000
"62","Australia",2011,22340000
"63","Australia",2012,22724000
"64","Australia",2013,23131000
"65","Austria",1950,6935100
"66","Austria",1951,6935451
"67","Austria",1952,6927772
"68","Austria",1953,6932483
"69","Austria",1954,6940209
"70","Austria",1955,6946885
"71","Austria",1956,6952359
"72","Austria",1957,6965860
"73","Austria",1958,6987358
"74","Austria",1959,7014331
"75","Austria",1960,7047539
"76","Austria",1961,7086298
"77","Austria",1962,7129864
"78","Austria",1963,7175811
"79","Austria",1964,7223801
"80","Austria",1965,7270888
"81","Austria",1966,7322066
"82","Austria",1967,7376998
"83","Austria",1968,7415402
"84","Austria",1969,7441055
"85","Austria",1970,7467086
"86","Austria",1971,7500481
"87","Austria",1972,7544201
"88","Austria",1973,7586114
"89","Austria",1974,7599038
"90","Austria",1975,7578902
"91","Austria",1976,7565525
"92","Austria",1977,7568430
"93","Austria",1978,7562304
"94","Austria",1979,7549424
"95","Austria",1980,7549432
"96","Austria",1981,7568710
"97","Austria",1982,7574139
"98","Austria",1983,7561910
"99","Austria",1984,7561434
"100","Austria",1985,7564984
"101","Austria",1986,7569794
"102","Austria",1987,7574585
"103","Austria",1988,7585317
"104","Austria",1989,7619566
"105","Austria",1990,7677850
"106","Austria",1991,7754890
"107","Austria",1992,7840709
"108","Austria",1993,7905632
"109","Austria",1994,7936117
"110","Austria",1995,7948278
"111","Austria",1996,7959016
"112","Austria",1997,7968041
"113","Austria",1998,7976788
"114","Austria",1999,7992323
"115","Austria",2000,8011566
"116","Austria",2001,8042293
"117","Austria",2002,8082121
"118","Austria",2003,8118245
"119","Austria",2004,8169441
"120","Austria",2005,8225278
"121","Austria",2006,8267948
"122","Austria",2007,8295189
"123","Austria",2008,8321541
"124","Austria",2009,8341483
"125","Austria",2010,8361069
"126","Austria",2011,8388534
"127","Austria",2012,8426311
"128","Austria",2013,8468570
"129","Belgium",1950,8639369
"130","Belgium",1951,8678386
"131","Belgium",1952,8730405
"132","Belgium",1953,8777873
"133","Belgium",1954,8819374
"134","Belgium",1955,8868451
"135","Belgium",1956,8923800
"136","Belgium",1957,8989050
"137","Belgium",1958,9052650
"138","Belgium",1959,9103712
"139","Belgium",1960,9153489
"140","Belgium",1961,9183947
"141","Belgium",1962,9220577
"142","Belgium",1963,9289770
"143","Belgium",1964,9378113
"144","Belgium",1965,9463667
"145","Belgium",1966,9527807
"146","Belgium",1967,9580990
"147","Belgium",1968,9618755
"148","Belgium",1969,9646032
"149","Belgium",1970,9655549
"150","Belgium",1971,9673161
"151","Belgium",1972,9711114
"152","Belgium",1973,9741720
"153","Belgium",1974,9772419
"154","Belgium",1975,9800700
"155","Belgium",1976,9818227
"156","Belgium",1977,9830357
"157","Belgium",1978,9839533
"158","Belgium",1979,9848382
"159","Belgium",1980,9859242
"160","Belgium",1981,9858981
"161","Belgium",1982,9856303
"162","Belgium",1983,9855520
"163","Belgium",1984,9855372
"164","Belgium",1985,9858308
"165","Belgium",1986,9861823
"166","Belgium",1987,9870233
"167","Belgium",1988,9901664
"168","Belgium",1989,9937697
"169","Belgium",1990,9967378
"170","Belgium",1991,10004490
"171","Belgium",1992,10045160
"172","Belgium",1993,10084480
"173","Belgium",1994,10115600
"174","Belgium",1995,10136810
"175","Belgium",1996,10156640
"176","Belgium",1997,10181250
"177","Belgium",1998,10203010
"178","Belgium",1999,10226420
"179","Belgium",2000,10251250
"180","Belgium",2001,10286570
"181","Belgium",2002,10332780
"182","Belgium",2003,10376130
"183","Belgium",2004,10421140
"184","Belgium",2005,10478620
"185","Belgium",2006,10547960
"186","Belgium",2007,10625700
"187","Belgium",2008,10709970
"188","Belgium",2009,10796490
"189","Belgium",2010,10920270
"190","Belgium",2011,11047740
"191","Belgium",2012,11128250
"192","Belgium",2013,NA
"193","Canada",1950,14019000
"194","Canada",1951,14318000
"195","Canada",1952,14776000
"196","Canada",1953,15170000
"197","Canada",1954,15621000
"198","Canada",1955,16040000
"199","Canada",1956,16431000
"200","Canada",1957,16971000
"201","Canada",1958,17450000
"202","Canada",1959,17861000
"203","Canada",1960,18256000
"204","Canada",1961,18635000
"205","Canada",1962,18989000
"206","Canada",1963,19347000
"207","Canada",1964,19720000
"208","Canada",1965,20084000
"209","Canada",1966,20421000
"210","Canada",1967,20795000
"211","Canada",1968,21129000
"212","Canada",1969,21440000
"213","Canada",1970,21746000
"214","Canada",1971,21962000
"215","Canada",1972,22218000
"216","Canada",1973,22492000
"217","Canada",1974,22808000
"218","Canada",1975,23143000
"219","Canada",1976,23450000
"220","Canada",1977,23726000
"221","Canada",1978,23963000
"222","Canada",1979,24202000
"223","Canada",1980,24516000
"224","Canada",1981,24820000
"225","Canada",1982,25117000
"226","Canada",1983,25366000
"227","Canada",1984,25607000
"228","Canada",1985,25842000
"229","Canada",1986,26100000
"230","Canada",1987,26447000
"231","Canada",1988,26792000
"232","Canada",1989,27277000
"233","Canada",1990,27691140
"234","Canada",1991,28037420
"235","Canada",1992,28371260
"236","Canada",1993,28684760
"237","Canada",1994,29000660
"238","Canada",1995,29302310
"239","Canada",1996,29610220
"240","Canada",1997,29905950
"241","Canada",1998,30155170
"242","Canada",1999,30401290
"243","Canada",2000,30685730
"244","Canada",2001,31019020
"245","Canada",2002,31353660
"246","Canada",2003,31639670
"247","Canada",2004,31940680
"248","Canada",2005,32245210
"249","Canada",2006,32576070
"250","Canada",2007,32927520
"251","Canada",2008,33317660
"252","Canada",2009,33726920
"253","Canada",2010,34126550
"254","Canada",2011,34483980
"255","Canada",2012,34880490
"256","Canada",2013,NA
"257","Chile",1950,6081931
"258","Chile",1951,6218333
"259","Chile",1952,6354736
"260","Chile",1953,6491137
"261","Chile",1954,6627540
"262","Chile",1955,6763940
"263","Chile",1956,6939809
"264","Chile",1957,7115675
"265","Chile",1958,7291542
"266","Chile",1959,7467409
"267","Chile",1960,7643277
"268","Chile",1961,7843945
"269","Chile",1962,8044614
"270","Chile",1963,8245284
"271","Chile",1964,8445953
"272","Chile",1965,8646622
"273","Chile",1966,8831223
"274","Chile",1967,9015825
"275","Chile",1968,9200427
"276","Chile",1969,9385028
"277","Chile",1970,9569631
"278","Chile",1971,9738347
"279","Chile",1972,9907065
"280","Chile",1973,10075780
"281","Chile",1974,10244500
"282","Chile",1975,10413220
"283","Chile",1976,10565410
"284","Chile",1977,10717600
"285","Chile",1978,10869790
"286","Chile",1979,11021980
"287","Chile",1980,11174170
"288","Chile",1981,11359770
"289","Chile",1982,11545370
"290","Chile",1983,11730970
"291","Chile",1984,11916570
"292","Chile",1985,12102170
"293","Chile",1986,12317490
"294","Chile",1987,12532820
"295","Chile",1988,12748140
"296","Chile",1989,12963460
"297","Chile",1990,13178780
"298","Chile",1991,13422010
"299","Chile",1992,13665240
"300","Chile",1993,13908470
"301","Chile",1994,14151710
"302","Chile",1995,14394940
"303","Chile",1996,14595500
"304","Chile",1997,14796080
"305","Chile",1998,14996650
"306","Chile",1999,15197210
"307","Chile",2000,15397780
"308","Chile",2001,15571680
"309","Chile",2002,15745580
"310","Chile",2003,15919480
"311","Chile",2004,16093380
"312","Chile",2005,16267280
"313","Chile",2006,16432670
"314","Chile",2007,16598070
"315","Chile",2008,16763470
"316","Chile",2009,16928870
"317","Chile",2010,17094280
"318","Chile",2011,17248450
"319","Chile",2012,17402630
"320","Chile",2013,17556820
"321","Czech Republic",1950,8925122
"322","Czech Republic",1951,9023170
"323","Czech Republic",1952,9125183
"324","Czech Republic",1953,9220908
"325","Czech Republic",1954,9290617
"326","Czech Republic",1955,9365969
"327","Czech Republic",1956,9442040
"328","Czech Republic",1957,9513758
"329","Czech Republic",1958,9574650
"330","Czech Republic",1959,9618554
"331","Czech Republic",1960,9659818
"332","Czech Republic",1961,9588016
"333","Czech Republic",1962,9621808
"334","Czech Republic",1963,9668741
"335","Czech Republic",1964,9730019
"336","Czech Republic",1965,9785102
"337","Czech Republic",1966,9826188
"338","Czech Republic",1967,9854241
"339","Czech Republic",1968,9877632
"340","Czech Republic",1969,9896695
"341","Czech Republic",1970,9805157
"342","Czech Republic",1971,9830602
"343","Czech Republic",1972,9868379
"344","Czech Republic",1973,9919519
"345","Czech Republic",1974,9994761
"346","Czech Republic",1975,10062370
"347","Czech Republic",1976,10128220
"348","Czech Republic",1977,10189310
"349","Czech Republic",1978,10245690
"350","Czech Republic",1979,10296490
"351","Czech Republic",1980,10326790
"352","Czech Republic",1981,10303210
"353","Czech Republic",1982,10314320
"354","Czech Republic",1983,10322820
"355","Czech Republic",1984,10330480
"356","Czech Republic",1985,10336740
"357","Czech Republic",1986,10340740
"358","Czech Republic",1987,10348830
"359","Czech Republic",1988,10356360
"360","Czech Republic",1989,10362260
"361","Czech Republic",1990,10362740
"362","Czech Republic",1991,10308680
"363","Czech Republic",1992,10317810
"364","Czech Republic",1993,10330610
"365","Czech Republic",1994,10336160
"366","Czech Republic",1995,10330760
"367","Czech Republic",1996,10315350
"368","Czech Republic",1997,10303640
"369","Czech Republic",1998,10294940
"370","Czech Republic",1999,10282780
"371","Czech Republic",2000,10272500
"372","Czech Republic",2001,10224190
"373","Czech Republic",2002,10200770
"374","Czech Republic",2003,10201650
"375","Czech Republic",2004,10206920
"376","Czech Republic",2005,10234090
"377","Czech Republic",2006,10266650
"378","Czech Republic",2007,10322690
"379","Czech Republic",2008,10429690
"380","Czech Republic",2009,10491490
"381","Czech Republic",2010,10517250
"382","Czech Republic",2011,10496670
"383","Czech Republic",2012,10509290
"384","Czech Republic",2013,10510720
"385","Czech Republic",2014,10524780
"386","Denmark",1950,4268468
"387","Denmark",1951,4300383
"388","Denmark",1952,4332363
"389","Denmark",1953,4369277
"390","Denmark",1954,4406575
"391","Denmark",1955,4439006
"392","Denmark",1956,4466520
"393","Denmark",1957,4489869
"394","Denmark",1958,4516287
"395","Denmark",1959,4548658
"396","Denmark",1960,4579602
"397","Denmark",1961,4611687
"398","Denmark",1962,4647726
"399","Denmark",1963,4684482
"400","Denmark",1964,4722072
"401","Denmark",1965,4759011
"402","Denmark",1966,4797380
"403","Denmark",1967,4835354
"404","Denmark",1968,4864882
"405","Denmark",1969,4891859
"406","Denmark",1970,4928756
"407","Denmark",1971,4963125
"408","Denmark",1972,4991595
"409","Denmark",1973,5021860
"410","Denmark",1974,5045296
"411","Denmark",1975,5059861
"412","Denmark",1976,5072595
"413","Denmark",1977,5088418
"414","Denmark",1978,5104248
"415","Denmark",1979,5116800
"416","Denmark",1980,5123027
"417","Denmark",1981,5121572
"418","Denmark",1982,5117809
"419","Denmark",1983,5114297
"420","Denmark",1984,5111619
"421","Denmark",1985,5113690
"422","Denmark",1986,5120533
"423","Denmark",1987,5127024
"424","Denmark",1988,5129515
"425","Denmark",1989,5132593
"426","Denmark",1990,5140939
"427","Denmark",1991,5154297
"428","Denmark",1992,5171370
"429","Denmark",1993,5188628
"430","Denmark",1994,5206180
"431","Denmark",1995,5233372
"432","Denmark",1996,5263073
"433","Denmark",1997,5284990
"434","Denmark",1998,5304218
"435","Denmark",1999,5321798
"436","Denmark",2000,5339615
"437","Denmark",2001,5358782
"438","Denmark",2002,5375930
"439","Denmark",2003,5390573
"440","Denmark",2004,5404522
"441","Denmark",2005,5419432
"442","Denmark",2006,5437271
"443","Denmark",2007,5461437
"444","Denmark",2008,5493621
"445","Denmark",2009,5523094
"446","Denmark",2010,5547683
"447","Denmark",2011,5570572
"448","Denmark",2012,5591572
"449","Estonia",1950,1036369
"450","Estonia",1951,1061635
"451","Estonia",1952,1083101
"452","Estonia",1953,1106488
"453","Estonia",1954,1128927
"454","Estonia",1955,1144216
"455","Estonia",1956,1157900
"456","Estonia",1957,1171863
"457","Estonia",1958,1185073
"458","Estonia",1959,1198895
"459","Estonia",1960,1211537
"460","Estonia",1961,1225076
"461","Estonia",1962,1241622
"462","Estonia",1963,1258857
"463","Estonia",1964,1277086
"464","Estonia",1965,1294566
"465","Estonia",1966,1308596
"466","Estonia",1967,1318946
"467","Estonia",1968,1331213
"468","Estonia",1969,1345249
"469","Estonia",1970,1360075
"470","Estonia",1971,1376955
"471","Estonia",1972,1392518
"472","Estonia",1973,1405951
"473","Estonia",1974,1418169
"474","Estonia",1975,1429351
"475","Estonia",1976,1439576
"476","Estonia",1977,1450211
"477","Estonia",1978,1460188
"478","Estonia",1979,1468333
"479","Estonia",1980,1477218
"480","Estonia",1981,1487666
"481","Estonia",1982,1498414
"482","Estonia",1983,1508745
"483","Estonia",1984,1518616
"484","Estonia",1985,1528781
"485","Estonia",1986,1540190
"486","Estonia",1987,1552220
"487","Estonia",1988,1561899
"488","Estonia",1989,1568130
"489","Estonia",1990,1569174
"490","Estonia",1991,1561313
"491","Estonia",1992,1533090
"492","Estonia",1993,1494127
"493","Estonia",1994,1462513
"494","Estonia",1995,1436633
"495","Estonia",1996,1415594
"496","Estonia",1997,1399535
"497","Estonia",1998,1386155
"498","Estonia",1999,1380619
"499","Estonia",2000,1379342
"500","Estonia",2001,1373510
"501","Estonia",2002,1367507
"502","Estonia",2003,1361564
"503","Estonia",2004,1356152
"504","Estonia",2005,1351231
"505","Estonia",2006,1346034
"506","Estonia",2007,1342330
"507","Estonia",2008,1340264
"508","Estonia",2009,1338497
"509","Estonia",2010,1336886
"510","Estonia",2011,1334947
"511","Estonia",2012,1329301
"512","Estonia",2013,1320174
"513","Finland",1950,4009000
"514","Finland",1951,4048000
"515","Finland",1952,4088000
"516","Finland",1953,4141000
"517","Finland",1954,4186000
"518","Finland",1955,4235000
"519","Finland",1956,4282000
"520","Finland",1957,4325000
"521","Finland",1958,4361000
"522","Finland",1959,4396000
"523","Finland",1960,4427000
"524","Finland",1961,4461000
"525","Finland",1962,4491000
"526","Finland",1963,4524000
"527","Finland",1964,4548000
"528","Finland",1965,4565000
"529","Finland",1966,4580000
"530","Finland",1967,4608000
"531","Finland",1968,4624000
"532","Finland",1969,4624000
"533","Finland",1970,4605000
"534","Finland",1971,4613000
"535","Finland",1972,4639000
"536","Finland",1973,4667000
"537","Finland",1974,4690000
"538","Finland",1975,4712000
"539","Finland",1976,4728000
"540","Finland",1977,4738000
"541","Finland",1978,4753000
"542","Finland",1979,4763000
"543","Finland",1980,4780000
"544","Finland",1981,4801000
"545","Finland",1982,4828000
"546","Finland",1983,4856000
"547","Finland",1984,4881000
"548","Finland",1985,4902000
"549","Finland",1986,4917000
"550","Finland",1987,4931000
"551","Finland",1988,4948000
"552","Finland",1989,4965000
"553","Finland",1990,4987000
"554","Finland",1991,5014000
"555","Finland",1992,5039000
"556","Finland",1993,5066000
"557","Finland",1994,5088000
"558","Finland",1995,5107000
"559","Finland",1996,5126000
"560","Finland",1997,5137000
"561","Finland",1998,5156000
"562","Finland",1999,5165000
"563","Finland",2000,5175000
"564","Finland",2001,5187000
"565","Finland",2002,5200000
"566","Finland",2003,5211000
"567","Finland",2004,5227000
"568","Finland",2005,5248000
"569","Finland",2006,5267000
"570","Finland",2007,5290000
"571","Finland",2008,5313000
"572","Finland",2009,5338000
"573","Finland",2010,5362000
"574","Finland",2011,5386000
"575","Finland",2012,5413000
"576","Finland",2013,5440000
"577","France",1950,41828710
"578","France",1951,42155530
"579","France",1952,42459670
"580","France",1953,42751750
"581","France",1954,43056510
"582","France",1955,43427670
"583","France",1956,43843070
"584","France",1957,44310860
"585","France",1958,44788850
"586","France",1959,45239730
"587","France",1960,45684220
"588","France",1961,46162830
"589","France",1962,46997700
"590","France",1963,47816220
"591","France",1964,48310420
"592","France",1965,48757800
"593","France",1966,49163660
"594","France",1967,49548300
"595","France",1968,49915400
"596","France",1969,50317980
"597","France",1970,50772220
"598","France",1971,51251090
"599","France",1972,51700910
"600","France",1973,52118300
"601","France",1974,52460360
"602","France",1975,52699170
"603","France",1976,52908670
"604","France",1977,53145280
"605","France",1978,53376320
"606","France",1979,53606230
"607","France",1980,53880010
"608","France",1981,54181820
"609","France",1982,54492490
"610","France",1983,54772420
"611","France",1984,55026080
"612","France",1985,55284270
"613","France",1986,55546510
"614","France",1987,55823960
"615","France",1988,56117980
"616","France",1989,56423400
"617","France",1990,56708830
"618","France",1991,56975600
"619","France",1992,57239850
"620","France",1993,57467080
"621","France",1994,57658770
"622","France",1995,57844250
"623","France",1996,58025990
"624","France",1997,58207490
"625","France",1998,58397790
"626","France",1999,58677400
"627","France",2000,59062380
"628","France",2001,59476240
"629","France",2002,59893870
"630","France",2003,60303630
"631","France",2004,60734340
"632","France",2005,61181500
"633","France",2006,61597480
"634","France",2007,61965050
"635","France",2008,62300290
"636","France",2009,62615470
"637","France",2010,62917790
"638","France",2011,63223160
"639","France",2012,63514000
"640","France",2013,63786140
"641","Germany",1950,68376000
"642","Germany",1951,69565600
"643","Germany",1952,69974840
"644","Germany",1953,70365350
"645","Germany",1954,70755380
"646","Germany",1955,71147380
"647","Germany",1956,71146610
"648","Germany",1957,71209170
"649","Germany",1958,71752950
"650","Germany",1959,72286930
"651","Germany",1960,72814900
"652","Germany",1961,73377630
"653","Germany",1962,74025780
"654","Germany",1963,74714350
"655","Germany",1964,75318340
"656","Germany",1965,75963700
"657","Germany",1966,76600310
"658","Germany",1967,76951340
"659","Germany",1968,77294310
"660","Germany",1969,77909680
"661","Germany",1970,78169290
"662","Germany",1971,78312840
"663","Germany",1972,78688450
"664","Germany",1973,78936660
"665","Germany",1974,78967430
"666","Germany",1975,78673550
"667","Germany",1976,78336950
"668","Germany",1977,78159820
"669","Germany",1978,78091820
"670","Germany",1979,78126350
"671","Germany",1980,78288580
"672","Germany",1981,78407900
"673","Germany",1982,78333370
"674","Germany",1983,78128280
"675","Germany",1984,77858690
"676","Germany",1985,77684870
"677","Germany",1986,77720430
"678","Germany",1987,77839920
"679","Germany",1988,78144620
"680","Germany",1989,78751280
"681","Germany",1990,79433030
"682","Germany",1991,80013900
"683","Germany",1992,80624600
"684","Germany",1993,81156360
"685","Germany",1994,81438350
"686","Germany",1995,81678050
"687","Germany",1996,81914830
"688","Germany",1997,82034770
"689","Germany",1998,82047190
"690","Germany",1999,82100240
"691","Germany",2000,82211500
"692","Germany",2001,82349920
"693","Germany",2002,82488500
"694","Germany",2003,82534180
"695","Germany",2004,82516260
"696","Germany",2005,82469420
"697","Germany",2006,82376450
"698","Germany",2007,82266370
"699","Germany",2008,82110100
"700","Germany",2009,81902300
"701","Germany",2010,81776930
"702","Germany",2011,81797670
"703","Germany",2012,81932160
"704","Germany",2013,NA
"705","Greece",1950,7554102
"706","Greece",1951,7632801
"707","Greece",1952,7743746
"708","Greece",1953,7836110
"709","Greece",1954,7893412
"710","Greece",1955,7965538
"711","Greece",1956,8031013
"712","Greece",1957,8096218
"713","Greece",1958,8173129
"714","Greece",1959,8258162
"715","Greece",1960,8331724
"716","Greece",1961,8398050
"717","Greece",1962,8448233
"718","Greece",1963,8479625
"719","Greece",1964,8510429
"720","Greece",1965,8550333
"721","Greece",1966,8613651
"722","Greece",1967,8684088
"723","Greece",1968,8740765
"724","Greece",1969,8772764
"725","Greece",1970,8792806
"726","Greece",1971,8831036
"727","Greece",1972,8888628
"728","Greece",1973,8929086
"729","Greece",1974,8962021
"730","Greece",1975,9046540
"731","Greece",1976,9188150
"732","Greece",1977,9308479
"733","Greece",1978,9429959
"734","Greece",1979,9548258
"735","Greece",1980,9642505
"736","Greece",1981,9729350
"737","Greece",1982,9789513
"738","Greece",1983,9846627
"739","Greece",1984,9895801
"740","Greece",1985,9934300
"741","Greece",1986,9967213
"742","Greece",1987,10000590
"743","Greece",1988,10036980
"744","Greece",1989,10089500
"745","Greece",1990,10156900
"746","Greece",1991,10256290
"747","Greece",1992,10369870
"748","Greece",1993,10465530
"749","Greece",1994,10553040
"750","Greece",1995,10634390
"751","Greece",1996,10709170
"752","Greece",1997,10776500
"753","Greece",1998,10834880
"754","Greece",1999,10882580
"755","Greece",2000,10917480
"756","Greece",2001,10950000
"757","Greece",2002,10983000
"758","Greece",2003,11016000
"759","Greece",2004,11057000
"760","Greece",2005,11093000
"761","Greece",2006,11131000
"762","Greece",2007,11163000
"763","Greece",2008,11186000
"764","Greece",2009,11185000
"765","Greece",2010,11153000
"766","Greece",2011,11124000
"767","Greece",2012,11090000
"768","Hungary",1950,9337770
"769","Hungary",1951,9422958
"770","Hungary",1952,9504043
"771","Hungary",1953,9595144
"772","Hungary",1954,9705833
"773","Hungary",1955,9824908
"774","Hungary",1956,9855888
"775","Hungary",1957,9839364
"776","Hungary",1958,9881594
"777","Hungary",1959,9937033
"778","Hungary",1960,9983512
"779","Hungary",1961,10027960
"780","Hungary",1962,10060830
"781","Hungary",1963,10087950
"782","Hungary",1964,10119830
"783","Hungary",1965,10147940
"784","Hungary",1966,10178650
"785","Hungary",1967,10216600
"786","Hungary",1968,10255810
"787","Hungary",1969,10298720
"788","Hungary",1970,10337910
"789","Hungary",1971,10367540
"790","Hungary",1972,10398490
"791","Hungary",1973,10432060
"792","Hungary",1974,10478720
"793","Hungary",1975,10540530
"794","Hungary",1976,10598680
"795","Hungary",1977,10648030
"796","Hungary",1978,10684820
"797","Hungary",1979,10704150
"798","Hungary",1980,10711120
"799","Hungary",1981,10711850
"800","Hungary",1982,10705530
"801","Hungary",1983,10689460
"802","Hungary",1984,10668100
"803","Hungary",1985,10648710
"804","Hungary",1986,10630560
"805","Hungary",1987,10612740
"806","Hungary",1988,10596490
"807","Hungary",1989,10481720
"808","Hungary",1990,10373990
"809","Hungary",1991,10373400
"810","Hungary",1992,10369340
"811","Hungary",1993,10357520
"812","Hungary",1994,10343360
"813","Hungary",1995,10328960
"814","Hungary",1996,10311240
"815","Hungary",1997,10290490
"816","Hungary",1998,10266570
"817","Hungary",1999,10237530
"818","Hungary",2000,10210970
"819","Hungary",2001,10187580
"820","Hungary",2002,10158610
"821","Hungary",2003,10129550
"822","Hungary",2004,10107150
"823","Hungary",2005,10087070
"824","Hungary",2006,10071370
"825","Hungary",2007,10055780
"826","Hungary",2008,10038190
"827","Hungary",2009,10022650
"828","Hungary",2010,10000020
"829","Hungary",2011,9958823
"830","Hungary",2012,9920361
"831","Hungary",2013,9886774
"832","Hungary",2014,NA
"833","Iceland",1950,142668
"834","Iceland",1951,145417
"835","Iceland",1952,148080
"836","Iceland",1953,151199
"837","Iceland",1954,154563
"838","Iceland",1955,158044
"839","Iceland",1956,161358
"840","Iceland",1957,165110
"841","Iceland",1958,168771
"842","Iceland",1959,172314
"843","Iceland",1960,175860
"844","Iceland",1961,178906
"845","Iceland",1962,182053
"846","Iceland",1963,185481
"847","Iceland",1964,188848
"848","Iceland",1965,192288
"849","Iceland",1966,195610
"850","Iceland",1967,198675
"851","Iceland",1968,201245
"852","Iceland",1969,202921
"853","Iceland",1970,204105
"854","Iceland",1971,206092
"855","Iceland",1972,209275
"856","Iceland",1973,212364
"857","Iceland",1974,215324
"858","Iceland",1975,218031
"859","Iceland",1976,220133
"860","Iceland",1977,221823
"861","Iceland",1978,223587
"862","Iceland",1979,225749
"863","Iceland",1980,228161
"864","Iceland",1981,230803
"865","Iceland",1982,233997
"866","Iceland",1983,237041
"867","Iceland",1984,239498
"868","Iceland",1985,241403
"869","Iceland",1986,243209
"870","Iceland",1987,245962
"871","Iceland",1988,249885
"872","Iceland",1989,252746
"873","Iceland",1990,254788
"874","Iceland",1991,257965
"875","Iceland",1992,261103
"876","Iceland",1993,263783
"877","Iceland",1994,266006
"878","Iceland",1995,267380
"879","Iceland",1996,268927
"880","Iceland",1997,270915
"881","Iceland",1998,273794
"882","Iceland",1999,277184
"883","Iceland",2000,281154
"884","Iceland",2001,285054
"885","Iceland",2002,287559
"886","Iceland",2003,289272
"887","Iceland",2004,292587
"888","Iceland",2005,295864
"889","Iceland",2006,304334
"890","Iceland",2007,311396
"891","Iceland",2008,319355
"892","Iceland",2009,319246
"893","Iceland",2010,318006
"894","Iceland",2011,319013.5
"895","Iceland",2012,NA
"896","Iceland",2013,NA
"897","Ireland",1950,2969000
"898","Ireland",1951,2960600
"899","Ireland",1952,2952900
"900","Ireland",1953,2949000
"901","Ireland",1954,2941200
"902","Ireland",1955,2920900
"903","Ireland",1956,2898500
"904","Ireland",1957,2885300
"905","Ireland",1958,2852700
"906","Ireland",1959,2845600
"907","Ireland",1960,2832100
"908","Ireland",1961,2818300
"909","Ireland",1962,2830100
"910","Ireland",1963,2850000
"911","Ireland",1964,2863800
"912","Ireland",1965,2875800
"913","Ireland",1966,2884000
"914","Ireland",1967,2899700
"915","Ireland",1968,2912200
"916","Ireland",1969,2925200
"917","Ireland",1970,2949900
"918","Ireland",1971,2978200
"919","Ireland",1972,3024400
"920","Ireland",1973,3073000
"921","Ireland",1974,3123900
"922","Ireland",1975,3177200
"923","Ireland",1976,3227800
"924","Ireland",1977,3271900
"925","Ireland",1978,3314000
"926","Ireland",1979,3368200
"927","Ireland",1980,3401000
"928","Ireland",1981,3443400
"929","Ireland",1982,3480000
"930","Ireland",1983,3504000
"931","Ireland",1984,3529000
"932","Ireland",1985,3540000
"933","Ireland",1986,3540600
"934","Ireland",1987,3546500
"935","Ireland",1988,3530700
"936","Ireland",1989,3509500
"937","Ireland",1990,3505800
"938","Ireland",1991,3525700
"939","Ireland",1992,3554500
"940","Ireland",1993,3574100
"941","Ireland",1994,3585900
"942","Ireland",1995,3601300
"943","Ireland",1996,3626100
"944","Ireland",1997,3664300
"945","Ireland",1998,3703100
"946","Ireland",1999,3741600
"947","Ireland",2000,3789500
"948","Ireland",2001,3847200
"949","Ireland",2002,3917200
"950","Ireland",2003,3979900
"951","Ireland",2004,4045200
"952","Ireland",2005,4133800
"953","Ireland",2006,4232900
"954","Ireland",2007,4375800
"955","Ireland",2008,4485100
"956","Ireland",2009,4533400
"957","Ireland",2010,4554800
"958","Ireland",2011,4574900
"959","Ireland",2012,4585400
"960","Ireland",2013,4593100
"961","Ireland",2014,4609600
"962","Israel",1950,1103000
"963","Israel",1951,1324000
"964","Israel",1952,1429800
"965","Israel",1953,1467700
"966","Israel",1954,1500600
"967","Israel",1955,1555300
"968","Israel",1956,1626300
"969","Israel",1957,1721200
"970","Israel",1958,1782700
"971","Israel",1959,1836200
"972","Israel",1960,2150400
"973","Israel",1961,2234200
"974","Israel",1962,2331800
"975","Israel",1963,2430100
"976","Israel",1964,2525600
"977","Israel",1965,2598400
"978","Israel",1966,2657400
"979","Israel",1967,2708000
"980","Israel",1968,2806700
"981","Israel",1969,2879100
"982","Israel",1970,2958200
"983","Israel",1971,3045600
"984","Israel",1972,3225000
"985","Israel",1973,3277900
"986","Israel",1974,3377200
"987","Israel",1975,3455300
"988","Israel",1976,3533100
"989","Israel",1977,3613000
"990","Israel",1978,3692600
"991","Israel",1979,3786400
"992","Israel",1980,3877700
"993","Israel",1981,3949800
"994","Israel",1982,4020700
"995","Israel",1983,4106100
"996","Israel",1984,4159100
"997","Israel",1985,4233000
"998","Israel",1986,4298800
"999","Israel",1987,4368900
"1000","Israel",1988,4441700
"1001","Israel",1989,4518200
"1002","Israel",1990,4660200
"1003","Israel",1991,4949100
"1004","Israel",1992,5123500
"1005","Israel",1993,5261400
"1006","Israel",1994,5399300
"1007","Israel",1995,5544900
"1008","Israel",1996,5685100
"1009","Israel",1997,5828900
"1010","Israel",1998,5970700
"1011","Israel",1999,6125300
"1012","Israel",2000,6289200
"1013","Israel",2001,6439000
"1014","Israel",2002,6570000
"1015","Israel",2003,6689700
"1016","Israel",2004,6809000
"1017","Israel",2005,6930100
"1018","Israel",2006,7053700
"1019","Israel",2007,7180100
"1020","Israel",2008,7308800
"1021","Israel",2009,7485600
"1022","Israel",2010,7623600
"1023","Israel",2011,7765800
"1024","Israel",2012,7910500
"1025","Israel",2013,NA
"1026","Italy",1950,47104000
"1027","Italy",1951,47407200
"1028","Italy",1952,47716310
"1029","Italy",1953,48025470
"1030","Italy",1954,48331240
"1031","Italy",1955,48632600
"1032","Italy",1956,48931110
"1033","Italy",1957,49230750
"1034","Italy",1958,49476400
"1035","Italy",1959,49832800
"1036","Italy",1960,50199700
"1037","Italy",1961,50536350
"1038","Italy",1962,50879450
"1039","Italy",1963,51252000
"1040","Italy",1964,51675350
"1041","Italy",1965,52112350
"1042","Italy",1966,52519000
"1043","Italy",1967,52900500
"1044","Italy",1968,53235750
"1045","Italy",1969,53537950
"1046","Italy",1970,53821850
"1047","Italy",1971,54073490
"1048","Italy",1972,54381340
"1049","Italy",1973,54751400
"1050","Italy",1974,55110870
"1051","Italy",1975,55441000
"1052","Italy",1976,55718260
"1053","Italy",1977,55955410
"1054","Italy",1978,56155140
"1055","Italy",1979,56317750
"1056","Italy",1980,56433880
"1057","Italy",1981,56501670
"1058","Italy",1982,56543550
"1059","Italy",1983,56564070
"1060","Italy",1984,56576720
"1061","Italy",1985,56593070
"1062","Italy",1986,56596160
"1063","Italy",1987,56601930
"1064","Italy",1988,56629290
"1065","Italy",1989,56671780
"1066","Italy",1990,56719240
"1067","Italy",1991,56758520
"1068","Italy",1992,56797090
"1069","Italy",1993,56831820
"1070","Italy",1994,56843400
"1071","Italy",1995,56844300
"1072","Italy",1996,56860280
"1073","Italy",1997,56890370
"1074","Italy",1998,56906740
"1075","Italy",1999,56916320
"1076","Italy",2000,56942110
"1077","Italy",2001,56977220
"1078","Italy",2002,57157410
"1079","Italy",2003,57604660
"1080","Italy",2004,58175310
"1081","Italy",2005,58607040
"1082","Italy",2006,58941500
"1083","Italy",2007,59375290
"1084","Italy",2008,59832180
"1085","Italy",2009,60192700
"1086","Italy",2010,60483380
"1087","Italy",2011,60626440
"1088","Italy",2012,60916200
"1089","Italy",2013,61178360
"1090","Japan",1950,83200000
"1091","Japan",1951,84573000
"1092","Japan",1952,85852000
"1093","Japan",1953,87033000
"1094","Japan",1954,88293000
"1095","Japan",1955,89276000
"1096","Japan",1956,90259000
"1097","Japan",1957,91088000
"1098","Japan",1958,92010000
"1099","Japan",1959,92973000
"1100","Japan",1960,93419000
"1101","Japan",1961,94285000
"1102","Japan",1962,95178000
"1103","Japan",1963,96156000
"1104","Japan",1964,97186000
"1105","Japan",1965,98275000
"1106","Japan",1966,99054000
"1107","Japan",1967,100243000
"1108","Japan",1968,101408000
"1109","Japan",1969,102648000
"1110","Japan",1970,103720000
"1111","Japan",1971,105014000
"1112","Japan",1972,107332000
"1113","Japan",1973,108710000
"1114","Japan",1974,110049000
"1115","Japan",1975,111940000
"1116","Japan",1976,113089000
"1117","Japan",1977,114154000
"1118","Japan",1978,115174000
"1119","Japan",1979,116133000
"1120","Japan",1980,117060000
"1121","Japan",1981,117884000
"1122","Japan",1982,118693000
"1123","Japan",1983,119483000
"1124","Japan",1984,120235000
"1125","Japan",1985,121049000
"1126","Japan",1986,121672000
"1127","Japan",1987,122264000
"1128","Japan",1988,122783000
"1129","Japan",1989,123255000
"1130","Japan",1990,123611000
"1131","Japan",1991,124043000
"1132","Japan",1992,124452000
"1133","Japan",1993,124764000
"1134","Japan",1994,125034000
"1135","Japan",1995,125570000
"1136","Japan",1996,125864000
"1137","Japan",1997,126166000
"1138","Japan",1998,126486000
"1139","Japan",1999,126686000
"1140","Japan",2000,126926000
"1141","Japan",2001,127291000
"1142","Japan",2002,127435000
"1143","Japan",2003,127619000
"1144","Japan",2004,127687000
"1145","Japan",2005,127768000
"1146","Japan",2006,127770000
"1147","Japan",2007,127771000
"1148","Japan",2008,127692000
"1149","Japan",2009,127510000
"1150","Japan",2010,128057000
"1151","Japan",2011,127799000
"1152","Japan",2012,127515000
"1153","Japan",2013,127298000
"1154","Korea",1950,18858670
"1155","Korea",1951,19228110
"1156","Korea",1952,19678630
"1157","Korea",1953,20200980
"1158","Korea",1954,20785480
"1159","Korea",1955,21421990
"1160","Korea",1956,22099860
"1161","Korea",1957,22807990
"1162","Korea",1958,23535060
"1163","Korea",1959,24269990
"1164","Korea",1960,25012370
"1165","Korea",1961,25765670
"1166","Korea",1962,26513030
"1167","Korea",1963,27261750
"1168","Korea",1964,27984160
"1169","Korea",1965,28704670
"1170","Korea",1966,29435570
"1171","Korea",1967,30130980
"1172","Korea",1968,30838300
"1173","Korea",1969,31544270
"1174","Korea",1970,32240830
"1175","Korea",1971,32882700
"1176","Korea",1972,33505410
"1177","Korea",1973,34103150
"1178","Korea",1974,34692260
"1179","Korea",1975,35280720
"1180","Korea",1976,35848520
"1181","Korea",1977,36411800
"1182","Korea",1978,36969180
"1183","Korea",1979,37534240
"1184","Korea",1980,38123780
"1185","Korea",1981,38723250
"1186","Korea",1982,39326350
"1187","Korea",1983,39910400
"1188","Korea",1984,40405960
"1189","Korea",1985,40805740
"1190","Korea",1986,41213670
"1191","Korea",1987,41621690
"1192","Korea",1988,42031250
"1193","Korea",1989,42449040
"1194","Korea",1990,42869280
"1195","Korea",1991,43295700
"1196","Korea",1992,43747960
"1197","Korea",1993,44194630
"1198","Korea",1994,44641540
"1199","Korea",1995,45092990
"1200","Korea",1996,45524680
"1201","Korea",1997,45953580
"1202","Korea",1998,46286500
"1203","Korea",1999,46616680
"1204","Korea",2000,47008110
"1205","Korea",2001,47357360
"1206","Korea",2002,47622180
"1207","Korea",2003,47859310
"1208","Korea",2004,48039420
"1209","Korea",2005,48138080
"1210","Korea",2006,48371940
"1211","Korea",2007,48597650
"1212","Korea",2008,48948700
"1213","Korea",2009,49182040
"1214","Korea",2010,49410370
"1215","Korea",2011,49779440
"1216","Korea",2012,50004440
"1217","Korea",2013,50219670
"1218","Luxembourg",1950,296001
"1219","Luxembourg",1951,297204
"1220","Luxembourg",1952,299055
"1221","Luxembourg",1953,301135
"1222","Luxembourg",1954,303172
"1223","Luxembourg",1955,305000
"1224","Luxembourg",1956,306597
"1225","Luxembourg",1957,308070
"1226","Luxembourg",1958,309610
"1227","Luxembourg",1959,311508
"1228","Luxembourg",1960,313969
"1229","Luxembourg",1961,316844
"1230","Luxembourg",1962,320750
"1231","Luxembourg",1963,324100
"1232","Luxembourg",1964,327750
"1233","Luxembourg",1965,331500
"1234","Luxembourg",1966,333895
"1235","Luxembourg",1967,334995
"1236","Luxembourg",1968,335850
"1237","Luxembourg",1969,337500
"1238","Luxembourg",1970,339170
"1239","Luxembourg",1971,342420
"1240","Luxembourg",1972,346600
"1241","Luxembourg",1973,350450
"1242","Luxembourg",1974,355050
"1243","Luxembourg",1975,358950
"1244","Luxembourg",1976,360731
"1245","Luxembourg",1977,361357
"1246","Luxembourg",1978,362007
"1247","Luxembourg",1979,362855
"1248","Luxembourg",1980,364150
"1249","Luxembourg",1981,365225
"1250","Luxembourg",1982,365525
"1251","Luxembourg",1983,365622
"1252","Luxembourg",1984,365998
"1253","Luxembourg",1985,366706
"1254","Luxembourg",1986,368355
"1255","Luxembourg",1987,370750
"1256","Luxembourg",1988,373450
"1257","Luxembourg",1989,377100
"1258","Luxembourg",1990,381850
"1259","Luxembourg",1991,387000
"1260","Luxembourg",1992,392175
"1261","Luxembourg",1993,397475
"1262","Luxembourg",1994,402925
"1263","Luxembourg",1995,408625
"1264","Luxembourg",1996,414225
"1265","Luxembourg",1997,419450
"1266","Luxembourg",1998,424700
"1267","Luxembourg",1999,430475
"1268","Luxembourg",2000,436300
"1269","Luxembourg",2001,441525
"1270","Luxembourg",2002,446175
"1271","Luxembourg",2003,451630
"1272","Luxembourg",2004,458095
"1273","Luxembourg",2005,465158
"1274","Luxembourg",2006,472636
"1275","Luxembourg",2007,479993
"1276","Luxembourg",2008,488649
"1277","Luxembourg",2009,497783
"1278","Luxembourg",2010,506953
"1279","Luxembourg",2011,518346
"1280","Luxembourg",2012,530946
"1281","Luxembourg",2013,NA
"1282","Mexico",1950,27136770
"1283","Mexico",1951,27859730
"1284","Mexico",1952,28627670
"1285","Mexico",1953,29441420
"1286","Mexico",1954,30302310
"1287","Mexico",1955,31216720
"1288","Mexico",1956,32180440
"1289","Mexico",1957,33193000
"1290","Mexico",1958,34255350
"1291","Mexico",1959,35368620
"1292","Mexico",1960,36531060
"1293","Mexico",1961,37743220
"1294","Mexico",1962,39006140
"1295","Mexico",1963,40317530
"1296","Mexico",1964,41674530
"1297","Mexico",1965,43075180
"1298","Mexico",1966,44517860
"1299","Mexico",1967,46000060
"1300","Mexico",1968,47518100
"1301","Mexico",1969,49066740
"1302","Mexico",1970,50627950
"1303","Mexico",1971,52206370
"1304","Mexico",1972,53810380
"1305","Mexico",1973,55432400
"1306","Mexico",1974,57070230
"1307","Mexico",1975,58717410
"1308","Mexico",1976,60368700
"1309","Mexico",1977,62017460
"1310","Mexico",1978,63030180
"1311","Mexico",1979,64980420
"1312","Mexico",1980,66737490
"1313","Mexico",1981,68446660
"1314","Mexico",1982,70170690
"1315","Mexico",1983,71925800
"1316","Mexico",1984,73745920
"1317","Mexico",1985,75687780
"1318","Mexico",1986,77987790
"1319","Mexico",1987,80769330
"1320","Mexico",1988,83354620
"1321","Mexico",1989,85497240
"1322","Mexico",1990,87064850
"1323","Mexico",1991,88630940
"1324","Mexico",1992,90132580
"1325","Mexico",1993,91600660
"1326","Mexico",1994,93055300
"1327","Mexico",1995,94490340
"1328","Mexico",1996,95876660
"1329","Mexico",1997,97204610
"1330","Mexico",1998,98485420
"1331","Mexico",1999,99706060
"1332","Mexico",2000,100895800
"1333","Mexico",2001,102122300
"1334","Mexico",2002,103417900
"1335","Mexico",2003,104719900
"1336","Mexico",2004,105951600
"1337","Mexico",2005,107151000
"1338","Mexico",2006,108408800
"1339","Mexico",2007,109787400
"1340","Mexico",2008,111299000
"1341","Mexico",2009,112852600
"1342","Mexico",2010,114255600
"1343","Mexico",2011,115682900
"1344","Mexico",2012,117053800
"1345","Mexico",2013,118395100
"1346","Mexico",2014,NA
"1347","Netherlands",1950,10113530
"1348","Netherlands",1951,10264310
"1349","Netherlands",1952,10381980
"1350","Netherlands",1953,10493180
"1351","Netherlands",1954,10615390
"1352","Netherlands",1955,10750840
"1353","Netherlands",1956,10889360
"1354","Netherlands",1957,11026380
"1355","Netherlands",1958,11186880
"1356","Netherlands",1959,11347640
"1357","Netherlands",1960,11486630
"1358","Netherlands",1961,11638710
"1359","Netherlands",1962,11805690
"1360","Netherlands",1963,11965970
"1361","Netherlands",1964,12127120
"1362","Netherlands",1965,12294730
"1363","Netherlands",1966,12456250
"1364","Netherlands",1967,12598200
"1365","Netherlands",1968,12729720
"1366","Netherlands",1969,12877980
"1367","Netherlands",1970,13038530
"1368","Netherlands",1971,13194500
"1369","Netherlands",1972,13328590
"1370","Netherlands",1973,13439320
"1371","Netherlands",1974,13545060
"1372","Netherlands",1975,13666340
"1373","Netherlands",1976,13774040
"1374","Netherlands",1977,13856180
"1375","Netherlands",1978,13941700
"1376","Netherlands",1979,14038270
"1377","Netherlands",1980,14149800
"1378","Netherlands",1981,14247210
"1379","Netherlands",1982,14312690
"1380","Netherlands",1983,14367070
"1381","Netherlands",1984,14424210
"1382","Netherlands",1985,14491630
"1383","Netherlands",1986,14572280
"1384","Netherlands",1987,14665040
"1385","Netherlands",1988,14760090
"1386","Netherlands",1989,14848910
"1387","Netherlands",1990,14951510
"1388","Netherlands",1991,15069800
"1389","Netherlands",1992,15184170
"1390","Netherlands",1993,15290370
"1391","Netherlands",1994,15382840
"1392","Netherlands",1995,15459010
"1393","Netherlands",1996,15530500
"1394","Netherlands",1997,15610650
"1395","Netherlands",1998,15707210
"1396","Netherlands",1999,15812090
"1397","Netherlands",2000,15925510
"1398","Netherlands",2001,16046180
"1399","Netherlands",2002,16148930
"1400","Netherlands",2003,16225300
"1401","Netherlands",2004,16281780
"1402","Netherlands",2005,16319870
"1403","Netherlands",2006,16346100
"1404","Netherlands",2007,16381700
"1405","Netherlands",2008,16445590
"1406","Netherlands",2009,16530390
"1407","Netherlands",2010,16615390
"1408","Netherlands",2011,16693070
"1409","Netherlands",2012,16754960
"1410","New Zealand",1950,1909835
"1411","New Zealand",1951,1949185
"1412","New Zealand",1952,1997720
"1413","New Zealand",1953,2049740
"1414","New Zealand",1954,2096610
"1415","New Zealand",1955,2141610
"1416","New Zealand",1956,2187055
"1417","New Zealand",1957,2236105
"1418","New Zealand",1958,2289440
"1419","New Zealand",1959,2337880
"1420","New Zealand",1960,2381670
"1421","New Zealand",1961,2432380
"1422","New Zealand",1962,2488530
"1423","New Zealand",1963,2541415
"1424","New Zealand",1964,2591965
"1425","New Zealand",1965,2640400
"1426","New Zealand",1966,2687580
"1427","New Zealand",1967,2728115
"1428","New Zealand",1968,2758885
"1429","New Zealand",1969,2788435
"1430","New Zealand",1970,2828020
"1431","New Zealand",1971,2875305
"1432","New Zealand",1972,2929135
"1433","New Zealand",1973,2992335
"1434","New Zealand",1974,3058435
"1435","New Zealand",1975,3117765
"1436","New Zealand",1976,3153535
"1437","New Zealand",1977,3164830
"1438","New Zealand",1978,3165705
"1439","New Zealand",1979,3164620
"1440","New Zealand",1980,3170245
"1441","New Zealand",1981,3185460
"1442","New Zealand",1982,3210645
"1443","New Zealand",1983,3245770
"1444","New Zealand",1984,3278850
"1445","New Zealand",1985,3298050
"1446","New Zealand",1986,3308310
"1447","New Zealand",1987,3327785
"1448","New Zealand",1988,3343680
"1449","New Zealand",1989,3357535
"1450","New Zealand",1990,3390085
"1451","New Zealand",1991,3495100
"1452","New Zealand",1992,3531700
"1453","New Zealand",1993,3572200
"1454","New Zealand",1994,3620100
"1455","New Zealand",1995,3673400
"1456","New Zealand",1996,3732000
"1457","New Zealand",1997,3781400
"1458","New Zealand",1998,3815000
"1459","New Zealand",1999,3835100
"1460","New Zealand",2000,3857800
"1461","New Zealand",2001,3880500
"1462","New Zealand",2002,3948500
"1463","New Zealand",2003,4027200
"1464","New Zealand",2004,4087500
"1465","New Zealand",2005,4133900
"1466","New Zealand",2006,4184600
"1467","New Zealand",2007,4228300
"1468","New Zealand",2008,4269000
"1469","New Zealand",2009,4316000
"1470","New Zealand",2010,4368000
"1471","New Zealand",2011,4405000
"1472","New Zealand",2012,4433000
"1473","New Zealand",2013,4471000
"1474","Norway",1950,3265127
"1475","Norway",1951,3295871
"1476","Norway",1952,3327736
"1477","Norway",1953,3360892
"1478","Norway",1954,3394243
"1479","Norway",1955,3428210
"1480","Norway",1956,3460779
"1481","Norway",1957,3491935
"1482","Norway",1958,3522996
"1483","Norway",1959,3552852
"1484","Norway",1960,3581239
"1485","Norway",1961,3609800
"1486","Norway",1962,3638917
"1487","Norway",1963,3666537
"1488","Norway",1964,3694338
"1489","Norway",1965,3723167
"1490","Norway",1966,3753012
"1491","Norway",1967,3784539
"1492","Norway",1968,3816486
"1493","Norway",1969,3847706
"1494","Norway",1970,3875763
"1495","Norway",1971,3903039
"1496","Norway",1972,3933003
"1497","Norway",1973,3960612
"1498","Norway",1974,3985257
"1499","Norway",1975,4007313
"1500","Norway",1976,4026151
"1501","Norway",1977,4043205
"1502","Norway",1978,4058671
"1503","Norway",1979,4072517
"1504","Norway",1980,4085620
"1505","Norway",1981,4099701
"1506","Norway",1982,4114787
"1507","Norway",1983,4128432
"1508","Norway",1984,4140099
"1509","Norway",1985,4152516
"1510","Norway",1986,4167354
"1511","Norway",1987,4186905
"1512","Norway",1988,4209487
"1513","Norway",1989,4226901
"1514","Norway",1990,4241473
"1515","Norway",1991,4261732
"1516","Norway",1992,4286400
"1517","Norway",1993,4311991
"1518","Norway",1994,4336612
"1519","Norway",1995,4359183
"1520","Norway",1996,4381335
"1521","Norway",1997,4405156
"1522","Norway",1998,4431464
"1523","Norway",1999,4461913
"1524","Norway",2000,4490966
"1525","Norway",2001,4513751
"1526","Norway",2002,4538159
"1527","Norway",2003,4564854
"1528","Norway",2004,4591910
"1529","Norway",2005,4623291
"1530","Norway",2006,4660676
"1531","Norway",2007,4709152
"1532","Norway",2008,4768211
"1533","Norway",2009,4828725
"1534","Norway",2010,4889252
"1535","Norway",2011,4953000
"1536","Norway",2012,5019000
"1537","Norway",2013,5080000
"1538","Norway",2014,5137000
"1539","Poland",1950,24824010
"1540","Poland",1951,25271000
"1541","Poland",1952,25753000
"1542","Poland",1953,26255000
"1543","Poland",1954,26761500
"1544","Poland",1955,27281000
"1545","Poland",1956,27815000
"1546","Poland",1957,28310000
"1547","Poland",1958,28770000
"1548","Poland",1959,29239950
"1549","Poland",1960,29561300
"1550","Poland",1961,29965300
"1551","Poland",1962,30323900
"1552","Poland",1963,30690900
"1553","Poland",1964,31161200
"1554","Poland",1965,31495900
"1555","Poland",1966,31698000
"1556","Poland",1967,31943900
"1557","Poland",1968,32304800
"1558","Poland",1969,32555100
"1559","Poland",1970,32525800
"1560","Poland",1971,32804810
"1561","Poland",1972,33067990
"1562","Poland",1973,33362740
"1563","Poland",1974,33691010
"1564","Poland",1975,34022130
"1565","Poland",1976,34362130
"1566","Poland",1977,34697580
"1567","Poland",1978,35009860
"1568","Poland",1979,35256640
"1569","Poland",1980,35578020
"1570","Poland",1981,35901960
"1571","Poland",1982,36227380
"1572","Poland",1983,36571420
"1573","Poland",1984,36913520
"1574","Poland",1985,37202980
"1575","Poland",1986,37455680
"1576","Poland",1987,37663760
"1577","Poland",1988,37862060
"1578","Poland",1989,37937000
"1579","Poland",1990,38031000
"1580","Poland",1991,38109000
"1581","Poland",1992,38173000
"1582","Poland",1993,38221000
"1583","Poland",1994,38252000
"1584","Poland",1995,38275000
"1585","Poland",1996,38289000
"1586","Poland",1997,38292000
"1587","Poland",1998,38283000
"1588","Poland",1999,38270000
"1589","Poland",2000,38255940
"1590","Poland",2001,38250790
"1591","Poland",2002,38232300
"1592","Poland",2003,38195180
"1593","Poland",2004,38180250
"1594","Poland",2005,38161310
"1595","Poland",2006,38132280
"1596","Poland",2007,38115970
"1597","Poland",2008,38115910
"1598","Poland",2009,38153390
"1599","Poland",2010,38516690
"1600","Poland",2011,38525670
"1601","Poland",2012,38533790
"1602","Poland",2013,NA
"1603","Poland",2014,NA
"1604","Portugal",1950,8439171
"1605","Portugal",1951,8493316
"1606","Portugal",1952,8556085
"1607","Portugal",1953,8581255
"1608","Portugal",1954,8605700
"1609","Portugal",1955,8640325
"1610","Portugal",1956,8683020
"1611","Portugal",1957,8712675
"1612","Portugal",1958,8749935
"1613","Portugal",1959,8800845
"1614","Portugal",1960,8857716
"1615","Portugal",1961,8929316
"1616","Portugal",1962,8993985
"1617","Portugal",1963,9030355
"1618","Portugal",1964,9035365
"1619","Portugal",1965,8998595
"1620","Portugal",1966,8930990
"1621","Portugal",1967,8874520
"1622","Portugal",1968,8836650
"1623","Portugal",1969,8757705
"1624","Portugal",1970,8680431
"1625","Portugal",1971,8643756
"1626","Portugal",1972,8630430
"1627","Portugal",1973,8633100
"1628","Portugal",1974,8754365
"1629","Portugal",1975,9093470
"1630","Portugal",1976,9355810
"1631","Portugal",1977,9455675
"1632","Portugal",1978,9558250
"1633","Portugal",1979,9661265
"1634","Portugal",1980,9766312
"1635","Portugal",1981,9851362
"1636","Portugal",1982,9911770
"1637","Portugal",1983,9957865
"1638","Portugal",1984,9996232
"1639","Portugal",1985,10023610
"1640","Portugal",1986,10032730
"1641","Portugal",1987,10030030
"1642","Portugal",1988,10019610
"1643","Portugal",1989,10005000
"1644","Portugal",1990,9983218
"1645","Portugal",1991,9960235
"1646","Portugal",1992,9952493
"1647","Portugal",1993,9964674
"1648","Portugal",1994,9991525
"1649","Portugal",1995,10026180
"1650","Portugal",1996,10063940
"1651","Portugal",1997,10108980
"1652","Portugal",1998,10160200
"1653","Portugal",1999,10217830
"1654","Portugal",2000,10289900
"1655","Portugal",2001,10362720
"1656","Portugal",2002,10419630
"1657","Portugal",2003,10458820
"1658","Portugal",2004,10483860
"1659","Portugal",2005,10503330
"1660","Portugal",2006,10522290
"1661","Portugal",2007,10542960
"1662","Portugal",2008,10558180
"1663","Portugal",2009,10568250
"1664","Portugal",2010,10573100
"1665","Portugal",2011,10557560
"1666","Portugal",2012,10514840
"1667","Portugal",2013,10722930
"1668","Slovak Republic",1950,3463446
"1669","Slovak Republic",1951,3508698
"1670","Slovak Republic",1952,3558137
"1671","Slovak Republic",1953,3598761
"1672","Slovak Republic",1954,3661437
"1673","Slovak Republic",1955,3726601
"1674","Slovak Republic",1956,3787111
"1675","Slovak Republic",1957,3844277
"1676","Slovak Republic",1958,3899751
"1677","Slovak Republic",1959,3946039
"1678","Slovak Republic",1960,4068094
"1679","Slovak Republic",1961,4191667
"1680","Slovak Republic",1962,4238188
"1681","Slovak Republic",1963,4282016
"1682","Slovak Republic",1964,4327341
"1683","Slovak Republic",1965,4370983
"1684","Slovak Republic",1966,4411666
"1685","Slovak Republic",1967,4449367
"1686","Slovak Republic",1968,4483914
"1687","Slovak Republic",1969,4518607
"1688","Slovak Republic",1970,4538222
"1689","Slovak Republic",1971,4557448
"1690","Slovak Republic",1972,4596621
"1691","Slovak Republic",1973,4641444
"1692","Slovak Republic",1974,4689623
"1693","Slovak Republic",1975,4739105
"1694","Slovak Republic",1976,4789506
"1695","Slovak Republic",1977,4840500
"1696","Slovak Republic",1978,4890124
"1697","Slovak Republic",1979,4938972
"1698","Slovak Republic",1980,4979815
"1699","Slovak Republic",1981,5016105
"1700","Slovak Republic",1982,5055098
"1701","Slovak Republic",1983,5091971
"1702","Slovak Republic",1984,5127097
"1703","Slovak Republic",1985,5161767
"1704","Slovak Republic",1986,5193837
"1705","Slovak Republic",1987,5222840
"1706","Slovak Republic",1988,5250596
"1707","Slovak Republic",1989,5275941
"1708","Slovak Republic",1990,5299187
"1709","Slovak Republic",1991,5303294
"1710","Slovak Republic",1992,5305016
"1711","Slovak Republic",1993,5325305
"1712","Slovak Republic",1994,5346331
"1713","Slovak Republic",1995,5361998
"1714","Slovak Republic",1996,5373361
"1715","Slovak Republic",1997,5383291
"1716","Slovak Republic",1998,5390516
"1717","Slovak Republic",1999,5396019
"1718","Slovak Republic",2000,5388720
"1719","Slovak Republic",2001,5378867
"1720","Slovak Republic",2002,5376912
"1721","Slovak Republic",2003,5373374
"1722","Slovak Republic",2004,5372280
"1723","Slovak Republic",2005,5372806
"1724","Slovak Republic",2006,5373054
"1725","Slovak Republic",2007,5374622
"1726","Slovak Republic",2008,5379232
"1727","Slovak Republic",2009,5386405
"1728","Slovak Republic",2010,5391428
"1729","Slovak Republic",2011,5398384
"1730","Slovak Republic",2012,5407579
"1731","Slovak Republic",2013,5415949
"1732","Slovenia",1950,1473094
"1733","Slovenia",1951,1485208
"1734","Slovenia",1952,1497675
"1735","Slovenia",1953,1509952
"1736","Slovenia",1954,1521655
"1737","Slovenia",1955,1532598
"1738","Slovenia",1956,1542744
"1739","Slovenia",1957,1552227
"1740","Slovenia",1958,1561352
"1741","Slovenia",1959,1570493
"1742","Slovenia",1960,1584719
"1743","Slovenia",1961,1594130
"1744","Slovenia",1962,1603649
"1745","Slovenia",1963,1616970
"1746","Slovenia",1964,1632113
"1747","Slovenia",1965,1649159
"1748","Slovenia",1966,1669904
"1749","Slovenia",1967,1689528
"1750","Slovenia",1968,1704545
"1751","Slovenia",1969,1713873
"1752","Slovenia",1970,1724891
"1753","Slovenia",1971,1738334
"1754","Slovenia",1972,1752233
"1755","Slovenia",1973,1766696
"1756","Slovenia",1974,1776131
"1757","Slovenia",1975,1793580
"1758","Slovenia",1976,1820248
"1759","Slovenia",1977,1842376
"1760","Slovenia",1978,1862548
"1761","Slovenia",1979,1882598
"1762","Slovenia",1980,1901315
"1763","Slovenia",1981,1906530
"1764","Slovenia",1982,1910334
"1765","Slovenia",1983,1922321
"1766","Slovenia",1984,1932154
"1767","Slovenia",1985,1941640
"1768","Slovenia",1986,1965964
"1769","Slovenia",1987,1989776
"1770","Slovenia",1988,1995195
"1771","Slovenia",1989,1996351
"1772","Slovenia",1990,1998161
"1773","Slovenia",1991,1999428
"1774","Slovenia",1992,1996498
"1775","Slovenia",1993,1991746
"1776","Slovenia",1994,1989442
"1777","Slovenia",1995,1989871
"1778","Slovenia",1996,1988627
"1779","Slovenia",1997,1985956
"1780","Slovenia",1998,1981628
"1781","Slovenia",1999,1983044
"1782","Slovenia",2000,1988924
"1783","Slovenia",2001,1992060
"1784","Slovenia",2002,1994529
"1785","Slovenia",2003,1995733
"1786","Slovenia",2004,1997011
"1787","Slovenia",2005,2000474
"1788","Slovenia",2006,2006867
"1789","Slovenia",2007,2010323
"1790","Slovenia",2008,2021315
"1791","Slovenia",2009,2039669
"1792","Slovenia",2010,2048582
"1793","Slovenia",2011,2052842
"1794","Slovenia",2012,2057158
"1795","Spain",1950,28008750
"1796","Spain",1951,28249370
"1797","Spain",1952,28489670
"1798","Spain",1953,28728090
"1799","Spain",1954,28964240
"1800","Spain",1955,29198900
"1801","Spain",1956,29434090
"1802","Spain",1957,29673020
"1803","Spain",1958,29919830
"1804","Spain",1959,30179200
"1805","Spain",1960,30455000
"1806","Spain",1961,30739250
"1807","Spain",1962,31023360
"1808","Spain",1963,31296650
"1809","Spain",1964,31609200
"1810","Spain",1965,31954290
"1811","Spain",1966,32283190
"1812","Spain",1967,32682950
"1813","Spain",1968,33113130
"1814","Spain",1969,33441050
"1815","Spain",1970,33814530
"1816","Spain",1971,34191680
"1817","Spain",1972,34502700
"1818","Spain",1973,34817070
"1819","Spain",1974,35154340
"1820","Spain",1975,35530720
"1821","Spain",1976,35939440
"1822","Spain",1977,36370050
"1823","Spain",1978,36872500
"1824","Spain",1979,37201120
"1825","Spain",1980,37439030
"1826","Spain",1981,37740560
"1827","Spain",1982,37942800
"1828","Spain",1983,38122430
"1829","Spain",1984,38278580
"1830","Spain",1985,38418820
"1831","Spain",1986,38535620
"1832","Spain",1987,38630820
"1833","Spain",1988,38715850
"1834","Spain",1989,38791470
"1835","Spain",1990,38850440
"1836","Spain",1991,38939050
"1837","Spain",1992,39067740
"1838","Spain",1993,39189400
"1839","Spain",1994,39294970
"1840","Spain",1995,39387020
"1841","Spain",1996,39478180
"1842","Spain",1997,39582410
"1843","Spain",1998,39721110
"1844","Spain",1999,39926270
"1845","Spain",2000,40263220
"1846","Spain",2001,40720480
"1847","Spain",2002,41313970
"1848","Spain",2003,42004520
"1849","Spain",2004,42691690
"1850","Spain",2005,43398140
"1851","Spain",2006,44116440
"1852","Spain",2007,44878940
"1853","Spain",2008,45555720
"1854","Spain",2009,45908590
"1855","Spain",2010,46070970
"1856","Spain",2011,46174600
"1857","Spain",2012,46146580
"1858","Spain",2013,NA
"1859","Sweden",1950,7016496
"1860","Sweden",1951,7072824
"1861","Sweden",1952,7124675
"1862","Sweden",1953,7171458
"1863","Sweden",1954,7213487
"1864","Sweden",1955,7262384
"1865","Sweden",1956,7315622
"1866","Sweden",1957,7366998
"1867","Sweden",1958,7414468
"1868","Sweden",1959,7453705
"1869","Sweden",1960,7484656
"1870","Sweden",1961,7519997
"1871","Sweden",1962,7561588
"1872","Sweden",1963,7604327
"1873","Sweden",1964,7661353
"1874","Sweden",1965,7733853
"1875","Sweden",1966,7807797
"1876","Sweden",1967,7867931
"1877","Sweden",1968,7912273
"1878","Sweden",1969,7968071
"1879","Sweden",1970,8042800
"1880","Sweden",1971,8098334
"1881","Sweden",1972,8122299
"1882","Sweden",1973,8136312
"1883","Sweden",1974,8159955
"1884","Sweden",1975,8192437
"1885","Sweden",1976,8222285
"1886","Sweden",1977,8251540
"1887","Sweden",1978,8275598
"1888","Sweden",1979,8293677
"1889","Sweden",1980,8310530
"1890","Sweden",1981,8320502
"1891","Sweden",1982,8325263
"1892","Sweden",1983,8329032
"1893","Sweden",1984,8336605
"1894","Sweden",1985,8350386
"1895","Sweden",1986,8369829
"1896","Sweden",1987,8397804
"1897","Sweden",1988,8436488
"1898","Sweden",1989,8492963
"1899","Sweden",1990,8558834
"1900","Sweden",1991,8617375
"1901","Sweden",1992,8668066
"1902","Sweden",1993,8718561
"1903","Sweden",1994,8780745
"1904","Sweden",1995,8826938
"1905","Sweden",1996,8840997
"1906","Sweden",1997,8846062
"1907","Sweden",1998,8850973
"1908","Sweden",1999,8857874
"1909","Sweden",2000,8872109
"1910","Sweden",2001,8895960
"1911","Sweden",2002,8924958
"1912","Sweden",2003,8958229
"1913","Sweden",2004,8993531
"1914","Sweden",2005,9029572
"1915","Sweden",2006,9080504
"1916","Sweden",2007,9148092
"1917","Sweden",2008,9219637
"1918","Sweden",2009,9298514
"1919","Sweden",2010,9378126
"1920","Sweden",2011,9449212
"1921","Sweden",2012,9519374
"1922","Switzerland",1950,4692704
"1923","Switzerland",1951,4748057
"1924","Switzerland",1952,4811514
"1925","Switzerland",1953,4875565
"1926","Switzerland",1954,4938609
"1927","Switzerland",1955,5002000
"1928","Switzerland",1956,5065550
"1929","Switzerland",1957,5130100
"1930","Switzerland",1958,5196400
"1931","Switzerland",1959,5262750
"1932","Switzerland",1960,5327827
"1933","Switzerland",1961,5434294
"1934","Switzerland",1962,5573815
"1935","Switzerland",1963,5694247
"1936","Switzerland",1964,5789228
"1937","Switzerland",1965,5856472
"1938","Switzerland",1966,5918002
"1939","Switzerland",1967,5991785
"1940","Switzerland",1968,6067714
"1941","Switzerland",1969,6136387
"1942","Switzerland",1970,6180882
"1943","Switzerland",1971,6213405
"1944","Switzerland",1972,6260956
"1945","Switzerland",1973,6307348
"1946","Switzerland",1974,6341406
"1947","Switzerland",1975,6338632
"1948","Switzerland",1976,6302505
"1949","Switzerland",1977,6281175
"1950","Switzerland",1978,6281737
"1951","Switzerland",1979,6294364
"1952","Switzerland",1980,6319409
"1953","Switzerland",1981,6354073
"1954","Switzerland",1982,6391309
"1955","Switzerland",1983,6418774
"1956","Switzerland",1984,6441865
"1957","Switzerland",1985,6470366
"1958","Switzerland",1986,6504125
"1959","Switzerland",1987,6545107
"1960","Switzerland",1988,6593387
"1961","Switzerland",1989,6646912
"1962","Switzerland",1990,6712273
"1963","Switzerland",1991,6799979
"1964","Switzerland",1992,6875364
"1965","Switzerland",1993,6938265
"1966","Switzerland",1994,6993795
"1967","Switzerland",1995,7040687
"1968","Switzerland",1996,7071851
"1969","Switzerland",1997,7088906
"1970","Switzerland",1998,7110002
"1971","Switzerland",1999,7143991
"1972","Switzerland",2000,7184250
"1973","Switzerland",2001,7226647
"1974","Switzerland",2002,7284754
"1975","Switzerland",2003,7339002
"1976","Switzerland",2004,7389626
"1977","Switzerland",2005,7437116
"1978","Switzerland",2006,7483935
"1979","Switzerland",2007,7551117
"1980","Switzerland",2008,7647676
"1981","Switzerland",2009,7744000
"1982","Switzerland",2010,7827970
"1983","Switzerland",2011,7912398
"1984","Switzerland",2012,NA
"1985","Turkey",1950,20807000
"1986","Turkey",1951,21351000
"1987","Turkey",1952,21952000
"1988","Turkey",1953,22569000
"1989","Turkey",1954,23204000
"1990","Turkey",1955,23857000
"1991","Turkey",1956,24540000
"1992","Turkey",1957,25250000
"1993","Turkey",1958,25981000
"1994","Turkey",1959,26733000
"1995","Turkey",1960,27506000
"1996","Turkey",1961,28227000
"1997","Turkey",1962,28931000
"1998","Turkey",1963,29652000
"1999","Turkey",1964,30391000
"2000","Turkey",1965,31149000
"2001","Turkey",1966,31936000
"2002","Turkey",1967,32750000
"2003","Turkey",1968,33586000
"2004","Turkey",1969,34443000
"2005","Turkey",1970,35321000
"2006","Turkey",1971,36215000
"2007","Turkey",1972,37133000
"2008","Turkey",1973,38073000
"2009","Turkey",1974,39037000
"2010","Turkey",1975,40026000
"2011","Turkey",1976,40916000
"2012","Turkey",1977,41769000
"2013","Turkey",1978,42641000
"2014","Turkey",1979,43531000
"2015","Turkey",1980,44439000
"2016","Turkey",1981,45540000
"2017","Turkey",1982,46688000
"2018","Turkey",1983,47864000
"2019","Turkey",1984,49070000
"2020","Turkey",1985,50307000
"2021","Turkey",1986,51480000
"2022","Turkey",1987,52370000
"2023","Turkey",1988,53268000
"2024","Turkey",1989,54192000
"2025","Turkey",1990,55120000
"2026","Turkey",1991,56055000
"2027","Turkey",1992,56986000
"2028","Turkey",1993,57913000
"2029","Turkey",1994,58837000
"2030","Turkey",1995,59756000
"2031","Turkey",1996,60671000
"2032","Turkey",1997,61582000
"2033","Turkey",1998,62464000
"2034","Turkey",1999,63364000
"2035","Turkey",2000,64268750
"2036","Turkey",2001,65166330
"2037","Turkey",2002,66002500
"2038","Turkey",2003,66794550
"2039","Turkey",2004,67598740
"2040","Turkey",2005,68435380
"2041","Turkey",2006,69295260
"2042","Turkey",2007,70158110
"2043","Turkey",2008,71051680
"2044","Turkey",2009,72039210
"2045","Turkey",2010,73142150
"2046","Turkey",2011,74223630
"2047","Turkey",2012,75175820
"2048","Turkey",2013,76054620
"2049","United Kingdom",1950,50373000
"2050","United Kingdom",1951,50282000
"2051","United Kingdom",1952,50444000
"2052","United Kingdom",1953,50593000
"2053","United Kingdom",1954,50765000
"2054","United Kingdom",1955,50946000
"2055","United Kingdom",1956,51184000
"2056","United Kingdom",1957,51430000
"2057","United Kingdom",1958,51653000
"2058","United Kingdom",1959,51956000
"2059","United Kingdom",1960,52373000
"2060","United Kingdom",1961,52807000
"2061","United Kingdom",1962,53292000
"2062","United Kingdom",1963,53625000
"2063","United Kingdom",1964,53991000
"2064","United Kingdom",1965,54350000
"2065","United Kingdom",1966,54643000
"2066","United Kingdom",1967,54959000
"2067","United Kingdom",1968,55214000
"2068","United Kingdom",1969,55461000
"2069","United Kingdom",1970,55632000
"2070","United Kingdom",1971,55928000
"2071","United Kingdom",1972,56097000
"2072","United Kingdom",1973,56223000
"2073","United Kingdom",1974,56236000
"2074","United Kingdom",1975,56226000
"2075","United Kingdom",1976,56216000
"2076","United Kingdom",1977,56190000
"2077","United Kingdom",1978,56178000
"2078","United Kingdom",1979,56240000
"2079","United Kingdom",1980,56330000
"2080","United Kingdom",1981,56357000
"2081","United Kingdom",1982,56291000
"2082","United Kingdom",1983,56316000
"2083","United Kingdom",1984,56409000
"2084","United Kingdom",1985,56554000
"2085","United Kingdom",1986,56684000
"2086","United Kingdom",1987,56804000
"2087","United Kingdom",1988,56916000
"2088","United Kingdom",1989,57076000
"2089","United Kingdom",1990,57237000
"2090","United Kingdom",1991,57439000
"2091","United Kingdom",1992,57585000
"2092","United Kingdom",1993,57714000
"2093","United Kingdom",1994,57862000
"2094","United Kingdom",1995,58025000
"2095","United Kingdom",1996,58164000
"2096","United Kingdom",1997,58314000
"2097","United Kingdom",1998,58475000
"2098","United Kingdom",1999,58684000
"2099","United Kingdom",2000,58886000
"2100","United Kingdom",2001,59113000
"2101","United Kingdom",2002,59323000
"2102","United Kingdom",2003,59557000
"2103","United Kingdom",2004,59031000
"2104","United Kingdom",2005,59408000
"2105","United Kingdom",2006,59751000
"2106","United Kingdom",2007,60137000
"2107","United Kingdom",2008,60540000
"2108","United Kingdom",2009,60927000
"2109","United Kingdom",2010,61344000
"2110","United Kingdom",2011,63285100
"2111","United Kingdom",2012,63705000
"2112","United Kingdom",2013,62571410
"2113","United States",1950,152271400
"2114","United States",1951,154877900
"2115","United States",1952,157552700
"2116","United States",1953,160184200
"2117","United States",1954,163025900
"2118","United States",1955,165931200
"2119","United States",1956,168903000
"2120","United States",1957,171984100
"2121","United States",1958,174881900
"2122","United States",1959,177829600
"2123","United States",1960,180671200
"2124","United States",1961,183691500
"2125","United States",1962,186537700
"2126","United States",1963,189241800
"2127","United States",1964,191888800
"2128","United States",1965,194303000
"2129","United States",1966,196560300
"2130","United States",1967,198712100
"2131","United States",1968,200706000
"2132","United States",1969,202676900
"2133","United States",1970,205052200
"2134","United States",1971,207660700
"2135","United States",1972,209896000
"2136","United States",1973,211908800
"2137","United States",1974,213853900
"2138","United States",1975,215973200
"2139","United States",1976,218035200
"2140","United States",1977,220239400
"2141","United States",1978,222584500
"2142","United States",1979,225055500
"2143","United States",1980,227224700
"2144","United States",1981,229465700
"2145","United States",1982,231664500
"2146","United States",1983,233792000
"2147","United States",1984,235824900
"2148","United States",1985,237923800
"2149","United States",1986,240132900
"2150","United States",1987,242288900
"2151","United States",1988,244499000
"2152","United States",1989,246819200
"2153","United States",1990,249622800
"2154","United States",1991,252980900
"2155","United States",1992,256514200
"2156","United States",1993,259918600
"2157","United States",1994,263125800
"2158","United States",1995,266278400
"2159","United States",1996,269394300
"2160","United States",1997,272646900
"2161","United States",1998,275854100
"2162","United States",1999,279040200
"2163","United States",2000,282162400
"2164","United States",2001,284969000
"2165","United States",2002,287625200
"2166","United States",2003,290107900
"2167","United States",2004,292805300
"2168","United States",2005,295516600
"2169","United States",2006,298379900
"2170","United States",2007,301231200
"2171","United States",2008,304094000
"2172","United States",2009,306771500
"2173","United States",2010,309326300
"2174","United States",2011,311582600
"2175","United States",2012,313873700
"2176","United States",2013,316128800
"2177","Euro area (17 countries)",1970,280655300
"2178","Euro area (17 countries)",1975,288558400
"2179","Euro area (17 countries)",1976,289782400
"2180","Euro area (17 countries)",1977,290970000
"2181","Euro area (17 countries)",1978,292293900
"2182","Euro area (17 countries)",1979,293505200
"2183","Euro area (17 countries)",1980,294749300
"2184","Euro area (17 countries)",1981,295952600
"2185","Euro area (17 countries)",1982,296748400
"2186","Euro area (17 countries)",1983,297289800
"2187","Euro area (17 countries)",1984,297696700
"2188","Euro area (17 countries)",1985,298171000
"2189","Euro area (17 countries)",1986,298818600
"2190","Euro area (17 countries)",1987,299543100
"2191","Euro area (17 countries)",1988,300470900
"2192","Euro area (17 countries)",1989,301749900
"2193","Euro area (17 countries)",1990,303131200
"2194","Euro area (17 countries)",1991,304484600
"2195","Euro area (17 countries)",1992,305921300
"2196","Euro area (17 countries)",1993,307197500
"2197","Euro area (17 countries)",1994,308101600
"2198","Euro area (17 countries)",1995,308893300
"2199","Euro area (17 countries)",1996,309686500
"2200","Euro area (17 countries)",1997,311226700
"2201","Euro area (17 countries)",1998,312709600
"2202","Euro area (17 countries)",1999,313602300
"2203","Euro area (17 countries)",2000,314831100
"2204","Euro area (17 countries)",2001,316309100
"2205","Euro area (17 countries)",2002,318111800
"2206","Euro area (17 countries)",2003,320113400
"2207","Euro area (17 countries)",2004,322171700
"2208","Euro area (17 countries)",2005,324091500
"2209","Euro area (17 countries)",2006,325860800
"2210","Euro area (17 countries)",2007,327777500
"2211","Euro area (17 countries)",2008,329505000
"2212","Euro area (17 countries)",2009,330690700
"2213","Euro area (17 countries)",2010,331726600
"2214","Euro area (17 countries)",2011,332076500
"2215","Euro area (17 countries)",2012,332243600
"2216","European Union (27 countries)",1950,373939800
"2217","European Union (27 countries)",1951,377403000
"2218","European Union (27 countries)",1952,380341800
"2219","European Union (27 countries)",1953,383209300
"2220","European Union (27 countries)",1954,386076400
"2221","European Union (27 countries)",1955,389072600
"2222","European Union (27 countries)",1956,391689100
"2223","European Union (27 countries)",1957,394372600
"2224","European Union (27 countries)",1958,397529200
"2225","European Union (27 countries)",1959,400847000
"2226","European Union (27 countries)",1960,404018200
"2227","European Union (27 countries)",1961,407426000
"2228","European Union (27 countries)",1962,411385000
"2229","European Union (27 countries)",1963,415107200
"2230","European Union (27 countries)",1964,418698200
"2231","European Union (27 countries)",1965,422169500
"2232","European Union (27 countries)",1966,425250500
"2233","European Union (27 countries)",1967,428266400
"2234","European Union (27 countries)",1968,431270400
"2235","European Union (27 countries)",1969,434119900
"2236","European Union (27 countries)",1970,436389200
"2237","European Union (27 countries)",1971,438713200
"2238","European Union (27 countries)",1972,441493000
"2239","European Union (27 countries)",1973,444060200
"2240","European Union (27 countries)",1974,446447900
"2241","European Union (27 countries)",1975,448422900
"2242","European Union (27 countries)",1976,450480000
"2243","European Union (27 countries)",1977,452427700
"2244","European Union (27 countries)",1978,454405700
"2245","European Union (27 countries)",1979,456226500
"2246","European Union (27 countries)",1980,458080300
"2247","European Union (27 countries)",1981,459836100
"2248","European Union (27 countries)",1982,461137400
"2249","European Union (27 countries)",1983,462182600
"2250","European Union (27 countries)",1984,463147000
"2251","European Union (27 countries)",1985,464190000
"2252","European Union (27 countries)",1986,465393100
"2253","European Union (27 countries)",1987,466661800
"2254","European Union (27 countries)",1988,468089100
"2255","European Union (27 countries)",1989,469646100
"2256","European Union (27 countries)",1990,471177800
"2257","European Union (27 countries)",1991,472597600
"2258","European Union (27 countries)",1992,474042100
"2259","European Union (27 countries)",1993,475453600
"2260","European Union (27 countries)",1994,476525600
"2261","European Union (27 countries)",1995,477428400
"2262","European Union (27 countries)",1996,478249000
"2263","European Union (27 countries)",1997,479793000
"2264","European Union (27 countries)",1998,481299800
"2265","European Union (27 countries)",1999,482048400
"2266","European Union (27 countries)",2000,483140200
"2267","European Union (27 countries)",2001,484296000
"2268","European Union (27 countries)",2002,485721300
"2269","European Union (27 countries)",2003,487738900
"2270","European Union (27 countries)",2004,489917200
"2271","European Union (27 countries)",2005,492026300
"2272","European Union (27 countries)",2006,494004700
"2273","European Union (27 countries)",2007,496044600
"2274","European Union (27 countries)",2008,497979700
"2275","European Union (27 countries)",2009,499523200
"2276","European Union (27 countries)",2010,501079100
"2277","European Union (27 countries)",2011,501928000
"2278","European Union (27 countries)",2012,502403300
"2279","G7",1950,457172100
"2280","G7",1951,463179200
"2281","G7",1952,468775600
"2282","G7",1953,474122800
"2283","G7",1954,479848000
"2284","G7",1955,485400800
"2285","G7",1956,490697800
"2286","G7",1957,496223900
"2287","G7",1958,502013100
"2288","G7",1959,507979100
"2289","G7",1960,513418000
"2290","G7",1961,519495300
"2291","G7",1962,525899700
"2292","G7",1963,532152400
"2293","G7",1964,538089900
"2294","G7",1965,543845800
"2295","G7",1966,548961300
"2296","G7",1967,554109200
"2297","G7",1968,558902500
"2298","G7",1969,563991600
"2299","G7",1970,568913500
"2300","G7",1971,574202100
"2301","G7",1972,580313700
"2302","G7",1973,585140200
"2303","G7",1974,589485600
"2304","G7",1975,594095900
"2305","G7",1976,597754000
"2306","G7",1977,601569900
"2307","G7",1978,605522800
"2308","G7",1979,609680800
"2309","G7",1980,613733100
"2310","G7",1981,617618100
"2311","G7",1982,621134800
"2312","G7",1983,624421800
"2313","G7",1984,627537400
"2314","G7",1985,630931000
"2315","G7",1986,634452000
"2316","G7",1987,638069800
"2317","G7",1988,641881900
"2318","G7",1989,646273700
"2319","G7",1990,651023000
"2320","G7",1991,656248400
"2321","G7",1992,661584000
"2322","G7",1993,666536600
"2323","G7",1994,670963000
"2324","G7",1995,675542300
"2325","G7",1996,679833600
"2326","G7",1997,684165500
"2327","G7",1998,688322000
"2328","G7",1999,692505400
"2329","G7",2000,696876200
"2330","G7",2001,701195300
"2331","G7",2002,705276600
"2332","G7",2003,709366100
"2333","G7",2004,712889900
"2334","G7",2005,717195800
"2335","G7",2006,721392400
"2336","G7",2007,725673400
"2337","G7",2008,729886200
"2338","G7",2009,733646000
"2339","G7",2010,738031900
"2340","G7",2011,742797900
"2341","G7",2012,746336500
"2342","OECD - Total",1950,686657300
"2343","OECD - Total",1951,696425900
"2344","OECD - Total",1952,705887700
"2345","OECD - Total",1953,715112800
"2346","OECD - Total",1954,724797200
"2347","OECD - Total",1955,734553900
"2348","OECD - Total",1956,744168100
"2349","OECD - Total",1957,754045200
"2350","OECD - Total",1958,764275000
"2351","OECD - Total",1959,774806800
"2352","OECD - Total",1960,785041100
"2353","OECD - Total",1961,795768400
"2354","OECD - Total",1962,806873000
"2355","OECD - Total",1963,817884100
"2356","OECD - Total",1964,828751700
"2357","OECD - Total",1965,839314200
"2358","OECD - Total",1966,849123100
"2359","OECD - Total",1967,859032600
"2360","OECD - Total",1968,868766600
"2361","OECD - Total",1969,878559600
"2362","OECD - Total",1970,887833900
"2363","OECD - Total",1971,898260600
"2364","OECD - Total",1972,909336400
"2365","OECD - Total",1973,919003000
"2366","OECD - Total",1974,928439600
"2367","OECD - Total",1975,938367500
"2368","OECD - Total",1976,947112100
"2369","OECD - Total",1977,955770400
"2370","OECD - Total",1978,963980900
"2371","OECD - Total",1979,973106300
"2372","OECD - Total",1980,981943400
"2373","OECD - Total",1981,990806100
"2374","OECD - Total",1982,999235800
"2375","OECD - Total",1983,1007370000
"2376","OECD - Total",1984,1015240000
"2377","OECD - Total",1985,1023402000
"2378","OECD - Total",1986,1031974000
"2379","OECD - Total",1987,1040837000
"2380","OECD - Total",1988,1049714000
"2381","OECD - Total",1989,1058583000
"2382","OECD - Total",1990,1067376000
"2383","OECD - Total",1991,1077038000
"2384","OECD - Total",1992,1086653000
"2385","OECD - Total",1993,1095701000
"2386","OECD - Total",1994,1104137000
"2387","OECD - Total",1995,1112659000
"2388","OECD - Total",1996,1120727000
"2389","OECD - Total",1997,1128735000
"2390","OECD - Total",1998,1136409000
"2391","OECD - Total",1999,1144169000
"2392","OECD - Total",2000,1152347000
"2393","OECD - Total",2001,1160579000
"2394","OECD - Total",2002,1168664000
"2395","OECD - Total",2003,1176738000
"2396","OECD - Total",2004,1184130000
"2397","OECD - Total",2005,1192306000
"2398","OECD - Total",2006,1200658000
"2399","OECD - Total",2007,1209487000
"2400","OECD - Total",2008,1218613000
"2401","OECD - Total",2009,1226987000
"2402","OECD - Total",2010,1235847000
"2403","OECD - Total",2011,1244679000
"2404","World",1950,2525779000
"2405","World",1951,2572851000
"2406","World",1952,2619292000
"2407","World",1953,2665865000
"2408","World",1954,2713172000
"2409","World",1955,2761651000
"2410","World",1956,2811572000
"2411","World",1957,2863043000
"2412","World",1958,2916030000
"2413","World",1959,2970396000
"2414","World",1960,3026003000
"2415","World",1961,3082830000
"2416","World",1962,3141072000
"2417","World",1963,3201178000
"2418","World",1964,3263739000
"2419","World",1965,3329123000
"2420","World",1966,3397475000
"2421","World",1967,3468522000
"2422","World",1968,3541675000
"2423","World",1969,3616109000
"2424","World",1970,3691173000
"2425","World",1971,3766754000
"2426","World",1972,3842874000
"2427","World",1973,3919182000
"2428","World",1974,3995305000
"2429","World",1975,4071021000
"2430","World",1976,4146136000
"2431","World",1977,4220817000
"2432","World",1978,4295665000
"2433","World",1979,4371528000
"2434","World",1980,4449049000
"2435","World",1981,4528234000
"2436","World",1982,4608963000
"2437","World",1983,4691560000
"2438","World",1984,4776393000
"2439","World",1985,4863602000
"2440","World",1986,4953377000
"2441","World",1987,5045316000
"2442","World",1988,5138215000
"2443","World",1989,5230452000
"2444","World",1990,5320817000
"2445","World",1991,5408909000
"2446","World",1992,5494900000
"2447","World",1993,5578865000
"2448","World",1994,5661086000
"2449","World",1995,5741822000
"2450","World",1996,5821017000
"2451","World",1997,5898689000
"2452","World",1998,5975304000
"2453","World",1999,6051478000
"2454","World",2000,6127700000
"2455","World",2001,6204147000
"2456","World",2002,6280854000
"2457","World",2003,6357992000
"2458","World",2004,6435705000
"2459","World",2005,6514095000
"2460","World",2006,6593228000
"2461","World",2007,6673106000
"2462","World",2008,6753649000
"2463","World",2009,6834722000
"2464","World",2010,6916184000
"2465","World",2011,6997999000
"2466","World",2012,7080072000
"2467","World",2013,7162120000
"2468","Brazil",1950,53974720
"2469","Brazil",1951,55669000
"2470","Brazil",1952,57422670
"2471","Brazil",1953,59215980
"2472","Brazil",1954,61036580
"2473","Brazil",1955,62879620
"2474","Brazil",1956,64748100
"2475","Brazil",1957,66652500
"2476","Brazil",1958,68609360
"2477","Brazil",1959,70639020
"2478","Brazil",1960,72758800
"2479","Brazil",1961,74975660
"2480","Brazil",1962,77279860
"2481","Brazil",1963,79642220
"2482","Brazil",1964,82021860
"2483","Brazil",1965,84388980
"2484","Brazil",1966,86735160
"2485","Brazil",1967,89068230
"2486","Brazil",1968,91394910
"2487","Brazil",1969,93727990
"2488","Brazil",1970,96078300
"2489","Brazil",1971,98445130
"2490","Brazil",1972,100828700
"2491","Brazil",1973,103242400
"2492","Brazil",1974,105703400
"2493","Brazil",1975,108224100
"2494","Brazil",1976,110804800
"2495","Brazil",1977,113442100
"2496","Brazil",1978,116138500
"2497","Brazil",1979,118895900
"2498","Brazil",1980,118562600
"2499","Brazil",1981,121381300
"2500","Brazil",1982,124250800
"2501","Brazil",1983,127140400
"2502","Brazil",1984,130082500
"2503","Brazil",1985,132999300
"2504","Brazil",1986,135814300
"2505","Brazil",1987,138585900
"2506","Brazil",1988,141313000
"2507","Brazil",1989,143997200
"2508","Brazil",1990,146592600
"2509","Brazil",1991,149094300
"2510","Brazil",1992,151546800
"2511","Brazil",1993,153985600
"2512","Brazil",1994,156430900
"2513","Brazil",1995,158875000
"2514","Brazil",1996,161323200
"2515","Brazil",1997,163779800
"2516","Brazil",1998,166252100
"2517","Brazil",1999,168753600
"2518","Brazil",2000,171279900
"2519","Brazil",2001,173808000
"2520","Brazil",2002,176303900
"2521","Brazil",2003,178741400
"2522","Brazil",2004,181105600
"2523","Brazil",2005,183383200
"2524","Brazil",2006,185564200
"2525","Brazil",2007,187641700
"2526","Brazil",2008,189612800
"2527","Brazil",2009,191480600
"2528","Brazil",2010,193252600
"2529","Brazil",2011,194932700
"2530","Brazil",2012,196526300
"2531","China (People's Republic of)",1950,543776100
"2532","China (People's Republic of)",1951,558818800
"2533","China (People's Republic of)",1952,571164900
"2534","China (People's Republic of)",1953,581812500
"2535","China (People's Republic of)",1954,591557800
"2536","China (People's Republic of)",1955,600995100
"2537","China (People's Republic of)",1956,610508200
"2538","China (People's Republic of)",1957,620279000
"2539","China (People's Republic of)",1958,630313900
"2540","China (People's Republic of)",1959,640488600
"2541","China (People's Republic of)",1960,650680100
"2542","China (People's Republic of)",1961,660908800
"2543","China (People's Republic of)",1962,671461800
"2544","China (People's Republic of)",1963,682946600
"2545","China (People's Republic of)",1964,696140000
"2546","China (People's Republic of)",1965,711546600
"2547","China (People's Republic of)",1966,729376600
"2548","China (People's Republic of)",1967,749328900
"2549","China (People's Republic of)",1968,770744300
"2550","China (People's Republic of)",1969,792676800
"2551","China (People's Republic of)",1970,814377700
"2552","China (People's Republic of)",1971,835717100
"2553","China (People's Republic of)",1972,856714900
"2554","China (People's Republic of)",1973,876960300
"2555","China (People's Republic of)",1974,896005200
"2556","China (People's Republic of)",1975,913570200
"2557","China (People's Republic of)",1976,929457300
"2558","China (People's Republic of)",1977,943824200
"2559","China (People's Republic of)",1978,957214200
"2560","China (People's Republic of)",1979,970407800
"2561","China (People's Republic of)",1980,984015700
"2562","China (People's Republic of)",1981,998075300
"2563","China (People's Republic of)",1982,1012534000
"2564","China (People's Republic of)",1983,1027788000
"2565","China (People's Republic of)",1984,1044294000
"2566","China (People's Republic of)",1985,1062299000
"2567","China (People's Republic of)",1986,1082029000
"2568","China (People's Republic of)",1987,1103202000
"2569","China (People's Republic of)",1988,1124928000
"2570","China (People's Republic of)",1989,1145976000
"2571","China (People's Republic of)",1990,1165429000
"2572","China (People's Republic of)",1991,1183008000
"2573","China (People's Republic of)",1992,1198875000
"2574","China (People's Republic of)",1993,1213104000
"2575","China (People's Republic of)",1994,1225922000
"2576","China (People's Republic of)",1995,1237531000
"2577","China (People's Republic of)",1996,1247897000
"2578","China (People's Republic of)",1997,1257022000
"2579","China (People's Republic of)",1998,1265223000
"2580","China (People's Republic of)",1999,1272915000
"2581","China (People's Republic of)",2000,1280429000
"2582","China (People's Republic of)",2001,1287890000
"2583","China (People's Republic of)",2002,1295322000
"2584","China (People's Republic of)",2003,1302810000
"2585","China (People's Republic of)",2004,1310414000
"2586","China (People's Republic of)",2005,1318177000
"2587","China (People's Republic of)",2006,1326146000
"2588","China (People's Republic of)",2007,1334344000
"2589","China (People's Republic of)",2008,1342733000
"2590","China (People's Republic of)",2009,1351248000
"2591","China (People's Republic of)",2010,1359821000
"2592","China (People's Republic of)",2011,1368440000
"2593","China (People's Republic of)",2012,1377065000
"2594","China (People's Republic of)",2013,1385567000
"2595","Colombia",1985,30802220
"2596","Colombia",1986,31440000
"2597","Colombia",1987,32096970
"2598","Colombia",1988,32767110
"2599","Colombia",1989,33446910
"2600","Colombia",1990,34130020
"2601","Colombia",1991,34830570
"2602","Colombia",1992,35520940
"2603","Colombia",1993,36207110
"2604","Colombia",1994,36853900
"2605","Colombia",1995,37472180
"2606","Colombia",1996,38068050
"2607","Colombia",1997,38635690
"2608","Colombia",1998,39184460
"2609","Colombia",1999,39730800
"2610","Colombia",2000,40295560
"2611","Colombia",2001,40813540
"2612","Colombia",2002,41328820
"2613","Colombia",2003,41848960
"2614","Colombia",2004,42368490
"2615","Colombia",2005,42888590
"2616","Colombia",2006,43405960
"2617","Colombia",2007,43926930
"2618","Colombia",2008,44451150
"2619","Colombia",2009,44978830
"2620","Colombia",2010,45509580
"2621","Colombia",2011,46044600
"2622","Colombia",2012,46581820
"2623","Colombia",2013,47121090
"2624","India",1950,376325200
"2625","India",1951,382205600
"2626","India",1952,388408800
"2627","India",1953,394937600
"2628","India",1954,401792900
"2629","India",1955,408973600
"2630","India",1956,416476500
"2631","India",1957,424296700
"2632","India",1958,432427600
"2633","India",1959,440862300
"2634","India",1960,449595500
"2635","India",1961,458626700
"2636","India",1962,467962100
"2637","India",1963,477616000
"2638","India",1964,487607400
"2639","India",1965,497952300
"2640","India",1966,508656300
"2641","India",1967,519722200
"2642","India",1968,531161000
"2643","India",1969,542983900
"2644","India",1970,555199700
"2645","India",1971,567805100
"2646","India",1972,580798800
"2647","India",1973,594193000
"2648","India",1974,608002600
"2649","India",1975,622232400
"2650","India",1976,636883700
"2651","India",1977,651935200
"2652","India",1978,667339000
"2653","India",1979,683032500
"2654","India",1980,698965600
"2655","India",1981,715105200
"2656","India",1982,731443800
"2657","India",1983,747986300
"2658","India",1984,764749400
"2659","India",1985,781736500
"2660","India",1986,798941800
"2661","India",1987,816328800
"2662","India",1988,833833500
"2663","India",1989,851374700
"2664","India",1990,868890700
"2665","India",1991,886348700
"2666","India",1992,903749600
"2667","India",1993,921107500
"2668","India",1994,938452500
"2669","India",1995,955804400
"2670","India",1996,973147600
"2671","India",1997,990460200
"2672","India",1998,1007747000
"2673","India",1999,1025015000
"2674","India",2000,1042262000
"2675","India",2001,1059501000
"2676","India",2002,1076706000
"2677","India",2003,1093787000
"2678","India",2004,1110626000
"2679","India",2005,1127144000
"2680","India",2006,1143289000
"2681","India",2007,1159095000
"2682","India",2008,1174662000
"2683","India",2009,1190138000
"2684","India",2010,1205625000
"2685","India",2011,1221156000
"2686","India",2012,1236687000
"2687","India",2013,1252140000
"2688","Indonesia",1950,72592190
"2689","Indonesia",1951,73641500
"2690","Indonesia",1952,74822320
"2691","Indonesia",1953,76136360
"2692","Indonesia",1954,77582860
"2693","Indonesia",1955,79158540
"2694","Indonesia",1956,80857470
"2695","Indonesia",1957,82671220
"2696","Indonesia",1958,84589320
"2697","Indonesia",1959,86600030
"2698","Indonesia",1960,88692700
"2699","Indonesia",1961,90860200
"2700","Indonesia",1962,93101150
"2701","Indonesia",1963,95420830
"2702","Indonesia",1964,97828540
"2703","Indonesia",1965,100329800
"2704","Indonesia",1966,102924500
"2705","Indonesia",1967,105605800
"2706","Indonesia",1968,108364300
"2707","Indonesia",1969,111187900
"2708","Indonesia",1970,114066900
"2709","Indonesia",1971,116996000
"2710","Indonesia",1972,119974400
"2711","Indonesia",1973,123002100
"2712","Indonesia",1974,126080500
"2713","Indonesia",1975,129210100
"2714","Indonesia",1976,132385400
"2715","Indonesia",1977,135601300
"2716","Indonesia",1978,138857800
"2717","Indonesia",1979,142156100
"2718","Indonesia",1980,145494400
"2719","Indonesia",1981,148872400
"2720","Indonesia",1982,152280700
"2721","Indonesia",1983,155698200
"2722","Indonesia",1984,159097700
"2723","Indonesia",1985,162458900
"2724","Indonesia",1986,165772100
"2725","Indonesia",1987,169039100
"2726","Indonesia",1988,172265100
"2727","Indonesia",1989,175460600
"2728","Indonesia",1990,178633200
"2729","Indonesia",1991,181786300
"2730","Indonesia",1992,184916800
"2731","Indonesia",1993,188019300
"2732","Indonesia",1994,191085700
"2733","Indonesia",1995,194112600
"2734","Indonesia",1996,197097900
"2735","Indonesia",1997,200050400
"2736","Indonesia",1998,202990900
"2737","Indonesia",1999,205946800
"2738","Indonesia",2000,208938700
"2739","Indonesia",2001,211970400
"2740","Indonesia",2002,215038300
"2741","Indonesia",2003,218145600
"2742","Indonesia",2004,221293800
"2743","Indonesia",2005,224480900
"2744","Indonesia",2006,227709800
"2745","Indonesia",2007,230972800
"2746","Indonesia",2008,234243500
"2747","Indonesia",2009,237486900
"2748","Indonesia",2010,240676500
"2749","Indonesia",2011,243801600
"2750","Indonesia",2012,246864200
"2751","Indonesia",2013,249865600
"2752","Russia",1950,102702500
"2753","Russia",1951,104248100
"2754","Russia",1952,105950300
"2755","Russia",1953,107743300
"2756","Russia",1954,109574000
"2757","Russia",1955,111401500
"2758","Russia",1956,113197900
"2759","Russia",1957,114947600
"2760","Russia",1958,116646100
"2761","Russia",1959,118297300
"2762","Russia",1960,119905700
"2763","Russia",1961,121469000
"2764","Russia",1962,122970600
"2765","Russia",1963,124376600
"2766","Russia",1964,125644800
"2767","Russia",1965,126749100
"2768","Russia",1966,127674600
"2769","Russia",1967,128441400
"2770","Russia",1968,129103000
"2771","Russia",1969,129734200
"2772","Russia",1970,130391800
"2773","Russia",1971,131095400
"2774","Russia",1972,131838000
"2775","Russia",1973,132616100
"2776","Russia",1974,133417200
"2777","Russia",1975,134232500
"2778","Russia",1976,135063900
"2779","Russia",1977,135919200
"2780","Russia",1978,136801300
"2781","Russia",1979,137713100
"2782","Russia",1980,138655400
"2783","Russia",1981,139619500
"2784","Russia",1982,140598300
"2785","Russia",1983,141593900
"2786","Russia",1984,142609800
"2787","Russia",1985,143033000
"2788","Russia",1986,144230000
"2789","Russia",1987,145461000
"2790","Russia",1988,146494000
"2791","Russia",1989,147332000
"2792","Russia",1990,147969000
"2793","Russia",1991,148394000
"2794","Russia",1992,148538000
"2795","Russia",1993,148459000
"2796","Russia",1994,148408000
"2797","Russia",1995,148376000
"2798","Russia",1996,148160000
"2799","Russia",1997,147915000
"2800","Russia",1998,147671000
"2801","Russia",1999,147215000
"2802","Russia",2000,146597000
"2803","Russia",2001,145976000
"2804","Russia",2002,145306000
"2805","Russia",2003,144649000
"2806","Russia",2004,144067000
"2807","Russia",2005,143519000
"2808","Russia",2006,143050000
"2809","Russia",2007,142805000
"2810","Russia",2008,142742000
"2811","Russia",2009,142785000
"2812","Russia",2010,142849000
"2813","Russia",2011,142961000
"2814","Russia",2012,143207000
"2815","Russia",2013,143507000
"2816","South Africa",1950,13683160
"2817","South Africa",1951,13993890
"2818","South Africa",1952,14322410
"2819","South Africa",1953,14665140
"2820","South Africa",1954,15019630
"2821","South Africa",1955,15384560
"2822","South Africa",1956,15759810
"2823","South Africa",1957,16146410
"2824","South Africa",1958,16546320
"2825","South Africa",1959,16962180
"2826","South Africa",1960,17396370
"2827","South Africa",1961,17850040
"2828","South Africa",1962,18322340
"2829","South Africa",1963,18809940
"2830","South Africa",1964,19308170
"2831","South Africa",1965,19813950
"2832","South Africa",1966,20325230
"2833","South Africa",1967,20843780
"2834","South Africa",1968,21374930
"2835","South Africa",1969,21926160
"2836","South Africa",1970,22502500
"2837","South Africa",1971,23106810
"2838","South Africa",1972,23736490
"2839","South Africa",1973,24384540
"2840","South Africa",1974,25040940
"2841","South Africa",1975,25698860
"2842","South Africa",1976,26354140
"2843","South Africa",1977,27009760
"2844","South Africa",1978,27674450
"2845","South Africa",1979,28360820
"2846","South Africa",1980,29077140
"2847","South Africa",1981,29828870
"2848","South Africa",1982,30611210
"2849","South Africa",1983,31409910
"2850","South Africa",1984,32204950
"2851","South Africa",1985,32983010
"2852","South Africa",1986,33733410
"2853","South Africa",1987,34462640
"2854","South Africa",1988,35194900
"2855","South Africa",1989,35964540
"2856","South Africa",1990,36793490
"2857","South Africa",1991,37693620
"2858","South Africa",1992,38649660
"2859","South Africa",1993,39623500
"2860","South Africa",1994,40561780
"2861","South Africa",1995,41426810
"2862","South Africa",1996,42204040
"2863","South Africa",1997,42906580
"2864","South Africa",1998,43558280
"2865","South Africa",1999,44195890
"2866","South Africa",2000,44846290
"2867","South Africa",2001,45513220
"2868","South Africa",2002,46187790
"2869","South Africa",2003,46869030
"2870","South Africa",2004,47553020
"2871","South Africa",2005,48235290
"2872","South Africa",2006,48919360
"2873","South Africa",2007,49602780
"2874","South Africa",2008,50267490
"2875","South Africa",2009,50889540
"2876","South Africa",2010,51452350
"2877","South Africa",2011,51949040
"2878","South Africa",2012,52385920
"2879","Data extracted on 25 Aug 2015 16:25 UTC (GMT) from OECD.Stat",NA,NA
"2880","Legend:",NA,NA
"2881","B:",NA,NA
"2882","E:",NA,NA
