"","year","id","go","m","l","k","sic3dig","countyear","va"
"1",86,72,9824.87890625,5117.6240234375,23,1575.75183105469,381,8,4707.2548828125
"2",79,72,11606.232421875,5185.27685546875,15,2402.04345703125,381,8,6420.95556640625
"3",85,72,7129.53955078125,4211.142578125,19,1727.42651367188,381,8,2918.39697265625
"4",80,72,9808.0341796875,6124,15,2602.931640625,381,8,3684.0341796875
"5",82,72,11243.5986328125,3619.53125,16,2335.77172851562,381,8,7624.0673828125
"6",83,72,5957.45751953125,2257.693359375,13,2102.91479492188,381,8,3699.76416015625
"7",84,72,8891.763671875,5365.43115234375,22,1901.78271484375,381,8,3526.33251953125
"8",81,72,13603.2509765625,9666.689453125,22,2606.3525390625,381,8,3936.5615234375
"9",84,117,21776.02734375,9613.095703125,28,8737.6572265625,381,8,12162.931640625
"10",86,117,33181.6015625,13625.9462890625,30,9166.2333984375,381,8,19555.65625
"11",80,117,23005,8838,36,6600.224609375,381,8,14167
"12",85,117,38881.171875,6980.18701171875,30,9157.634765625,381,8,31900.984375
"13",81,117,35479.6328125,9983.759765625,34,7043.45751953125,381,8,25495.873046875
"14",79,117,20853.689453125,7219.44873046875,32,6479.32421875,381,8,13634.240234375
"15",83,117,18511.291015625,8192.353515625,26,7390.09033203125,381,8,10318.9375
"16",82,117,20632.8203125,9027.125,31,8033.92529296875,381,8,11605.6953125
"17",80,171,37614.57421875,15755,33,18226.673828125,331,8,21859.57421875
"18",84,171,40131.4375,17932.8125,28,18946.56640625,331,8,22198.625
"19",81,171,46921.69140625,11148.16015625,32,20560.4765625,331,8,35773.53125
"20",85,171,32527.876953125,15531.0439453125,30,18335.73828125,331,8,16996.83203125
"21",86,171,40175.6171875,17155.759765625,39,18190.142578125,331,8,23019.857421875
"22",83,171,32511.3984375,12597.189453125,32,19082.66796875,331,8,19914.208984375
"23",79,171,130107.671875,67102.109375,78,17242.0546875,331,8,63005.5625
"24",82,171,28433.126953125,5752.15087890625,32,19771.701171875,331,8,22680.9765625
"25",82,1152,1170292.375,134627.484375,331,1374058.625,311,8,1035664.875
"26",84,1152,1251038.375,684936.5625,172,1415793.375,311,8,566101.8125
"27",81,1152,931365.6875,146868.1875,353,1345637.875,311,8,784497.5
"28",79,1152,904342.6875,309295.34375,389,1128764.125,311,8,595047.375
"29",85,1152,1402571.25,685499.375,408,1477764.125,311,8,717071.875
"30",83,1152,967470.875,230717.375,325,1395943.625,311,8,736753.5
"31",80,1152,1131977.625,138721,405,1389797.5,311,8,993256.625
"32",86,1152,1514700.25,479828.375,393,1483697,311,8,1034871.875
"33",81,1341,19333.537109375,11776.9775390625,35,806.72216796875,369,8,7556.5595703125
"34",82,1341,9278.138671875,3864.62890625,25,2174.14697265625,369,8,5413.509765625
"35",86,1341,7552.75,6114.4150390625,21,1643.73559570312,369,8,1438.3349609375
"36",79,1341,19396.8203125,8737.1064453125,27,717.716247558594,369,8,10659.7138671875
"37",83,1341,6354.65283203125,3519.28295898438,18,2015.26110839844,369,8,2835.36987304688
"38",84,1341,4726.697265625,3419.07934570312,20,1870.21313476562,369,8,1307.61791992188
"39",80,1341,13400.544921875,5973,25,625.851806640625,369,8,7427.544921875
"40",85,1341,6773.88134765625,4522.32861328125,21,1737.494140625,369,8,2251.552734375
"41",83,1773,1313.05053710938,648.849426269531,10,1192.16552734375,342,8,664.201110839844
"42",86,1773,7477.6923828125,1104.61608886719,10,1378.44689941406,342,8,6373.076171875
"43",82,1773,2853.0810546875,1860.462890625,10,1324.68127441406,342,8,992.6181640625
"44",85,1773,1570.81188964844,1101.29858398438,10,1052.61596679688,342,8,469.513305664062
"45",79,1773,4033.44604492188,2145.74633789062,11,1870.17260742188,342,8,1887.69970703125
"46",80,1773,4800,1269,11,1634.32678222656,342,8,3531
"47",81,1773,4873.69140625,1497.21435546875,12,1471.56579589844,342,8,3376.47705078125
"48",84,1773,1301.8056640625,858.889526367188,10,1154.02746582031,342,8,442.916137695312
"49",86,2421,10470.40234375,7024.6181640625,14,1316.43859863281,311,8,3445.7841796875
"50",83,2421,10981.19140625,6682.47900390625,17,1912.32592773438,311,8,4298.71240234375
"51",82,2421,13867.2939453125,8279.5732421875,17,2185.63623046875,311,8,5587.720703125
"52",79,2421,12838.4541015625,7666.04638671875,24,2930.44091796875,311,8,5172.40771484375
"53",85,2421,10564.3583984375,7887.548828125,16,1484.36145019531,311,8,2676.8095703125
"54",80,2421,11242,7188,20,2541.77563476562,311,8,4054
"55",84,2421,12079.1015625,7243.228515625,18,1681.00659179688,311,8,4835.873046875
"56",81,2421,12146.615234375,6481.7568359375,20,2509.9462890625,311,8,5664.8583984375
"57",85,3123,3617.41821289062,2285.0966796875,10,711.346618652344,369,8,1332.32153320312
"58",82,3123,2293.5361328125,1397.14733886719,15,711.599182128906,369,8,896.388793945312
"59",84,3123,3382.07592773438,2318.89331054688,10,719.980041503906,369,8,1063.1826171875
"60",83,3123,2663.11352539062,1289.75891113281,11,720.9091796875,369,8,1373.35461425781
"61",79,3123,5157.4453125,1362.1513671875,13,1069.11096191406,369,8,3795.2939453125
"62",81,3123,3899.2392578125,2412.98706054688,13,998.239135742188,369,8,1486.25219726562
"63",80,3123,2935.41577148438,1164,10,1035.32141113281,369,8,1771.41577148438
"64",86,3123,3922.06469726562,2661.82983398438,10,1096.65063476562,369,8,1260.23486328125
"65",82,5112,7413.4931640625,4748.7880859375,13,798.204284667969,332,8,2664.705078125
"66",80,5112,7136.9541015625,4928,20,1004.0869140625,332,8,2208.9541015625
"67",79,5112,8182.25537109375,3273.84326171875,23,1130.98217773438,332,8,4908.412109375
"68",81,5112,9959.7529296875,4526.64697265625,20,894.020874023438,332,8,5433.10595703125
"69",83,5112,6155.33544921875,3643.1611328125,13,714.497985839844,332,8,2512.17431640625
"70",84,5112,8528.6845703125,3674.16674804688,12,641.122924804688,332,8,4854.517578125
"71",85,5112,9808.7900390625,4411.2294921875,13,576.5947265625,332,8,5397.560546875
"72",86,5112,8398.2373046875,5647.37060546875,14,424.2646484375,332,8,2750.86669921875
"73",81,5265,12399.1552734375,4590.923828125,13,3541.673828125,311,8,7808.2314453125
"74",84,5265,6224.32958984375,3523.3544921875,11,2513.91967773438,311,8,2700.97509765625
"75",82,5265,9437.1767578125,4653.87158203125,11,3085.81274414062,311,8,4783.30517578125
"76",79,5265,9692.9990234375,5738.4453125,16,3777.26098632812,311,8,3954.5537109375
"77",80,5265,10166,6117,13,4086.2666015625,311,8,4049
"78",86,5265,6739.1884765625,4504.23486328125,10,1975.61804199219,311,8,2234.95361328125
"79",83,5265,8277.9365234375,4988.21923828125,12,2745.03198242188,311,8,3289.71728515625
"80",85,5265,6539.97119140625,5754.6015625,12,2223.18579101562,311,8,785.36962890625
"81",80,5733,30638.689453125,25096,21,3364.06591796875,332,8,5542.689453125
"82",85,5733,73470.96875,39485.609375,30,6217.77783203125,332,8,33985.359375
"83",81,5733,44572.1953125,39135.7578125,21,4109.29541015625,332,8,5436.4375
"84",82,5733,37062.27734375,19874.857421875,24,3680.5341796875,332,8,17187.419921875
"85",83,5733,60718.671875,38566.64453125,24,3611.92797851562,332,8,22152.02734375
"86",84,5733,85383.921875,42045.30859375,28,6524.18798828125,332,8,43338.61328125
"87",79,5733,21898.93359375,14711.416015625,18,1731.62927246094,332,8,7187.517578125
"88",86,5733,88631.203125,42148.9765625,36,6870.67724609375,332,8,46482.2265625
"89",84,5931,14094.0185546875,2159.14721679688,50,14789.986328125,369,8,11934.87109375
"90",86,5931,8694.3037109375,640.877502441406,38,12964.169921875,369,8,8053.42626953125
"91",79,5931,2611.68627929688,1723.18884277344,11,3941.64428710938,369,8,888.497436523438
"92",85,5931,12533.056640625,1613.57250976562,45,14312.8271484375,369,8,10919.484375
"93",80,5931,11169.3076171875,2250,47,3547.8759765625,369,8,8919.3076171875
"94",82,5931,3405.62109375,855.259216308594,53,2874.15869140625,369,8,2550.36181640625
"95",81,5931,12788.705078125,10388.9248046875,50,3193.34619140625,369,8,2399.7802734375
"96",83,5931,12754.2509765625,1490.84399414062,32,16916.955078125,369,8,11263.4072265625
"97",80,9036,26755.095703125,9187,18,6745.31982421875,342,8,17568.095703125
"98",86,9036,16266.990234375,11083.4931640625,19,11053.7421875,342,8,5183.4970703125
"99",82,9036,20495.423828125,8249.939453125,15,11134.52734375,342,8,12245.484375
"100",83,9036,14551.92578125,6461.14794921875,15,10075.2109375,342,8,8090.77783203125
"101",81,9036,30051.888671875,9360.994140625,17,6784.4658203125,342,8,20690.89453125
"102",79,9036,44023.4765625,18415.2421875,19,4144.8828125,342,8,25608.234375
"103",84,9036,13454.1494140625,6187.52880859375,16,9520.27734375,342,8,7266.62060546875
"104",85,9036,11139.49609375,6691.32470703125,16,9630.2509765625,342,8,4448.17138671875
"105",79,9621,39483.6953125,29732.169921875,30,1098.05859375,323,8,9751.525390625
"106",84,9621,60805.59765625,46443.71484375,38,3211.95263671875,323,8,14361.8828125
"107",85,9621,64190.4765625,43000.08984375,43,3095.6103515625,323,8,21190.38671875
"108",82,9621,52705.80859375,23943.537109375,35,3426.98413085938,323,8,28762.271484375
"109",80,9621,48612.6953125,24501,33,1101.51403808594,323,8,24111.6953125
"110",81,9621,65878.296875,30406.087890625,35,2277.13500976562,323,8,35472.2109375
"111",86,9621,61710.4765625,53109.71875,35,3504.3330078125,323,8,8600.7578125
"112",83,9621,68171.3203125,36276.8203125,34,3402.953125,323,8,31894.5
"113",82,10539,33737.359375,25671.873046875,32,8040.71630859375,356,8,8065.486328125
"114",84,10539,74776.0703125,45170.41015625,29,10804.6044921875,356,8,29605.66015625
"115",80,10539,46481.046875,26142,34,8255.0673828125,356,8,20339.046875
"116",79,10539,49300.05859375,31689.576171875,33,7686.1103515625,356,8,17610.482421875
"117",85,10539,92145.515625,64379.50390625,43,12343.6376953125,356,8,27766.01171875
"118",81,10539,56968.546875,37207.33203125,34,8591.4619140625,356,8,19761.21484375
"119",83,10539,61924.34375,34080.625,31,8349.978515625,356,8,27843.71875
"120",86,10539,131837.640625,110491.3125,54,17773.341796875,356,8,21346.328125
"121",86,11574,632808.75,614207.5625,116,177953.828125,352,8,18601.1875
"122",81,11574,694414.8125,461391.625,186,207373.34375,352,8,233023.1875
"123",80,11574,683670.25,504596,176,206227.515625,352,8,179074.25
"124",79,11574,638002.0625,368872.1875,179,175142.375,352,8,269129.875
"125",85,11574,614833.375,490468.5625,166,189073.671875,352,8,124364.8125
"126",84,11574,572746.5625,488738.96875,151,187110.578125,352,8,84007.59375
"127",83,11574,587863.0625,513113.71875,147,192888.0625,352,8,74749.34375
"128",82,11574,573782.6875,423649.03125,148,200804.390625,352,8,150133.65625
"129",86,15921,792394.3125,593364.1875,527,100240.1484375,311,8,199030.125
"130",83,15921,302581.15625,123407.0703125,231,55036.27734375,311,8,179174.09375
"131",84,15921,397662.1875,364871.25,410,57697.50390625,311,8,32790.9375
"132",80,15921,415999.6875,142629,228,58874.98046875,311,8,273370.6875
"133",79,15921,293193.375,185865.671875,270,48413.52734375,311,8,107327.703125
"134",82,15921,349086.6875,267120.625,218,57885.74609375,311,8,81966.0625
"135",85,15921,757915.125,599817.75,484,86614.0390625,311,8,158097.375
"136",81,15921,395979.65625,258046.28125,313,61357.671875,311,8,137933.375
"137",86,16578,61533.171875,34392.515625,24,4943.921875,311,8,27140.65625
"138",79,16578,21130.041015625,10822.2587890625,26,5516.45458984375,311,8,10307.7822265625
"139",83,16578,49567.625,29743.455078125,35,6259.3212890625,311,8,19824.169921875
"140",80,16578,24483.796875,13492,30,5480.51953125,311,8,10991.796875
"141",81,16578,36522.75,17081.970703125,32,6266.48291015625,311,8,19440.779296875
"142",85,16578,65673.2109375,34119.1640625,25,5454.60009765625,311,8,31554.046875
"143",84,16578,59013.67578125,33757.22265625,39,5643.38525390625,311,8,25256.453125
"144",82,16578,44013.97265625,26116.0859375,23,6196.91064453125,311,8,17897.88671875
"145",86,16605,354540.96875,293142.59375,489,282101.96875,311,8,61398.375
"146",84,16605,327955.78125,148104.71875,259,214074.140625,311,8,179851.0625
"147",80,16605,489362.96875,323430,262,235838.03125,311,8,165932.96875
"148",79,16605,232113.671875,145977.5,251,246769.0625,311,8,86136.171875
"149",83,16605,172821.546875,131653.375,252,216619.375,311,8,41168.171875
"150",85,16605,335011.125,167651.96875,445,266542.46875,311,8,167359.15625
"151",81,16605,360461.59375,293899,228,226975.078125,311,8,66562.59375
"152",82,16605,275967.25,118872.9921875,143,226444.203125,311,8,157094.25
"153",86,17775,19504.8125,7004.49072265625,20,2576.65551757812,311,8,12500.322265625
"154",85,17775,15363.3125,7602.59619140625,22,2920.34936523438,311,8,7760.71630859375
"155",79,17775,8861.2880859375,6706.2783203125,14,3453.6787109375,311,8,2155.009765625
"156",81,17775,16823.35546875,8197.4599609375,18,2950.19921875,311,8,8625.8955078125
"157",83,17775,20698.455078125,10841.828125,20,3129.53930664062,311,8,9856.626953125
"158",80,17775,9841,7617,16,3382.69580078125,311,8,2224
"159",84,17775,22980.328125,10511.9150390625,20,3277.54174804688,311,8,12468.4130859375
"160",82,17775,22572.234375,10538.50390625,21,2993.62280273438,311,8,12033.73046875
"161",86,18117,8724.2080078125,3812.025390625,12,2293.53125,311,8,4912.1826171875
"162",82,18117,6120.470703125,4264.8603515625,11,3690.58569335938,311,8,1855.6103515625
"163",84,18117,7308.27880859375,3697.2607421875,10,2884.74194335938,311,8,3611.01806640625
"164",81,18117,8277.8125,5751.40478515625,12,4171.60546875,311,8,2526.40771484375
"165",79,18117,5827.35498046875,4668.45166015625,12,3895.22998046875,311,8,1158.9033203125
"166",83,18117,4667.4658203125,2961.36791992188,11,3255.64428710938,311,8,1706.09790039062
"167",85,18117,10506.7939453125,7490.693359375,11,2566.99731445312,311,8,3016.1005859375
"168",80,18117,11348.52734375,5907,12,4150.00927734375,311,8,5441.52734375
"169",82,19125,131172.28125,41964.09375,126,37869.63671875,331,8,89208.1875
"170",80,19125,61886.0390625,30280,103,29473.458984375,331,8,31606.0390625
"171",81,19125,106143.53125,27689.67578125,128,31788.2578125,331,8,78453.859375
"172",85,19125,227734.078125,169109.765625,281,56956.8359375,331,8,58624.3125
"173",84,19125,175244.15625,121409.8984375,206,56844.515625,331,8,53834.2578125
"174",79,19125,50960.921875,27089.916015625,98,31141.0625,331,8,23871.005859375
"175",86,19125,184615.359375,151631.75,323,105624.265625,331,8,32983.609375
"176",83,19125,109798.4453125,74612.8828125,123,41266.390625,331,8,35185.5625
"177",81,19188,9324.05078125,5492.5576171875,21,2630.5390625,311,8,3831.4931640625
"178",86,19188,16338.5234375,9796.9150390625,22,1623.08569335938,311,8,6541.6083984375
"179",84,19188,11080.2587890625,7533.43115234375,22,1944.03283691406,311,8,3546.82763671875
"180",83,19188,11534.3232421875,6372.71240234375,22,2140.9248046875,311,8,5161.61083984375
"181",85,19188,12587.7119140625,8682.4580078125,22,1772.68420410156,311,8,3905.25390625
"182",82,19188,10416.94140625,7080.20068359375,22,2367.92456054688,311,8,3336.74072265625
"183",79,19188,13432.341796875,8984.7197265625,23,3290.7001953125,311,8,4447.6220703125
"184",80,19188,9401,6049,22,2935.4345703125,311,8,3352
"185",82,19287,8281.412109375,6772.03515625,14,781.272033691406,311,8,1509.376953125
"186",85,19287,11843.6875,9224.3876953125,16,563.894409179688,311,8,2619.2998046875
"187",79,19287,8892.19140625,6760.046875,20,1099.11791992188,311,8,2132.14453125
"188",80,19287,6646,4564,18,979.134765625,311,8,2082
"189",86,19287,14042.9384765625,6808.873046875,20,507.419860839844,311,8,7234.0654296875
"190",81,19287,6698.9619140625,4455.24560546875,18,873.856750488281,311,8,2243.71630859375
"191",84,19287,10729.67578125,7512.9716796875,14,627.629455566406,311,8,3216.7041015625
"192",83,19287,9955.7275390625,6430.10107421875,16,699.678100585938,311,8,3525.62646484375
"193",86,20331,8242.16015625,4408.62744140625,16,1709.08728027344,311,8,3833.53271484375
"194",81,20331,8113.56689453125,4661.16845703125,15,3111.93579101562,311,8,3452.3984375
"195",79,20331,9959.0400390625,4774.64453125,23,3973.24975585938,311,8,5184.3955078125
"196",80,20331,8147,3743,18,3509.75024414062,311,8,4404
"197",85,20331,7439.8486328125,4314.65234375,15,1993.43505859375,311,8,3125.1962890625
"198",83,20331,7923.19580078125,5777.30859375,15,2473.2734375,311,8,2145.88720703125
"199",84,20331,7664.20654296875,4499.49169921875,13,2216.62231445312,311,8,3164.71484375
"200",82,20331,6381.17626953125,4806.05224609375,15,2769.326171875,311,8,1575.1240234375
"201",86,20925,13537.5751953125,9361.96484375,25,2088.31225585938,311,8,4175.6103515625
"202",85,20925,13971.98828125,12453.1826171875,24,2449.27490234375,311,8,1518.8056640625
"203",82,20925,12490.3525390625,9484.6533203125,27,4034.38330078125,311,8,3005.69921875
"204",81,20925,10937.080078125,8543.8720703125,27,4797.4140625,311,8,2393.2080078125
"205",83,20925,11770.16015625,9084.310546875,26,3404.3134765625,311,8,2685.849609375
"206",80,20925,11905,9061,27,5723.91748046875,311,8,2844
"207",84,20925,12035.2783203125,9935.81640625,23,2882.57690429688,311,8,2099.4619140625
"208",79,20925,14962.7451171875,12455.4775390625,28,6851.72998046875,311,8,2507.267578125
"209",85,24066,63528.8359375,24417.849609375,74,11533.1103515625,331,8,39110.984375
"210",84,24066,45585.45703125,27956.16015625,38,2754.41015625,331,8,17629.296875
"211",82,24066,31881.537109375,14905.912109375,68,3553.78369140625,331,8,16975.625
"212",83,24066,39394.75390625,23328.068359375,63,3198.087890625,331,8,16066.685546875
"213",81,24066,29666.822265625,12061.1142578125,75,3960.59716796875,331,8,17605.70703125
"214",80,24066,31369.884765625,28244,40,4427.38232421875,331,8,3125.884765625
"215",79,24066,28336.486328125,21531.728515625,38,4964.78466796875,331,8,6804.7578125
"216",86,24066,53160.9609375,23491.33203125,73,10398.9033203125,331,8,29669.62890625
"217",83,24687,8874.2412109375,4229.4423828125,20,3374.9248046875,331,8,4644.798828125
"218",80,24687,6366,2633,17,4382.0283203125,331,8,3733
"219",85,24687,16146.552734375,9526.55859375,33,3254.8671875,331,8,6619.994140625
"220",81,24687,7343.12255859375,3505.28076171875,20,4008.22705078125,331,8,3837.841796875
"221",82,24687,7972.60791015625,3834.76733398438,20,3674.15600585938,331,8,4137.8408203125
"222",79,24687,10006.083984375,5375.8408203125,17,4801.2822265625,331,8,4630.2431640625
"223",86,24687,15317.6416015625,6793.453125,41,2964.919921875,331,8,8524.1884765625
"224",84,24687,20954.828125,10494.23828125,41,3586.005859375,331,8,10460.58984375
"225",85,25686,2925396.5,1818001.625,397,1256115.25,311,8,1107394.875
"226",83,25686,1763209.125,1345941.375,321,1471510.125,311,8,417267.75
"227",86,25686,3846768.5,2738573.5,505,1189388.25,311,8,1108195
"228",80,25686,600953.25,419664,209,1844056.5,311,8,181289.25
"229",81,25686,1445170.75,1025758.25,301,1703010.5,311,8,419412.5
"230",79,25686,426912.28125,308877.28125,286,1995937,311,8,118035
"231",82,25686,2360210.5,1245702.5,300,1580074.875,311,8,1114508
"232",84,25686,2144324,1368479.625,336,1347277.25,311,8,775844.375
"233",86,26118,92284.1953125,64966.3984375,81,6220.1298828125,311,8,27317.796875
"234",83,26118,39164.671875,31779.4375,54,7632.50537109375,311,8,7385.234375
"235",79,26118,25128.705078125,21706.3515625,32,11965.3056640625,311,8,3422.353515625
"236",82,26118,39952,29043.66015625,40,8495.55859375,311,8,10908.33984375
"237",81,26118,28929.146484375,20520.111328125,54,9488.4130859375,311,8,8409.03515625
"238",85,26118,86044.421875,66666.09375,91,6543.72900390625,311,8,19378.328125
"239",80,26118,29876,20212,37,10635.2177734375,311,8,9664
"240",84,26118,38508.08203125,36926.84375,55,6879.3134765625,311,8,1581.23828125
"241",85,27612,105405.265625,47847.80859375,204,5410.052734375,331,8,57557.45703125
"242",81,27612,101048.5078125,29174.556640625,161,7369.40966796875,331,8,71873.953125
"243",79,27612,24947.43359375,18161.697265625,93,7224.5595703125,331,8,6785.736328125
"244",80,27612,63926.2890625,14578,142,6648.6787109375,331,8,49348.2890625
"245",84,27612,113268.7578125,36458.8515625,95,5829.65087890625,331,8,76809.90625
"246",86,27612,72154.5078125,39028.87890625,133,5032.23291015625,331,8,33125.62890625
"247",82,27612,71384.40625,14901.4921875,158,6784.095703125,331,8,56482.9140625
"248",83,27612,81378.1015625,29083.46484375,95,6297.54052734375,331,8,52294.63671875
"249",79,28134,978728.6875,180253.359375,240,435832.71875,351,8,798475.3125
"250",85,28134,1490768.875,306637.34375,149,350711.6875,351,8,1184131.5
"251",82,28134,1099514.25,421390.84375,169,508506.09375,351,8,678123.375
"252",81,28134,1192701.375,128928.6953125,194,528937.9375,351,8,1063772.625
"253",80,28134,936096.6875,470028,216,469039.375,351,8,466068.6875
"254",86,28134,1330254.625,497511.8125,145,368621.96875,351,8,832742.8125
"255",83,28134,1438267,529223.6875,163,368426.75,351,8,909043.3125
"256",84,28134,1215948.875,237618.078125,151,351571.90625,351,8,978330.8125
"257",81,28341,11721.2841796875,9420.4873046875,19,2853.72534179688,311,8,2300.796875
"258",82,28341,14051.7646484375,9389.541015625,21,2494.55737304688,311,8,4662.2236328125
"259",83,28341,20821.95703125,9238.8681640625,18,2195.38916015625,311,8,11583.0888671875
"260",85,28341,12302.6328125,10622.7724609375,23,1735.00268554688,311,8,1679.8603515625
"261",86,28341,9608.46875,6553.8154296875,13,1557.65441894531,311,8,3054.6533203125
"262",79,28341,11203.248046875,8598.9306640625,15,3325.53881835938,311,8,2604.3173828125
"263",80,28341,14338,12988,21,2898.92895507812,311,8,1350
"264",84,28341,12949.681640625,10326.1630859375,27,1945.17712402344,311,8,2623.5185546875
"265",80,28629,175347,128346,99,60586.4140625,311,8,47001
"266",81,28629,296567.625,233891.734375,89,59720.94921875,311,8,62675.890625
"267",83,28629,202196.96875,67016.5234375,86,58232.23828125,311,8,135180.4375
"268",85,28629,168752.90625,67164.0625,83,58789.6796875,311,8,101588.84375
"269",84,28629,222667.421875,144119.40625,74,59568.8984375,311,8,78548.015625
"270",82,28629,200610.140625,115430.859375,91,58939.33984375,311,8,85179.28125
"271",79,28629,88295.296875,31908.927734375,87,40202.04296875,311,8,56386.3671875
"272",86,28629,250004.40625,52625.19921875,103,53499.671875,311,8,197379.203125
"273",83,29259,59702.08984375,35694.796875,84,32626.31640625,321,8,24007.29296875
"274",85,29259,82814.421875,41663.05859375,102,28588.55859375,321,8,41151.36328125
"275",86,29259,93508.984375,42099.89453125,123,26441.841796875,321,8,51409.08984375
"276",80,29259,64826.45703125,25164,112,39793.27734375,321,8,39662.45703125
"277",79,29259,65145.26953125,27753.873046875,115,35911.02734375,321,8,37391.3984375
"278",84,29259,83718.53125,43479.2890625,101,31885.125,321,8,40239.2421875
"279",82,29259,36301.0625,16039.658203125,102,35740.9375,321,8,20261.404296875
"280",81,29259,45499.796875,18744.26171875,107,36597.34765625,321,8,26755.53515625
"281",85,29709,7061.85400390625,5049.345703125,16,4694.2568359375,331,8,2012.50830078125
"282",79,29709,3810.32250976562,1827.51574707031,16,4825.423828125,331,8,1982.80676269531
"283",82,29709,6135.38037109375,3665.92431640625,14,5247.025390625,331,8,2469.4560546875
"284",80,29709,5414.17919921875,1758,13,4488.0107421875,331,8,3656.17919921875
"285",83,29709,5655.31396484375,3051.10229492188,12,5005.6103515625,331,8,2604.21166992188
"286",86,29709,7844.0087890625,1692.55517578125,15,4422.548828125,331,8,6151.45361328125
"287",84,29709,6326.12109375,4242.119140625,16,5004.75048828125,331,8,2084.001953125
"288",81,29709,6900.58642578125,2825.005859375,12,4745.55859375,331,8,4075.58056640625
"289",85,30879,18468.28125,8676.9375,26,715.615173339844,324,8,9791.34375
"290",80,30879,11515.0888671875,9754,28,557.905029296875,324,8,1761.0888671875
"291",81,30879,7810.3994140625,5122.11181640625,28,575.762023925781,324,8,2688.28759765625
"292",79,30879,13018.0224609375,9929.7646484375,26,869.954162597656,324,8,3088.2578125
"293",82,30879,8235.6845703125,6551.72705078125,25,542.323486328125,324,8,1683.95751953125
"294",86,30879,18074.4765625,8467.0625,26,644.076538085938,324,8,9607.4140625
"295",83,30879,10157.5478515625,6772.37646484375,24,753.070617675781,324,8,3385.17138671875
"296",84,30879,14410.3681640625,8567.8505859375,26,680.721496582031,324,8,5842.517578125
"297",85,32004,33691.3671875,31047.03125,31,4152.85302734375,311,8,2644.3359375
"298",81,32004,22326.07421875,17000.177734375,31,6499.029296875,311,8,5325.896484375
"299",82,32004,32208.94140625,26577.384765625,29,5712.0712890625,311,8,5631.556640625
"300",79,32004,22704.783203125,17778.560546875,33,6657.255859375,311,8,4926.22265625
"301",83,32004,28952.7421875,25001.09375,60,5484.39599609375,311,8,3951.6484375
"302",86,32004,33822.10546875,24705.359375,36,3712.12377929688,311,8,9116.74609375
"303",80,32004,19069,17621,33,6468.5361328125,311,8,1448
"304",84,32004,24872.197265625,21586.46875,30,4766.24462890625,311,8,3285.728515625
"305",81,33381,74663.7578125,21869.59765625,72,2690.474609375,381,8,52794.16015625
"306",79,33381,78505.9375,24297.736328125,73,1364.64990234375,381,8,54208.203125
"307",85,33381,26772.23828125,2771.1435546875,48,2704.35302734375,381,8,24001.09375
"308",83,33381,33030.74609375,6584.04248046875,46,2211.6943359375,381,8,26446.703125
"309",86,33381,31202.388671875,12183.857421875,82,2914.62646484375,381,8,19018.53125
"310",80,33381,64144,18346,80,2066.8896484375,381,8,45798
"311",84,33381,31226.31640625,3184.3037109375,73,3007.6201171875,381,8,28042.01171875
"312",82,33381,63891.94921875,24768.142578125,58,2469.03369140625,381,8,39123.8046875
"313",81,33534,17219.64453125,5097.33740234375,42,3281.87475585938,369,8,12122.306640625
"314",84,33534,9183.310546875,3700.95361328125,36,2661.67138671875,369,8,5482.35693359375
"315",80,33534,12224.0712890625,3175,47,710.714904785156,369,8,9049.0712890625
"316",82,33534,10837.962890625,2531.33203125,29,3054.54565429688,369,8,8306.630859375
"317",79,33534,12443.095703125,3409.662109375,37,390.080780029297,369,8,9033.43359375
"318",85,33534,10508.623046875,2662.69604492188,47,2496.19140625,369,8,7845.9267578125
"319",83,33534,8014.24072265625,2115.79077148438,27,2850.72192382812,369,8,5898.4501953125
"320",86,33534,10875.9404296875,4124.33740234375,47,2350.490234375,369,8,6751.60302734375
"321",79,35856,46569.3828125,18317.58984375,36,16999.1484375,311,8,28251.79296875
"322",82,35856,183399.546875,55199.6953125,80,73445.0078125,311,8,128199.8515625
"323",86,35856,253418.46875,118794.8671875,159,58204.76171875,311,8,134623.59375
"324",81,35856,140375.09375,45053.79296875,58,55677.61328125,311,8,95321.296875
"325",84,35856,203363.890625,94219.0390625,95,69645.5859375,311,8,109144.8515625
"326",85,35856,199428.546875,87395.6875,151,64564.58984375,311,8,112032.859375
"327",80,35856,64602.44140625,21165,37,29048.509765625,311,8,43437.44140625
"328",83,35856,166316.390625,93366.890625,112,67034.671875,311,8,72949.5
"329",86,36126,567691.5625,289791.0625,133,79249.390625,332,8,277900.5
"330",84,36126,348064.03125,211716.890625,95,75956.8671875,332,8,136347.140625
"331",81,36126,183812.984375,127294.859375,68,77611.8203125,332,8,56518.125
"332",83,36126,204542.453125,123448.8828125,71,79402.4921875,332,8,81093.5703125
"333",79,36126,190142.421875,91875.0078125,56,63390.64453125,332,8,98267.4140625
"334",80,36126,171844.125,74959,58,64307.34375,332,8,96885.125
"335",82,36126,178266.265625,97772.9765625,77,80464.65625,332,8,80493.2890625
"336",85,36126,346628.0625,168873.578125,96,79862.3125,332,8,177754.484375
"337",79,36189,16037.3349609375,5298.20751953125,29,2845.50854492188,381,8,10739.126953125
"338",83,36189,9398.5595703125,4098.8251953125,25,2526.95629882812,381,8,5299.734375
"339",81,36189,30689.978515625,13008.2255859375,34,3084.57983398438,381,8,17681.75390625
"340",84,36189,13902.310546875,5933.4521484375,23,2299.10375976562,381,8,7968.8583984375
"341",85,36189,11017.9345703125,4873.8662109375,23,2098.35498046875,381,8,6144.068359375
"342",80,36189,27030.537109375,16214,31,3427.52124023438,381,8,10816.537109375
"343",82,36189,11176.13671875,7850.4521484375,28,2786.80200195312,381,8,3325.6845703125
"344",86,36189,16066.5380859375,5649.9697265625,37,1920.67114257812,381,8,10416.568359375
"345",82,36468,31008.8203125,19019.716796875,20,3416.01318359375,311,8,11989.103515625
"346",86,36468,26656.62109375,17277.240234375,27,2161.18212890625,311,8,9379.380859375
"347",81,36468,32013.041015625,21436.177734375,30,3965.7822265625,311,8,10576.86328125
"348",85,36468,23461.6640625,15435.7919921875,21,2449.77270507812,311,8,8025.8720703125
"349",80,36468,28455.056640625,20249,25,4628.58349609375,311,8,8206.056640625
"350",83,36468,20850.0390625,13292.5703125,22,3043.82348632812,311,8,7557.46875
"351",84,36468,26140.677734375,16510.33984375,21,2791.38452148438,311,8,9630.337890625
"352",79,36468,32845.21484375,20925.36328125,19,4916.09228515625,311,8,11919.8515625
"353",81,36477,18767.041015625,7847.27001953125,33,1526.02709960938,381,8,10919.771484375
"354",79,36477,8321.0029296875,4510.41552734375,34,1716.07299804688,381,8,3810.58740234375
"355",82,36477,12414.5185546875,5181.4013671875,21,1316.03283691406,381,8,7233.1171875
"356",85,36477,14554.2509765625,4446.84423828125,20,859.9052734375,381,8,10107.40625
"357",86,36477,1635.17907714844,527.998718261719,25,636.013000488281,381,8,1107.18041992188
"358",80,36477,14317,7573,34,1775.33630371094,381,8,6744
"359",84,36477,10079.755859375,4494.228515625,22,988.015808105469,381,8,5585.52734375
"360",83,36477,10982.7548828125,4914.40234375,23,1138.54626464844,381,8,6068.3525390625
"361",81,38277,25482.78515625,15172.083984375,91,5642.8359375,331,8,10310.701171875
"362",86,38277,19948.62109375,5196.35986328125,52,4182.51806640625,331,8,14752.26171875
"363",80,38277,16610.23828125,9706,63,6026.7197265625,331,8,6904.23828125
"364",84,38277,19018.88671875,4045.2880859375,44,4684.31298828125,331,8,14973.5986328125
"365",82,38277,13489.640625,8048.76806640625,55,5292.77587890625,331,8,5440.87255859375
"366",85,38277,28635.92578125,13222.439453125,55,4421.1943359375,331,8,15413.486328125
"367",79,38277,19028.025390625,4468.1611328125,50,6446.9169921875,331,8,14559.8642578125
"368",83,38277,15325.55859375,8875.8603515625,50,4974.06982421875,331,8,6449.6982421875
"369",83,39609,20914.478515625,5055.3310546875,39,10325.16796875,383,8,15859.1474609375
"370",84,39609,23093.013671875,5059.2197265625,44,9397.73046875,383,8,18033.79296875
"371",85,39609,22488.796875,8567.8876953125,46,8564.9228515625,383,8,13920.9091796875
"372",86,39609,28798.94921875,9155.2587890625,57,7815.83642578125,383,8,19643.69140625
"373",81,39609,25036.201171875,5530.419921875,40,12235.7353515625,383,8,19505.78125
"374",82,39609,16326.0400390625,3192.99780273438,35,11359.833984375,383,8,13133.0419921875
"375",79,39609,23533.6171875,3762.0810546875,38,10530.8408203125,383,8,19771.53515625
"376",80,39609,23098,5610,39,9663.1845703125,383,8,17488
"377",79,39906,224195.359375,166586.96875,67,101652.1640625,311,8,57608.390625
"378",84,39906,471874.8125,399955.09375,53,89315.2578125,311,8,71919.71875
"379",80,39906,233206.3125,180290,47,98548.8359375,311,8,52916.3125
"380",81,39906,330789.96875,256502.828125,50,95695.9375,311,8,74287.140625
"381",86,39906,562357.625,360761.78125,97,86524.1171875,311,8,201595.84375
"382",85,39906,535788,378736.625,69,88654.796875,311,8,157051.375
"383",82,39906,517887.25,278651.15625,65,93723.96875,311,8,239236.09375
"384",83,39906,532462.5,404720.71875,45,91657.890625,311,8,127741.78125
"385",86,40068,33411.0390625,29525.03515625,31,6645.0673828125,311,8,3886.00390625
"386",81,40068,53000.6328125,48067.578125,39,9330.205078125,311,8,4933.0546875
"387",82,40068,56639.234375,45353.61328125,39,8884.6748046875,311,8,11285.62109375
"388",79,40068,46224.87890625,37535.8046875,38,6863.27587890625,311,8,8689.07421875
"389",83,40068,40808.0625,35869.66015625,42,8181.21875,311,8,4938.40234375
"390",85,40068,31522.41015625,27825.029296875,28,7005.6044921875,311,8,3697.380859375
"391",84,40068,39412.1953125,27981.162109375,38,7419.25341796875,311,8,11431.033203125
"392",80,40068,49424.97265625,23941,40,8859.353515625,311,8,25483.97265625
"393",81,42093,8435.0380859375,2649.93359375,13,2768.4638671875,332,8,5785.1044921875
"394",86,42093,7347.11181640625,1649.48999023438,10,1886.79797363281,332,8,5697.6220703125
"395",80,42093,9463.9462890625,2249,17,3060.541015625,332,8,7214.9462890625
"396",79,42093,8650.224609375,4626.80908203125,10,3399.91723632812,332,8,4023.41552734375
"397",83,42093,6828.798828125,2316.40380859375,11,2295.4169921875,332,8,4512.39501953125
"398",82,42093,6624.4599609375,2752.62670898438,13,2515.61083984375,332,8,3871.83325195312
"399",84,42093,7225.212890625,2195.73022460938,21,2102.53442382812,332,8,5029.482421875
"400",85,42093,7026.20703125,1889.75598144531,10,1932.59704589844,332,8,5136.451171875
"401",79,42237,3219.59423828125,1173.77026367188,16,7824.419921875,331,8,2045.82397460938
"402",83,42237,7208.12890625,2800.271484375,50,4940.8017578125,331,8,4407.857421875
"403",82,42237,5652.083984375,2797.84204101562,26,5669.69189453125,331,8,2854.24194335938
"404",86,42237,1485.33520507812,274.137359619141,39,4122.083984375,331,8,1211.19787597656
"405",80,42237,7334.6455078125,1394,14,7628.423828125,331,8,5940.6455078125
"406",84,42237,8337.87890625,1561.66296386719,16,4336.884765625,331,8,6776.2158203125
"407",81,42237,5444.33056640625,2246.86108398438,23,6553.23388671875,331,8,3197.46948242188
"408",85,42237,8949.6259765625,1274.22277832031,21,3834.11962890625,331,8,7675.4033203125
"409",86,42489,8146.27099609375,5588.4853515625,24,27932.037109375,322,8,2557.78564453125
"410",83,42489,7327.94580078125,6205.68798828125,22,29589.29296875,322,8,1122.2578125
"411",80,42489,25634.521484375,15056,50,32073.4765625,322,8,10578.521484375
"412",79,42489,125132.671875,20167.021484375,68,33161.65234375,322,8,104965.6484375
"413",82,42489,13639.6005859375,4018.71850585938,25,30306.470703125,322,8,9620.8818359375
"414",81,42489,35332.2890625,14373.8896484375,50,31128.703125,322,8,20958.3984375
"415",85,42489,9762.77734375,4218.14599609375,22,28413.54296875,322,8,5544.63134765625
"416",84,42489,5545.716796875,4150.9873046875,20,28962.45703125,322,8,1394.7294921875
"417",86,43245,10061.373046875,4452.86962890625,24,12234.572265625,369,8,5608.50341796875
"418",83,43245,4414.787109375,1521.32922363281,10,12384.1552734375,369,8,2893.4580078125
"419",82,43245,11806.5712890625,3217.7236328125,13,13075.0146484375,369,8,8588.84765625
"420",84,43245,8019.45556640625,2801.22314453125,13,11946.599609375,369,8,5218.232421875
"421",81,43245,22833.607421875,4129.01904296875,24,13711.099609375,369,8,18704.587890625
"422",79,43245,9308.1865234375,1496.77551269531,15,13642.796875,369,8,7811.4111328125
"423",80,43245,19028.365234375,886,21,13143.3662109375,369,8,18142.365234375
"424",85,43245,4231.7705078125,2461.3095703125,16,11348.37890625,369,8,1770.4609375
"425",80,44046,16461.462890625,6504,13,147.663040161133,322,8,9957.462890625
"426",79,44046,17495.642578125,8193.783203125,11,164.070053100586,322,8,9301.859375
"427",85,44046,13420.9609375,6443.689453125,11,376.285034179688,322,8,6977.271484375
"428",86,44046,15388.1064453125,8467.8056640625,11,338.656524658203,322,8,6920.30078125
"429",82,44046,15759.8271484375,6573.88623046875,11,516.166015625,322,8,9185.94140625
"430",81,44046,21734.3359375,8158.58349609375,12,573.517822265625,322,8,13575.751953125
"431",83,44046,13088.09765625,8097.82177734375,11,464.549407958984,322,8,4990.27587890625
"432",84,44046,11338.1064453125,6936.544921875,11,418.094482421875,322,8,4401.5615234375
"433",79,44235,5483.7578125,3528.52465820312,11,1742.509765625,331,8,1955.23315429688
"434",83,44235,6616.791015625,4448.01220703125,13,923.127197265625,331,8,2168.77880859375
"435",80,44235,7452.015625,3860,12,1595.24365234375,331,8,3592.015625
"436",85,44235,9881.2119140625,5257.48974609375,13,650.845397949219,331,8,4623.72216796875
"437",81,44235,7928.0849609375,3384.5009765625,13,1329.42126464844,331,8,4543.583984375
"438",84,44235,6366.64404296875,3886.72973632812,13,773.566711425781,331,8,2479.91430664062
"439",82,44235,6058.19775390625,2457.50415039062,13,1105.80993652344,331,8,3600.69360351562
"440",86,44235,6051.5087890625,4291.15771484375,13,549.90283203125,331,8,1760.35107421875
"441",82,44694,77874.8203125,47217.82421875,57,16851.91015625,311,8,30656.99609375
"442",81,44694,69336.53125,42164.13671875,68,16256.4697265625,311,8,27172.39453125
"443",86,44694,126376.1875,44825.97265625,38,12445.6123046875,311,8,81550.21875
"444",85,44694,114921.953125,45390.5703125,56,13515.091796875,311,8,69531.3828125
"445",79,44694,27558.001953125,18238.28125,52,9311.998046875,311,8,9319.720703125
"446",80,44694,61013,36607,60,17678.94140625,311,8,24406
"447",83,44694,131068.75,50229.78515625,50,15672.2587890625,311,8,80838.96875
"448",84,44694,123016.3671875,46056.66015625,51,14732.517578125,311,8,76959.703125
"449",84,44757,2723525.5,691480.25,1123,1985387.75,342,8,2032045.25
"450",86,44757,2462450.5,900910.8125,1122,1606593.625,342,8,1561539.75
"451",81,44757,5251846,1036085.0625,1696,1764409.125,342,8,4215761
"452",82,44757,4446174.5,884048.3125,1568,2313729,342,8,3562126.25
"453",80,44757,4473038,622110,1509,855814.625,342,8,3850928
"454",79,44757,4403680.5,633623.125,1642,892402.375,342,8,3770057.5
"455",85,44757,2535696.75,746075.375,1106,1646613.5,342,8,1789621.375
"456",83,44757,2938823.25,826266.875,1345,2161545.25,342,8,2112556.5
"457",86,44928,6798.46826171875,2091.61108398438,20,4153.095703125,342,8,4706.857421875
"458",79,44928,12859.6884765625,2796.05224609375,23,6941.447265625,342,8,10063.63671875
"459",85,44928,4978.40087890625,1741.1611328125,19,4427.50439453125,342,8,3237.23974609375
"460",81,44928,15587.947265625,2340.70263671875,21,5894.8759765625,342,8,13247.244140625
"461",82,44928,9272.513671875,2226.89306640625,20,5461.29443359375,342,8,7045.62060546875
"462",83,44928,6428.2138671875,1853.9443359375,15,5076.45263671875,342,8,4574.26953125
"463",84,44928,6664.705078125,1352.79736328125,18,4733.71728515625,342,8,5311.90771484375
"464",80,44928,15968,2946,23,6385.10546875,342,8,13022
"465",83,45081,21137.939453125,10519.01953125,22,4043.67041015625,311,8,10618.919921875
"466",82,45081,23391.05859375,12421.73828125,22,4565.92919921875,311,8,10969.3203125
"467",81,45081,19987.705078125,11825.1650390625,21,5058.02978515625,311,8,8162.5400390625
"468",85,45081,27452.919921875,16848.166015625,20,2898.77978515625,311,8,10604.75390625
"469",79,45081,24409.859375,17235.498046875,25,6571.66748046875,311,8,7174.361328125
"470",80,45081,21266,12499,22,5754.4462890625,311,8,8767
"471",84,45081,20890.1875,13840.9033203125,20,3213.64086914062,311,8,7049.2841796875
"472",86,45081,26333.982421875,16038.4345703125,20,2619.57592773438,311,8,10295.5478515625
"473",85,45117,258185.75,155015.5,197,64805.51171875,352,8,103170.25
"474",86,45117,309968.6875,234583.28125,206,62000.30859375,352,8,75385.40625
"475",82,45117,207225.84375,79488.8359375,118,24167.263671875,352,8,127737.0078125
"476",83,45117,215094.796875,117903.2734375,123,34599.49609375,352,8,97191.5234375
"477",79,45117,130288.296875,52861.6484375,109,18837.74609375,352,8,77426.6484375
"478",80,45117,133610.828125,49126,107,19056.64453125,352,8,84484.828125
"479",84,45117,260401.921875,122081.3984375,152,43374.49609375,352,8,138320.53125
"480",81,45117,202082.984375,70061.6171875,113,20653.486328125,352,8,132021.375
"481",83,46989,30009.646484375,28074.291015625,18,1234.13891601562,356,8,1935.35546875
"482",85,46989,51056.46484375,49782.47265625,22,1029.27612304688,356,8,1273.9921875
"483",80,46989,24451.693359375,19507,14,1662.517578125,356,8,4944.693359375
"484",86,46989,47150.359375,46191.9296875,21,2926.15087890625,356,8,958.4296875
"485",81,46989,36403.89453125,24330.330078125,15,1500.13317871094,356,8,12073.564453125
"486",79,46989,22632.9296875,18933.20703125,16,1848.95434570312,356,8,3699.72265625
"487",84,46989,47016.77734375,42096.7109375,19,1125.150390625,356,8,4920.06640625
"488",82,46989,28835.318359375,18559.70703125,14,1358.31433105469,356,8,10275.611328125
"489",79,48042,12812.92578125,10733.5400390625,14,6951.7822265625,311,8,2079.3857421875
"490",81,48042,14169.78515625,10802.287109375,17,6127.43798828125,311,8,3367.498046875
"491",85,48042,22800.1875,15308.302734375,17,4834.76025390625,311,8,7491.884765625
"492",84,48042,18366.33984375,12481.95703125,17,5121.0068359375,311,8,5884.3828125
"493",86,48042,22267.13671875,14102.38671875,18,4569.21337890625,311,8,8164.75
"494",80,48042,13149,10116,17,6521.84912109375,311,8,3033
"495",82,48042,21181.17578125,12713.734375,17,5764.6494140625,311,8,8467.44140625
"496",83,48042,20472.990234375,11827.8642578125,17,5430.13525390625,311,8,8645.1259765625
"497",83,48474,52112.33984375,22102.638671875,26,14082.4482421875,352,8,30009.701171875
"498",84,48474,50088.265625,19857.26953125,21,13871.0283203125,352,8,30230.99609375
"499",85,48474,44902.55859375,18138.85546875,23,13680.1044921875,352,8,26763.703125
"500",86,48474,52026.1796875,45096.6640625,19,13507.0078125,352,8,6929.515625
"501",82,48474,36305.34765625,25806.298828125,26,14317.5625,352,8,10499.048828125
"502",80,48474,57599.0390625,39000,28,14875.005859375,352,8,18599.0390625
"503",81,48474,54354.66796875,28995.447265625,26,14580.2060546875,352,8,25359.220703125
"504",79,48474,71365.171875,46187.15625,27,15207.556640625,352,8,25178.015625
"505",80,48897,250634.765625,92978,150,35943.95703125,332,8,157656.765625
"506",84,48897,213562.15625,62243.2109375,129,43469.515625,332,8,151318.9375
"507",81,48897,292360.1875,115859.9765625,195,46729.9609375,332,8,176500.21875
"508",79,48897,235007.609375,87352.59375,150,15029.015625,332,8,147655.015625
"509",83,48897,128436.328125,36889.63671875,102,43585.3515625,332,8,91546.6875
"510",82,48897,133004.609375,50875.3515625,124,46327.25,332,8,82129.2578125
"511",85,48897,240084.171875,88356.40625,202,50833.5859375,332,8,151727.765625
"512",86,48897,300601.875,103390.8125,213,49609.32421875,332,8,197211.0625
"513",84,49347,11791.8935546875,8533.2587890625,15,4747.97216796875,311,8,3258.634765625
"514",82,49347,13177.412109375,8463.1416015625,21,5497.6357421875,311,8,4714.2705078125
"515",85,49347,12681.5849609375,10022.494140625,16,4420.494140625,311,8,2659.0908203125
"516",81,49347,11305.447265625,7802.9345703125,20,5875.39306640625,311,8,3502.5126953125
"517",79,49347,10308.3857421875,7196.916015625,20,4461.50146484375,311,8,3111.4697265625
"518",80,49347,10834,7040,20,4110.2275390625,311,8,3794
"519",83,49347,13998.0341796875,8340.87109375,15,5105.78759765625,311,8,5657.1630859375
"520",86,49347,14986.3359375,9902.900390625,21,4120.15380859375,311,8,5083.435546875
"521",84,49815,6661.59375,3960.0048828125,11,1748.53125,311,8,2701.5888671875
"522",81,49815,5672.2265625,2676.99633789062,10,2387.54467773438,311,8,2995.23022460938
"523",80,49815,5747.89794921875,2559,10,2736.09350585938,311,8,3188.89794921875
"524",83,49815,6622.8681640625,3264.61303710938,11,1831.99340820312,311,8,3358.25512695312
"525",85,49815,6175.6396484375,4446.1376953125,10,1542.98291015625,311,8,1729.501953125
"526",82,49815,7447.81640625,3968.10815429688,11,2088.83862304688,311,8,3479.70825195312
"527",79,49815,5291.89453125,2697.83544921875,10,3144.18676757812,311,8,2594.05908203125
"528",86,49815,7322.77978515625,4060.79296875,10,1364.12841796875,311,8,3261.98681640625
"529",81,51417,12940.2001953125,7044.806640625,24,13087.0986328125,342,8,5895.3935546875
"530",83,51417,6485.552734375,3600.98999023438,18,10748.263671875,342,8,2884.56274414062
"531",82,51417,9393.76953125,6162.1767578125,21,11856.765625,342,8,3231.5927734375
"532",86,51417,9448.2734375,6255.9111328125,20,8033.828125,342,8,3192.3623046875
"533",85,51417,7285.71630859375,5849.98046875,15,8847.451171875,342,8,1435.73583984375
"534",79,51417,20506.84375,9337.2880859375,31,17726.947265625,342,8,11169.5556640625
"535",84,51417,6280.56005859375,4349.63525390625,16,9748.916015625,342,8,1930.9248046875
"536",80,51417,15011,7141,27,16032.82421875,342,8,7870
"537",79,52002,17271.4921875,7220.50244140625,22,2990.3759765625,342,8,10050.990234375
"538",85,52002,12670.5380859375,7508.9453125,19,7383.81005859375,342,8,5161.5927734375
"539",80,52002,18277.642578125,5547,26,10916.140625,342,8,12730.642578125
"540",86,52002,13159.7392578125,8222.23046875,30,7500.4482421875,342,8,4937.5087890625
"541",83,52002,12988.8994140625,7412.04833984375,16,8393.8857421875,342,8,5576.85107421875
"542",81,52002,22818.220703125,10332.50390625,30,10170.3876953125,342,8,12485.716796875
"543",82,52002,14964.5810546875,6185.634765625,20,9143.43359375,342,8,8778.9462890625
"544",84,52002,14232.078125,6953.666015625,17,7833.701171875,342,8,7278.412109375
"545",86,52038,4757.9736328125,3202.36376953125,12,2193.55102539062,342,8,1555.60986328125
"546",85,52038,4552.28955078125,3446.904296875,10,2030.30859375,342,8,1105.38525390625
"547",82,52038,9798.5673828125,4477.244140625,16,3012.59545898438,342,8,5321.3232421875
"548",83,52038,6714.3330078125,4512.11376953125,10,2591.947265625,342,8,2202.21923828125
"549",84,52038,5212.65087890625,2824.78173828125,10,2294.96606445312,342,8,2387.869140625
"550",79,52038,17303.939453125,5141.892578125,14,2016.44494628906,342,8,12162.046875
"551",81,52038,16982.6484375,7963.65478515625,16,3409.60473632812,342,8,9018.994140625
"552",80,52038,11565.103515625,4798,17,1741.09497070312,342,8,6767.103515625
"553",85,55674,17247.390625,12706.9619140625,54,2242.244140625,311,8,4540.4287109375
"554",84,55674,21560.640625,12208.982421875,60,2563.71166992188,311,8,9351.658203125
"555",86,55674,17053.703125,7917.79150390625,57,1951.07580566406,311,8,9135.912109375
"556",83,55674,24160.564453125,11652.4384765625,56,3115.44262695312,311,8,12508.1259765625
"557",82,55674,25998.2734375,16391.748046875,53,3633.0166015625,311,8,9606.525390625
"558",79,55674,18258.33203125,11484.955078125,32,3794.87841796875,311,8,6773.376953125
"559",81,55674,32599.287109375,22782.375,48,4248.56201171875,311,8,9816.912109375
"560",80,55674,24853.11328125,12366,34,3524.07763671875,311,8,12487.11328125
"561",82,56439,24624.94140625,10988.3876953125,24,2758.95288085938,311,8,13636.5537109375
"562",80,56439,14537,8884,24,3486.9365234375,311,8,5653
"563",83,56439,20682.03125,13467.3447265625,26,2458.41186523438,311,8,7214.6865234375
"564",81,56439,16242.32421875,9528.259765625,25,3099.73364257812,311,8,6714.064453125
"565",79,56439,15157.572265625,10255.0009765625,28,3927.85913085938,311,8,4902.5712890625
"566",86,56439,20787.912109375,14111.5078125,30,1749.39685058594,311,8,6676.404296875
"567",84,56439,19170.9375,14264.09375,27,2192.85375976562,311,8,4906.84375
"568",85,56439,21135.373046875,17164.689453125,29,1957.79504394531,311,8,3970.68359375
"569",82,56637,7630.11767578125,5699.162109375,11,2993.48486328125,311,8,1930.95556640625
"570",81,56637,8680.3583984375,5693.66943359375,12,3238.09375,311,8,2986.68896484375
"571",79,56637,7466.74072265625,6735.85107421875,10,3826.056640625,311,8,730.8896484375
"572",80,56637,8286.162109375,6404,13,3700.02392578125,311,8,1882.162109375
"573",84,56637,6681.93115234375,5092.28076171875,12,2308.63403320312,311,8,1589.650390625
"574",85,56637,7753.1220703125,4794.2353515625,15,2060.45092773438,311,8,2958.88671875
"575",83,56637,6905.6162109375,5730.3544921875,13,2592.39306640625,311,8,1175.26171875
"576",86,56637,11904.02734375,6790.00341796875,17,1842.73229980469,311,8,5114.02392578125
"577",79,57816,25731.376953125,11356.5673828125,44,5510.40087890625,381,8,14374.8095703125
"578",86,57816,16486.443359375,8843.7861328125,43,3085.05200195312,381,8,7642.6572265625
"579",83,57816,17275.134765625,6837.6015625,27,4005.8525390625,381,8,10437.533203125
"580",84,57816,17003.244140625,8567.123046875,34,3758.53833007812,381,8,8436.12109375
"581",80,57816,31005.974609375,14326,47,5389.95556640625,381,8,16679.974609375
"582",81,57816,26147.158203125,14432.203125,49,4858.23876953125,381,8,11714.955078125
"583",85,57816,10257.4873046875,6213.70703125,32,3396.24291992188,381,8,4043.7802734375
"584",82,57816,12524.67578125,6470.115234375,32,4402.033203125,381,8,6054.560546875
"585",84,57996,8072.94970703125,5246.50048828125,19,3108.66040039062,322,8,2826.44921875
"586",85,57996,10802.5146484375,4776.44091796875,20,2945.78686523438,322,8,6026.07373046875
"587",79,57996,7094.69970703125,2900.92138671875,13,4259.09228515625,322,8,4193.7783203125
"588",81,57996,12126.9921875,8243.4580078125,19,3720.53759765625,322,8,3883.5341796875
"589",83,57996,6711.29248046875,5085.99072265625,18,3290.45434570312,322,8,1625.3017578125
"590",82,57996,11705.7822265625,7463.69140625,18,3493.5205078125,322,8,4242.0908203125
"591",80,57996,7608.94677734375,6271,20,3974.56201171875,322,8,1337.94677734375
"592",86,57996,11660.671875,5082.560546875,18,2799.76318359375,322,8,6578.111328125
"593",83,58113,38474.21875,20947.44140625,50,34678.2734375,383,8,17526.77734375
"594",84,58113,134041.328125,43067.55859375,69,32957.1015625,383,8,90973.765625
"595",80,58113,74391.3125,7862,41,30539.314453125,383,8,66529.3125
"596",79,58113,46926.8671875,8775.888671875,42,31906.40625,383,8,38150.9765625
"597",86,58113,214511.140625,29886.154296875,94,32676.640625,383,8,184624.984375
"598",85,58113,93435.21875,30794.595703125,73,32448.685546875,383,8,62640.625
"599",82,58113,29205.73828125,5801.1728515625,55,36493.125,383,8,23404.56640625
"600",81,58113,58272.17578125,8499.2509765625,51,31836.068359375,383,8,49772.92578125
"601",86,58869,14935.486328125,10068.0595703125,18,2227.49072265625,383,8,4867.4267578125
"602",82,58869,11655.173828125,7290.95849609375,15,2951.77294921875,383,8,4364.21533203125
"603",85,58869,12544.1875,8779.2451171875,15,2324.11499023438,383,8,3764.9423828125
"604",83,58869,8987.046875,4865.0029296875,10,2628.208984375,383,8,4122.0439453125
"605",84,58869,10431.3017578125,7058.99755859375,14,2466.88916015625,383,8,3372.30419921875
"606",79,58869,13336.3544921875,7262.03125,10,3733.07836914062,383,8,6074.3232421875
"607",80,58869,15655,9054,15,3651.0048828125,383,8,6601
"608",81,58869,21468.849609375,13527.16015625,16,3334.02758789062,383,8,7941.689453125
"609",83,58878,12809.64453125,10657.96484375,42,12125.298828125,381,8,2151.6796875
"610",82,58878,28351.39453125,8016.572265625,38,13491.2705078125,381,8,20334.822265625
"611",79,58878,42026.5703125,19565.54296875,82,15326.1826171875,381,8,22461.02734375
"612",80,58878,47682.765625,23747,74,15934.7646484375,381,8,23935.765625
"613",84,58878,30712.244140625,13141.16015625,50,10891.0908203125,381,8,17571.083984375
"614",81,58878,50366.57421875,29952.59375,70,15003.9013671875,381,8,20413.98046875
"615",85,58878,22278.46484375,11480.708984375,42,9775.3408203125,381,8,10797.755859375
"616",86,58878,23705.380859375,12302.2421875,44,8766.1572265625,381,8,11403.138671875
"617",79,59265,12134.3564453125,4489.41064453125,31,6155.06005859375,381,8,7644.94580078125
"618",83,59265,9741.2890625,3987.89331054688,16,9000.7109375,381,8,5753.3955078125
"619",82,59265,4084.81372070312,1894.10998535156,11,4971.8408203125,381,8,2190.70361328125
"620",84,59265,12122.9140625,4561.55322265625,16,8606.21484375,381,8,7561.36083984375
"621",80,59265,12483,2934,17,5595.7861328125,381,8,9549
"622",86,59265,15079.8642578125,6705.96728515625,26,7186.91259765625,381,8,8373.896484375
"623",81,59265,10701.427734375,3267.45068359375,24,5607.31396484375,381,8,7433.97705078125
"624",85,59265,9257.66796875,3742.43823242188,20,7781.18408203125,381,8,5515.2294921875
"625",81,59949,39058.9375,18368.306640625,39,3307.0244140625,322,8,20690.630859375
"626",86,59949,91214.7421875,38370.34765625,84,12588.6005859375,322,8,52844.39453125
"627",82,59949,36892.16015625,16536.037109375,41,3420.25708007812,322,8,20356.123046875
"628",80,59949,33980.26171875,13772,33,3339.38134765625,322,8,20208.26171875
"629",85,59949,71583.140625,31444.013671875,65,12600.7275390625,322,8,40139.125
"630",79,59949,21226.056640625,12398.2919921875,24,2681.77514648438,322,8,8827.7646484375
"631",83,59949,42409.66796875,24376.75390625,43,7648.37060546875,322,8,18032.9140625
"632",84,59949,47322.78515625,28531.90234375,51,11109.505859375,322,8,18790.8828125
"633",79,60588,41589.78125,14873.716796875,52,19253.525390625,311,8,26716.064453125
"634",82,60588,45049.90234375,16124.4814453125,42,17829.267578125,311,8,28925.421875
"635",83,60588,35824.078125,15625.275390625,41,16501.298828125,311,8,20198.802734375
"636",84,60588,33978.3984375,12304.28125,43,16328.3564453125,311,8,21674.1171875
"637",86,60588,42606.9765625,15660.72265625,29,17199.005859375,311,8,26946.25390625
"638",85,60588,37590.41015625,17616.697265625,38,16714.078125,311,8,19973.712890625
"639",80,60588,48166.5859375,22692,53,18326.291015625,311,8,25474.5859375
"640",81,60588,53696.0078125,20221.8125,50,17971.447265625,311,8,33474.1953125
"641",80,61029,42424.30078125,13945,57,2865.951171875,322,8,28479.30078125
"642",84,61029,40688.66796875,21483.404296875,53,1946.748046875,322,8,19205.263671875
"643",82,61029,44578.00390625,27373.818359375,51,2352.404296875,322,8,17204.185546875
"644",79,61029,45346.28515625,19549.74609375,44,3172.92504882812,322,8,25796.5390625
"645",81,61029,40823.0859375,17083.69140625,54,2593.88891601562,322,8,23739.39453125
"646",86,61029,51399.265625,20101.955078125,49,1624.76904296875,322,8,31297.310546875
"647",85,61029,35592.80859375,17465.62890625,52,1776.55859375,322,8,18127.1796875
"648",83,61029,54799.27734375,26789.443359375,50,2137.76538085938,322,8,28009.833984375
"649",85,61398,226483.640625,75225.5625,281,197406.984375,324,8,151258.078125
"650",81,61398,302630.53125,81822.109375,304,246945.984375,324,8,220808.421875
"651",83,61398,283441.625,71115.28125,274,220591.25,324,8,212326.34375
"652",80,61398,231140.453125,101267,237,258358.625,324,8,129873.453125
"653",79,61398,267868.1875,75826.984375,311,275413.46875,324,8,192041.203125
"654",84,61398,317400.3125,80565.984375,272,208460.859375,324,8,236834.328125
"655",86,61398,313567.5,74469.71875,292,205949.875,324,8,239097.78125
"656",82,61398,381287.8125,80838.6015625,284,234015.65625,324,8,300449.21875
"657",85,62856,17268.84765625,10736.984375,30,8399.4951171875,356,8,6531.86328125
"658",86,62856,23048.994140625,13068.2353515625,32,7742.42578125,356,8,9980.7587890625
"659",81,62856,13773.9736328125,2272.18115234375,19,4839.40283203125,356,8,11501.79296875
"660",79,62856,8598.2529296875,3257.9404296875,21,4146.68603515625,356,8,5340.3125
"661",82,62856,14221.7705078125,1725.08618164062,18,6189.13037109375,356,8,12496.6845703125
"662",84,62856,19315.6171875,9858.09765625,27,7731.46142578125,356,8,9457.51953125
"663",80,62856,13000.646484375,1511,18,3857.73486328125,356,8,11489.646484375
"664",83,62856,14645.40625,6176.330078125,27,8657.537109375,356,8,8469.076171875
"665",79,63252,29979.0703125,7324.9501953125,53,21659.701171875,321,8,22654.12109375
"666",81,63252,38006.984375,13870.7900390625,53,17543.59375,321,8,24136.1953125
"667",85,63252,26637.08203125,11921.83984375,49,11508.966796875,321,8,14715.2421875
"668",86,63252,35982.48046875,14864.52734375,51,10357.66796875,321,8,21117.953125
"669",82,63252,32514.986328125,4958.224609375,47,15788.8310546875,321,8,27556.76171875
"670",83,63252,31047.939453125,9037.87109375,29,14209.5458984375,321,8,22010.068359375
"671",80,63252,27212.173828125,9756,50,19493.328125,321,8,17456.173828125
"672",84,63252,32640.2578125,13874.6044921875,42,12788.1884765625,321,8,18765.65234375
"673",81,64116,50798.36328125,29743.958984375,53,9883.9423828125,321,8,21054.404296875
"674",80,64116,34647,19641,47,7006.9150390625,321,8,15006
"675",79,64116,33739.0078125,16361.75390625,50,6361.58349609375,321,8,17377.25390625
"676",84,64116,31374.84765625,21173.189453125,61,2958.80908203125,321,8,10201.658203125
"677",85,64116,30793.6015625,24023.7109375,73,2987.986328125,321,8,6769.890625
"678",83,64116,40044.875,23442.669921875,56,5050.67041015625,321,8,16602.205078125
"679",86,64116,36813.625,26165.58203125,50,3059.01635742188,321,8,10648.04296875
"680",82,64116,39739.5390625,24652.09765625,64,6079.734375,321,8,15087.44140625
"681",79,64602,9447.171875,7278.7001953125,12,3284.47900390625,322,8,2168.4716796875
"682",83,64602,6264.40625,3776.87890625,12,2494.38159179688,322,8,2487.52734375
"683",80,64602,8616.4443359375,6413,13,3179.29443359375,322,8,2203.4443359375
"684",81,64602,6743.05322265625,5583.166015625,13,2889.23315429688,322,8,1159.88720703125
"685",85,64602,6047.8505859375,4312.4677734375,13,2205.41796875,322,8,1735.3828125
"686",86,64602,9225.3349609375,4303.236328125,14,2037.63598632812,322,8,4922.0986328125
"687",84,64602,7271.7919921875,5540.95458984375,12,2290.94677734375,322,8,1730.83740234375
"688",82,64602,5646.80810546875,3552.55029296875,13,2725.67846679688,322,8,2094.2578125
"689",81,64728,8481.91015625,6278.07763671875,16,1857.31848144531,322,8,2203.83251953125
"690",83,64728,8622.8515625,6844.45947265625,16,1503.22143554688,322,8,1778.39208984375
"691",79,64728,4601.90771484375,3661.68579101562,10,2423.65283203125,322,8,940.221923828125
"692",85,64728,11146.8583984375,5271.7275390625,21,1218.642578125,322,8,5875.130859375
"693",84,64728,12401.15625,8819.314453125,18,1353.19653320312,322,8,3581.841796875
"694",86,64728,15137.599609375,6687.22900390625,19,1291.08325195312,322,8,8450.37109375
"695",82,64728,7339.22314453125,4375.64111328125,21,1670.56640625,322,8,2963.58203125
"696",80,64728,4845.9677734375,3163,10,2165.72314453125,322,8,1682.9677734375
"697",84,65097,112400.6953125,75584.875,108,15015.837890625,321,8,36815.8203125
"698",83,65097,115480.7421875,62436.88671875,97,11005.017578125,321,8,53043.85546875
"699",86,65097,175726.5625,115061.828125,128,12137.3388671875,321,8,60664.734375
"700",81,65097,109685.609375,71549.2734375,87,6972.556640625,321,8,38136.3359375
"701",82,65097,102075.546875,51422.9921875,96,7349.85546875,321,8,50652.5546875
"702",79,65097,75088.578125,31307.080078125,62,7189.1806640625,321,8,43781.5
"703",80,65097,80034.6015625,23952,77,7157.31298828125,321,8,56082.6015625
"704",85,65097,144599.859375,80064.9140625,103,13498.546875,321,8,64534.9453125
"705",82,65151,10032.4609375,3214.80786132812,20,1355.65869140625,321,8,6817.6533203125
"706",80,65151,7442,5870,17,1457.21789550781,321,8,1572
"707",84,65151,14759.44140625,13509.38671875,21,1110.05297851562,321,8,1250.0546875
"708",79,65151,4797.125,3712.38720703125,12,1610.73046875,321,8,1084.73779296875
"709",86,65151,16417.03125,10482.529296875,21,1082.18994140625,321,8,5934.501953125
"710",83,65151,13844.86328125,9418.109375,22,1226.56469726562,321,8,4426.75390625
"711",81,65151,9426.6455078125,5816.9619140625,25,1498.71374511719,321,8,3609.68359375
"712",85,65151,13054.7744140625,11144.5478515625,21,1075.02111816406,321,8,1910.2265625
"713",83,65322,13121.53515625,10608.4501953125,22,2693.92553710938,321,8,2513.0849609375
"714",81,65322,9323.8759765625,7490.6884765625,22,2967.23559570312,321,8,1833.1875
"715",82,65322,10388.970703125,6469.88916015625,22,3042.3447265625,321,8,3919.08154296875
"716",86,65322,8518.71875,5634.572265625,5,2116.02026367188,321,8,2884.146484375
"717",79,65322,6512.0673828125,4810.45556640625,18,1501.73620605469,321,8,1701.61181640625
"718",85,65322,7155.822265625,3961.89233398438,20,2351.49462890625,321,8,3193.92993164062
"719",84,65322,10316.54296875,7492.73779296875,20,2406.36865234375,321,8,2823.80517578125
"720",80,65322,5884.16064453125,3116,17,2012.17822265625,321,8,2768.16064453125
"721",82,65565,14304.55859375,7993.23828125,22,2235.92211914062,322,8,6311.3203125
"722",81,65565,20941.90625,12177.755859375,27,2312.82666015625,322,8,8764.150390625
"723",86,65565,21526.109375,11930.255859375,21,2638.2197265625,322,8,9595.853515625
"724",80,65565,15598.9736328125,11943,23,2456.18090820312,322,8,3655.9736328125
"725",85,65565,17913.638671875,12558.9697265625,24,2878.65991210938,322,8,5354.6689453125
"726",84,65565,14794.853515625,9535.5126953125,24,3144.83129882812,322,8,5259.3408203125
"727",79,65565,16805.390625,12646.013671875,24,2698.93481445312,322,8,4159.376953125
"728",83,65565,13526.91796875,8997.20703125,20,2232.93286132812,322,8,4529.7109375
"729",82,65718,17869.77734375,13775.72265625,33,1891.72387695312,322,8,4094.0546875
"730",85,65718,31856.94140625,19838.95703125,42,1365.3896484375,322,8,12017.984375
"731",79,65718,12720.8515625,10030.7177734375,20,2631.60083007812,322,8,2690.1337890625
"732",86,65718,42539.4296875,27389.572265625,40,1225.62365722656,322,8,15149.857421875
"733",81,65718,23889.80078125,19022.548828125,24,2110.66943359375,322,8,4867.251953125
"734",83,65718,26949.900390625,16225.869140625,42,1696.24865722656,322,8,10724.03125
"735",84,65718,28384.38671875,17251.134765625,32,1521.58154296875,322,8,11133.251953125
"736",80,65718,16873,14778,24,2356.13061523438,322,8,2095
"737",79,67608,434042.78125,70438.765625,106,136054.640625,351,8,363604
"738",82,67608,543451.4375,359013.40625,103,124372.1796875,351,8,184438.03125
"739",83,67608,618504.1875,129769.3515625,98,121414.453125,351,8,488734.84375
"740",85,67608,1228732.625,713797.0625,107,116530.515625,351,8,514935.5625
"741",81,67608,614068.25,377822.59375,121,127749.1015625,351,8,236245.65625
"742",86,67608,1414610.75,919727.0625,141,114512.9296875,351,8,494883.6875
"743",80,67608,417377,376818,110,131615.3125,351,8,40559
"744",84,67608,674333,574264.25,104,118817.0703125,351,8,100068.75
"745",83,68274,18331.412109375,12495.00390625,27,3443.673828125,311,8,5836.408203125
"746",82,68274,17109.451171875,13127.4755859375,25,3816.08740234375,311,8,3981.9755859375
"747",81,68274,14234.041015625,8109.89404296875,20,2895.91357421875,311,8,6124.14697265625
"748",80,68274,10973,9081,20,3209.74536132812,311,8,1892
"749",79,68274,12096.7666015625,8906.7548828125,16,2893.65991210938,311,8,3190.01171875
"750",86,68274,9892.740234375,7401.701171875,23,2537.57885742188,311,8,2491.0390625
"751",85,68274,13675.3046875,10720.2880859375,27,2808.20043945312,311,8,2955.0166015625
"752",84,68274,5938.8681640625,3439.36254882812,21,3109.04711914062,311,8,2499.50561523438
"753",84,68589,25278.361328125,14049.267578125,30,5303.99609375,311,8,11229.09375
"754",86,68589,22776.494140625,12683.0595703125,32,4439.1201171875,311,8,10093.4345703125
"755",85,68589,21924.0390625,15592.85546875,32,4847.42529296875,311,8,6331.18359375
"756",81,68589,28731.671875,13035.68359375,36,6940.48388671875,311,8,15695.98828125
"757",80,68589,33556,17529,38,7665.79052734375,311,8,16027
"758",83,68589,21633.91796875,12581.0859375,30,5815.63623046875,311,8,9052.83203125
"759",79,68589,32514.6796875,17720.759765625,41,8487.212890625,311,8,14793.919921875
"760",82,68589,26624,14015.830078125,28,6390.30224609375,311,8,12608.169921875
"761",81,69336,23571.97265625,8868.9970703125,28,2436.81665039062,321,8,14702.9755859375
"762",79,69336,16435.640625,8753.517578125,33,2136.87890625,321,8,7682.123046875
"763",83,69336,13781.0927734375,3880.845703125,20,1934.54406738281,321,8,9900.2470703125
"764",80,69336,17439.08984375,7363,27,2159.42700195312,321,8,10076.08984375
"765",84,69336,14347.0849609375,5541.7607421875,20,1714.68359375,321,8,8805.32421875
"766",86,69336,13055.0078125,7527.53125,21,1352.02209472656,321,8,5527.4765625
"767",82,69336,14581.3935546875,5067.33203125,23,2245.02197265625,321,8,9514.0615234375
"768",85,69336,12524.9951171875,8309.125,20,1547.67602539062,321,8,4215.8701171875
"769",82,70209,49225.484375,33994.9375,45,16544.533203125,352,8,15230.546875
"770",81,70209,31007.0546875,19186.9296875,43,17844.869140625,352,8,11820.125
"771",84,70209,49203.796875,30677.9296875,38,14429.43359375,352,8,18525.8671875
"772",80,70209,22028.11328125,7287,42,19273.9140625,352,8,14741.11328125
"773",85,70209,55201.19140625,34118.09765625,37,67102.1953125,352,8,21083.09375
"774",79,70209,12994.806640625,2526.62084960938,17,20158.1484375,352,8,10468.185546875
"775",83,70209,53450.48046875,31779.751953125,48,15358.5859375,352,8,21670.728515625
"776",86,70209,227201.515625,58058.6328125,54,62853.1875,352,8,169142.875
"777",83,70245,13781.888671875,9186.0771484375,13,1414.17211914062,322,8,4595.8115234375
"778",82,70245,19037.865234375,12227.111328125,11,1028.92663574219,322,8,6810.75390625
"779",85,70245,13900.8017578125,9231.0654296875,20,1011.41278076172,322,8,4669.736328125
"780",80,70245,15605.87109375,12606,24,1218.79626464844,322,8,2999.87109375
"781",79,70245,11370.6484375,8402.2490234375,22,1328.107421875,322,8,2968.3994140625
"782",84,70245,47160.3046875,25204.228515625,20,1186.61352539062,322,8,21956.076171875
"783",81,70245,14915.7509765625,6982.015625,24,1119.39465332031,322,8,7933.7353515625
"784",86,70245,14713.818359375,6769.27880859375,25,618.323608398438,322,8,7944.53955078125
"785",82,71442,7605.29052734375,2796.3154296875,19,6628.9296875,321,8,4808.97509765625
"786",86,71442,23000.390625,14805.662109375,34,8048.3056640625,321,8,8194.728515625
"787",83,71442,16529.1484375,7545.0830078125,28,6212.6416015625,321,8,8984.0654296875
"788",81,71442,8029.646484375,3080.65405273438,17,4448.53564453125,321,8,4948.9921875
"789",79,71442,10233.4677734375,5567.23193359375,34,5164.68310546875,321,8,4666.23583984375
"790",84,71442,14594.0478515625,8116.126953125,31,5605.83349609375,321,8,6477.9208984375
"791",80,71442,4836.65478515625,855,16,4713.248046875,321,8,3981.65478515625
"792",85,71442,15707.8447265625,10314.3740234375,43,6132.234375,321,8,5393.470703125
"793",83,72072,7492.28125,984.389526367188,23,4591.087890625,332,8,6507.8916015625
"794",79,72072,11126.671875,3656.62670898438,30,3989.322265625,332,8,7470.044921875
"795",86,72072,6565.0458984375,2055.41088867188,14,1378.36315917969,332,8,4509.634765625
"796",80,72072,9005,2953,29,3562.22119140625,332,8,6052
"797",85,72072,6983.5888671875,2111.37744140625,16,4103.9130859375,332,8,4872.21142578125
"798",82,72072,7701.8447265625,1252.66809082031,22,4857.080078125,332,8,6449.1767578125
"799",84,72072,7845.6162109375,1662.49682617188,19,4340.32568359375,332,8,6183.119140625
"800",81,72072,11515.3017578125,3621.83374023438,25,4901.9697265625,332,8,7893.4677734375
"801",79,73206,144621.421875,77546.515625,169,12615.646484375,322,8,67074.90625
"802",80,73206,135305.828125,109634,153,11624.1005859375,322,8,25671.828125
"803",83,73206,135301.890625,68179.28125,102,9063.984375,322,8,67122.609375
"804",84,73206,127936.3125,71822.8125,108,8097.2939453125,322,8,56113.5
"805",85,73206,176044.421875,99104.28125,147,7239.3310546875,322,8,76940.140625
"806",82,73206,112430.5390625,77483.125,136,10241.900390625,322,8,34947.4140625
"807",81,73206,136361.59375,41167.3984375,165,11537.7431640625,322,8,95194.1953125
"808",86,73206,193185.640625,113870.609375,160,6476.8115234375,322,8,79315.03125
"809",86,73305,74656.6328125,23958.744140625,78,13073.1171875,332,8,50697.890625
"810",80,73305,59338.5625,22732,81,19042.427734375,332,8,36606.5625
"811",82,73305,62283.02734375,45413.0703125,53,16008.802734375,332,8,16869.95703125
"812",84,73305,41101.296875,23384.8515625,44,14546.1865234375,332,8,17716.4453125
"813",81,73305,95509.4375,49734.33203125,93,17437.18359375,332,8,45775.10546875
"814",85,73305,53223.796875,14583.84375,53,13942.7353515625,332,8,38639.953125
"815",83,73305,29519.431640625,19250.138671875,38,15082.1396484375,332,8,10269.29296875
"816",79,73305,54049.4765625,18760.5703125,82,20850.775390625,332,8,35288.90625
"817",79,74745,1724.50500488281,975.601196289062,48,2704.013671875,381,8,748.90380859375
"818",81,74745,4663.56787109375,2040.27783203125,27,2167.4091796875,381,8,2623.2900390625
"819",84,74745,1456.47143554688,550.785522460938,17,1563.50268554688,381,8,905.685913085938
"820",86,74745,19594.26953125,3812.84106445312,22,1256.61376953125,381,8,15781.4287109375
"821",83,74745,11440.017578125,585.756591796875,21,1742.93823242188,381,8,10854.2607421875
"822",82,74745,12004.7841796875,2611.91796875,25,1943.16870117188,381,8,9392.8662109375
"823",85,74745,1274.26245117188,565.863830566406,21,1402.15673828125,381,8,708.398620605469
"824",80,74745,2840,1270,31,2419.494140625,381,8,1570
"825",79,74754,32398.08203125,9082.19921875,42,6936.77880859375,356,8,23315.8828125
"826",86,74754,25740.9453125,12003.0908203125,39,10261.8408203125,356,8,13737.8544921875
"827",80,74754,32699.564453125,7059,41,6596.2236328125,356,8,25640.564453125
"828",82,74754,17303.861328125,2333.74487304688,31,10429.9228515625,356,8,14970.1162109375
"829",84,74754,36697.27734375,8486.9716796875,32,10647.697265625,356,8,28210.3046875
"830",85,74754,22015.2109375,7755.90673828125,31,11093.951171875,356,8,14259.3046875
"831",81,74754,27259.5234375,6395.1171875,36,11401.5791015625,356,8,20864.40625
"832",83,74754,33118.98046875,7359.58447265625,31,9913.4990234375,356,8,25759.396484375
"833",81,76365,10376.259765625,3445.83911132812,14,1452.82861328125,311,8,6930.4208984375
"834",83,76365,6637.25439453125,5000.60986328125,13,1248.16101074219,311,8,1636.64453125
"835",79,76365,11684.26953125,6285.5400390625,16,1702.23937988281,311,8,5398.7294921875
"836",85,76365,7343.09423828125,4544.45263671875,14,1078.34753417969,311,8,2798.6416015625
"837",80,76365,12389.1513671875,5223,16,1571.19274902344,311,8,7166.1513671875
"838",86,76365,8625.7880859375,5067.814453125,16,1004.15686035156,311,8,3557.9736328125
"839",84,76365,8763.9326171875,4031.61328125,14,1159.40319824219,311,8,4732.3193359375
"840",82,76365,7547.36279296875,4224.9130859375,12,1345.59240722656,311,8,3322.44970703125
"841",80,76923,57966.234375,19294,58,21324.56640625,381,8,38672.234375
"842",84,76923,102839.734375,30863.9375,70,18566.466796875,381,8,71975.796875
"843",83,76923,95190.5703125,23457.59765625,51,17516.484375,381,8,71732.96875
"844",82,76923,49097.0625,14359.95703125,47,18567.49609375,381,8,34737.10546875
"845",86,76923,111012.4921875,45053.7578125,81,21148.384765625,381,8,65958.734375
"846",85,76923,131237.921875,40030.59375,72,18097.8046875,381,8,91207.328125
"847",79,76923,47093.64453125,31272.212890625,58,22746.220703125,381,8,15821.431640625
"848",81,76923,40394.12890625,12254.8642578125,52,19945.791015625,381,8,28139.265625
"849",79,77445,59418.38671875,22496.13671875,26,6692.75048828125,352,8,36922.25
"850",80,77445,49746.54296875,26785,23,6570.701171875,352,8,22961.54296875
"851",84,77445,39070.2734375,28039.244140625,20,8191.37841796875,352,8,11031.029296875
"852",86,77445,38287.296875,28552.966796875,21,6955.86962890625,352,8,9734.330078125
"853",81,77445,47676.71875,24433.958984375,23,6022.56689453125,352,8,23242.759765625
"854",83,77445,29377.595703125,23995.236328125,20,9028.802734375,352,8,5382.359375
"855",82,77445,30945.935546875,18885.201171875,24,5563.0732421875,352,8,12060.734375
"856",85,77445,38168.98046875,29551.693359375,20,7409.7529296875,352,8,8617.287109375
"857",84,77949,138226.078125,100956.5703125,41,88345.421875,341,8,37269.5078125
"858",80,77949,70170.9140625,23314,27,36049.6796875,341,8,46856.9140625
"859",81,77949,87451.53125,29060.47265625,29,33045.59375,341,8,58391.05859375
"860",83,77949,133599.078125,67357,35,93800.59375,341,8,66242.078125
"861",82,77949,104254.375,44589.046875,31,42590.2578125,341,8,59665.328125
"862",85,77949,171720.3125,120397.125,48,80302.1328125,341,8,51323.1875
"863",86,77949,177237.65625,171222.84375,71,73140.8984375,341,8,6014.8125
"864",79,77949,26599.287109375,9060.8603515625,17,28859.193359375,341,8,17538.42578125
"865",85,78588,194059.1875,152005.390625,205,129779.8125,321,8,42053.796875
"866",83,78588,112215.53125,64662.65625,137,149810.734375,321,8,47552.875
"867",84,78588,186644.515625,108487.5390625,197,138801.765625,321,8,78156.9765625
"868",79,78588,199100.765625,101181.4375,226,206049,321,8,97919.328125
"869",86,78588,205484.71875,136843.859375,189,120252.75,321,8,68640.859375
"870",82,78588,83746.546875,32742.759765625,110,162050.859375,321,8,51003.7890625
"871",81,78588,201314.625,108728.6796875,188,175420.40625,321,8,92585.9453125
"872",80,78588,184244.265625,77284,201,190033.0625,321,8,106960.265625
"873",85,79659,12256.0478515625,6202.01171875,10,3817.95556640625,381,8,6054.0361328125
"874",86,79659,11161.1923828125,7536.9580078125,11,4423.01806640625,381,8,3624.234375
"875",84,79659,12594.6064453125,5017.66357421875,10,4161.2138671875,381,8,7576.94287109375
"876",81,79659,19782.435546875,15192.298828125,13,3252.5224609375,381,8,4590.13671875
"877",79,79659,22904.373046875,18399.501953125,13,3826.07641601562,381,8,4504.87109375
"878",82,79659,9764.2802734375,7579.0087890625,11,2943.51098632812,381,8,2185.271484375
"879",83,79659,1561.8017578125,603.334411621094,11,4542.52197265625,381,8,958.467346191406
"880",80,79659,28426.55859375,22280,13,3601.40771484375,381,8,6146.55859375
"881",82,80442,14010.3525390625,7120.14794921875,15,2943.5830078125,311,8,6890.20458984375
"882",79,80442,9692.9990234375,6430.71484375,12,4144.95166015625,311,8,3262.2841796875
"883",85,80442,13699.4404296875,8118.94775390625,16,2410.38208007812,311,8,5580.49267578125
"884",84,80442,10937.5673828125,6160.486328125,14,2559.65087890625,311,8,4777.0810546875
"885",80,80442,8474,5423,20,3685.20166015625,311,8,3051
"886",81,80442,11519.0625,5824.5361328125,13,3287.99731445312,311,8,5694.5263671875
"887",83,80442,3934.99243164062,2281.18579101562,13,2711.26586914062,311,8,1653.806640625
"888",86,80442,18131.73828125,9739.046875,23,2206.79272460938,311,8,8392.69140625
"889",83,81171,23088.564453125,5722.8154296875,26,6653.0546875,371,8,17365.75
"890",80,81171,41019.84765625,15903,41,5669.29248046875,371,8,25116.84765625
"891",82,81171,18017.447265625,4772.2265625,32,5342.734375,371,8,13245.220703125
"892",85,81171,21784.046875,11274.6376953125,38,6464.59130859375,371,8,10509.4091796875
"893",84,81171,19355.50390625,7128.56640625,27,7060.0908203125,371,8,12226.9375
"894",81,81171,40189.12109375,20029.69921875,43,5615.6513671875,371,8,20159.421875
"895",86,81171,31341.640625,21100.634765625,41,6802.23828125,371,8,10241.005859375
"896",79,81171,45198.8125,20163.322265625,50,5163.302734375,371,8,25035.490234375
"897",82,81414,44619.03125,7438.65673828125,37,27324.05078125,321,8,37180.375
"898",81,81414,101436.8828125,29113.427734375,96,29412.755859375,321,8,72323.453125
"899",86,81414,159796.703125,59453.15234375,199,27320.65625,321,8,100343.546875
"900",85,81414,123979.59375,50465.62109375,131,24880.181640625,321,8,73513.96875
"901",79,81414,105343.6171875,38115.37109375,94,39534.3125,321,8,67228.25
"902",83,81414,39677.17578125,11266.322265625,49,26162.82421875,321,8,28410.853515625
"903",80,81414,83708.15625,19204,90,31312.544921875,321,8,64504.15625
"904",84,81414,102962.984375,29165.478515625,94,24662.376953125,321,8,73797.5078125
"905",79,81666,45729.5859375,33335.13671875,36,6334.412109375,311,8,12394.44921875
"906",82,81666,42030.81640625,29214.86328125,43,6325.1748046875,311,8,12815.953125
"907",85,81666,35260.96484375,24210.96875,42,5394.82470703125,311,8,11049.99609375
"908",86,81666,37949.2734375,29037.5625,34,4743.15087890625,311,8,8911.7109375
"909",81,81666,47853.4140625,36306.8828125,41,6885.7763671875,311,8,11546.53125
"910",80,81666,41752.63671875,31653,44,5975.62060546875,311,8,10099.63671875
"911",83,81666,54943.1640625,23302.267578125,38,5680.7509765625,311,8,31640.896484375
"912",84,81666,54972.35546875,44070.46484375,31,5909.61083984375,311,8,10901.890625
"913",82,82395,33533.64453125,28354.3125,24,19350.380859375,356,8,5179.33203125
"914",83,82395,32748.9765625,21571.294921875,28,19370.29296875,356,8,11177.681640625
"915",81,82395,26380.138671875,17996.5390625,18,17657.37890625,356,8,8383.599609375
"916",80,82395,27633.28515625,18339,15,18716.76953125,356,8,9294.28515625
"917",85,82395,49415.875,39655.20703125,40,20638.416015625,356,8,9760.66796875
"918",86,82395,58109.89453125,48940.18359375,42,21677.28515625,356,8,9169.7109375
"919",79,82395,29898.77734375,19712.6171875,15,15900.7724609375,356,8,10186.16015625
"920",84,82395,59139.3046875,50873.1953125,37,20835.142578125,356,8,8266.109375
"921",85,83394,17361.99609375,16738.66015625,27,1765.4423828125,311,8,623.3359375
"922",83,83394,10259.1005859375,8251.5283203125,20,2082.86474609375,311,8,2007.572265625
"923",86,83394,13647.87890625,9212.578125,25,1521.28405761719,311,8,4435.30078125
"924",79,83394,11961.1103515625,7873.05517578125,18,2803.12768554688,311,8,4088.05517578125
"925",82,83394,12789.9794921875,8676.1943359375,21,2429.26342773438,311,8,4113.78515625
"926",84,83394,12141.0947265625,10875.341796875,21,1884.03564453125,311,8,1265.7529296875
"927",80,83394,11681.2646484375,6519,20,2425.79809570312,311,8,5162.2646484375
"928",81,83394,11638.3466796875,6320.09814453125,11,2603.13061523438,311,8,5318.24853515625
"929",79,84258,24967.46875,13142.3701171875,22,3992.96655273438,311,8,11825.0986328125
"930",85,84258,13338.794921875,6392.0478515625,18,2759.13256835938,311,8,6946.7470703125
"931",84,84258,16596.072265625,8882.6865234375,18,3041.47631835938,311,8,7713.3857421875
"932",81,84258,15542.5830078125,7093.751953125,21,3965.13818359375,311,8,8448.8310546875
"933",86,84258,20899.501953125,6768.302734375,18,2503.99731445312,311,8,14131.19921875
"934",80,84258,16295.4873046875,7808,22,3989.09252929688,311,8,8487.4873046875
"935",82,84258,19376.541015625,8796.0361328125,33,3700.0517578125,311,8,10580.5048828125
"936",83,84258,20068.05859375,12695.8623046875,19,3354.0107421875,311,8,7372.1962890625
"937",84,84807,13232.3935546875,10166.7939453125,18,1405.46508789062,311,8,3065.599609375
"938",82,84807,12897.8828125,10934.173828125,14,1737.65405273438,311,8,1963.708984375
"939",79,84807,11677.5517578125,7057.1181640625,20,2328.54638671875,311,8,4620.43359375
"940",80,84807,9887,6955,13,2089.91162109375,311,8,2932
"941",86,84807,12288.3125,9851.6376953125,22,1134.01232910156,311,8,2436.6748046875
"942",83,84807,11757.021484375,8644.1162109375,16,1564.84204101562,311,8,3112.9052734375
"943",81,84807,9522.4755859375,7149.5625,14,1876.11828613281,311,8,2372.9130859375
"944",85,84807,14454.8203125,11767.7783203125,18,1262.42651367188,311,8,2687.0419921875
"945",86,85032,18100.650390625,10836.0146484375,19,1395.41015625,311,8,7264.6357421875
"946",85,85032,18319.642578125,12011.1669921875,21,1576.59753417969,311,8,6308.4755859375
"947",83,85032,20717.83984375,11506.359375,20,2046.63342285156,311,8,9211.48046875
"948",81,85032,19326.224609375,9360.8271484375,19,2153.62890625,311,8,9965.3974609375
"949",79,85032,14866.970703125,8323.3662109375,20,1639.93017578125,311,8,6543.6044921875
"950",84,85032,17923.541015625,10391.849609375,21,1796.79577636719,311,8,7531.69140625
"951",80,85032,15995.5263671875,8616,20,1448.98767089844,311,8,7379.5263671875
"952",82,85032,22900.732421875,12173.494140625,22,1936.7314453125,311,8,10727.23828125
"953",79,85941,24288.072265625,13391.0498046875,32,9414.80078125,311,8,10897.0224609375
"954",81,85941,31940.955078125,10068.0849609375,11,8668.138671875,311,8,21872.87109375
"955",80,85941,30983.3984375,14917,35,8849.71875,311,8,16066.3984375
"956",86,85941,30772.427734375,20292.642578125,50,8059.65869140625,311,8,10479.78515625
"957",85,85941,26015.353515625,18306.498046875,59,7657.3310546875,311,8,7708.85546875
"958",83,85941,18840.6953125,10164.9072265625,28,8042.1884765625,311,8,8675.7880859375
"959",82,85941,15657.826171875,6989.84326171875,36,8071.9169921875,311,8,8667.982421875
"960",84,85941,23001.458984375,15963.3154296875,44,7672.712890625,311,8,7038.1435546875
"961",82,86292,25135.05859375,18997.841796875,36,8558.263671875,311,8,6137.216796875
"962",81,86292,23627.701171875,17030.970703125,35,9078.7216796875,311,8,6596.73046875
"963",85,86292,13255.375,10811.4091796875,28,6525.55859375,311,8,2443.9658203125
"964",83,86292,21009.181640625,16058.296875,35,8044.6015625,311,8,4950.884765625
"965",80,86292,23659,17635,33,9737.6318359375,311,8,6024
"966",79,86292,23920.775390625,18240.970703125,33,10588.828125,311,8,5679.8046875
"967",86,86292,14316.29296875,10699.2080078125,26,5893.36865234375,311,8,3617.0849609375
"968",84,86292,15018.98046875,11433.6728515625,36,7234.31591796875,311,8,3585.3076171875
"969",80,86517,10826.0615234375,3831,32,2475.5185546875,356,8,6995.0615234375
"970",83,86517,10773.3203125,5650.7001953125,27,6771.82958984375,356,8,5122.6201171875
"971",85,86517,27620.962890625,8943.64453125,23,9324.26953125,356,8,18677.318359375
"972",79,86517,5179.5263671875,1299.01928710938,12,1409.38366699219,356,8,3880.50708007812
"973",81,86517,11237.4716796875,4354.60400390625,20,7045.33154296875,356,8,6882.86767578125
"974",84,86517,17131.748046875,6224.01806640625,23,9739.7763671875,356,8,10907.73046875
"975",82,86517,13325.189453125,2528.89306640625,15,6578.88720703125,356,8,10796.296875
"976",86,86517,35759.890625,14814.4306640625,36,17334.669921875,356,8,20945.4609375
"977",86,86751,896597.75,535062.9375,296,112304.1328125,311,8,361534.8125
"978",83,86751,970633.25,636766.5,259,127530.3828125,311,8,333866.75
"979",85,86751,817903,539663.625,290,111819.625,311,8,278239.375
"980",84,86751,843418.8125,565225.9375,188,110996.6640625,311,8,278192.875
"981",81,86751,662402.5625,409306.21875,166,106294.109375,311,8,253096.34375
"982",82,86751,889374.125,562099.8125,220,101107.046875,311,8,327274.3125
"983",79,86751,518023.9375,361136.25,182,66315.4375,311,8,156887.6875
"984",80,86751,572555,341808,151,93297.859375,311,8,230747
"985",81,87147,16674.5703125,4693.61083984375,16,9066.2333984375,381,8,11980.958984375
"986",79,87147,35823.9453125,19596.060546875,25,9142.5537109375,381,8,16227.884765625
"987",84,87147,5812.75390625,2435.71142578125,11,8063.1005859375,381,8,3377.04248046875
"988",85,87147,5577.5654296875,2940.57275390625,17,7644.86669921875,381,8,2636.99267578125
"989",83,87147,11258.3408203125,2143.365234375,21,8514.7822265625,381,8,9114.9755859375
"990",86,87147,6741.220703125,4034.01245117188,10,7275.42431640625,381,8,2707.20825195312
"991",82,87147,10793.765625,3438.03002929688,18,8986.7880859375,381,8,7355.7353515625
"992",80,87147,39083.02734375,15351,29,9501.1064453125,381,8,23732.02734375
"993",86,87201,210781.671875,110353.4375,110,22130.3125,311,8,100428.234375
"994",82,87201,205208.96875,86432.8515625,104,22680.1015625,311,8,118776.1171875
"995",84,87201,193334.03125,108199.9296875,107,22300.8828125,311,8,85134.1015625
"996",81,87201,227607.015625,132007.09375,100,21247.05078125,311,8,95599.921875
"997",79,87201,137395.859375,69585.875,91,18216.419921875,311,8,67809.984375
"998",85,87201,164435.609375,89709.671875,107,21319.037109375,311,8,74725.9375
"999",83,87201,174359.546875,88471.9296875,108,22512.892578125,311,8,85887.6171875
"1000",80,87201,163936.28125,103553,92,18056.15625,311,8,60383.28125
"1001",86,87759,28611.9140625,7687.73779296875,37,6906.083984375,355,8,20924.17578125
"1002",81,87759,25885.4921875,2806.10888671875,37,10565.5126953125,355,8,23079.3828125
"1003",82,87759,21257.166015625,2457.48754882812,22,9678.787109375,355,8,18799.677734375
"1004",80,87759,25169,5426,36,8001.0869140625,355,8,19743
"1005",79,87759,27676.90234375,8704.9404296875,36,8781.9345703125,355,8,18971.9609375
"1006",84,87759,19687.345703125,7091.955078125,34,8069.34033203125,355,8,12595.390625
"1007",83,87759,19163.29296875,4961.0146484375,33,8756.44140625,355,8,14202.2783203125
"1008",85,87759,34546.7734375,10624.0625,33,7455.65283203125,355,8,23922.7109375
"1009",79,89199,231155.125,143897.8125,34,63972.546875,371,8,87257.3125
"1010",82,89199,245717.515625,125004.703125,44,70290.1953125,371,8,120712.8125
"1011",86,89199,261926.53125,181461.84375,46,66399.75,371,8,80464.6875
"1012",85,89199,220409.5,152848.203125,43,67317.1640625,371,8,67561.296875
"1013",81,89199,440145.1875,254531.46875,43,72189.9609375,371,8,185613.71875
"1014",84,89199,200498.921875,152270.71875,40,70944.96875,371,8,48228.203125
"1015",80,89199,320518.09375,148524,37,73965.5390625,371,8,171994.09375
"1016",83,89199,202124.859375,131740.359375,39,67158.9765625,371,8,70384.5
"1017",86,89379,18959.767578125,7384.31103515625,38,2218.34619140625,381,8,11575.45703125
"1018",80,89379,26754.396484375,3775,29,3729.7626953125,381,8,22979.396484375
"1019",83,89379,12721.1220703125,2209.01904296875,33,2684.50366210938,381,8,10512.103515625
"1020",85,89379,10495.4013671875,1564.14721679688,27,2236.28076171875,381,8,8931.25390625
"1021",84,89379,15974.5791015625,4798.74853515625,42,2398.73266601562,381,8,11175.830078125
"1022",81,89379,23237.291015625,4467.248046875,26,3377.65356445312,381,8,18770.04296875
"1023",82,89379,19900.462890625,3069.7939453125,32,3008.80126953125,381,8,16830.66796875
"1024",79,89379,14936.279296875,3651.87182617188,14,4109.5439453125,381,8,11284.4072265625
"1025",85,89649,39467.65234375,20195.298828125,76,13011.404296875,332,8,19272.353515625
"1026",84,89649,37127.03125,13059.6142578125,69,13736.7783203125,332,8,24067.41796875
"1027",79,89649,44620.3203125,16674.05078125,100,14827.8154296875,332,8,27946.26953125
"1028",80,89649,44584.765625,23820,109,14385.9931640625,332,8,20764.765625
"1029",82,89649,35765.625,13213.4189453125,88,15578.9873046875,332,8,22552.20703125
"1030",86,89649,59933.64453125,29918.525390625,104,12836.2861328125,332,8,30015.119140625
"1031",81,89649,42452.66015625,19417.36328125,114,16150.4501953125,332,8,23035.296875
"1032",83,89649,33023.8984375,10201.376953125,66,14632.9130859375,332,8,22822.521484375
"1033",85,90063,27590.27734375,10238.55078125,46,11710.7998046875,321,8,17351.7265625
"1034",84,90063,16919.994140625,7405.1064453125,43,12572.3203125,321,8,9514.8876953125
"1035",81,90063,40084.26171875,8363.09375,50,16308.0830078125,321,8,31721.16796875
"1036",82,90063,14613.29296875,7161.48876953125,46,14841.087890625,321,8,7451.80419921875
"1037",80,90063,44264.8359375,11465,78,16934.58203125,321,8,32799.8359375
"1038",79,90063,48883.20703125,13387.2568359375,88,19497.255859375,321,8,35495.94921875
"1039",83,90063,20544.931640625,4417.33740234375,41,13669.759765625,321,8,16127.59375
"1040",86,90063,33162.0234375,16493.833984375,46,10692.66015625,321,8,16668.189453125
"1041",83,90531,139099.140625,80766.0234375,80,11268.087890625,324,8,58333.1171875
"1042",80,90531,152777.890625,55723,113,12878.712890625,324,8,97054.890625
"1043",84,90531,156505.453125,71491.21875,89,13529.02734375,324,8,85014.234375
"1044",85,90531,163432.609375,69094.0234375,88,14649.0615234375,324,8,94338.5859375
"1045",81,90531,134868.390625,85907.3515625,107,13898.623046875,324,8,48961.0390625
"1046",79,90531,109804.3671875,76672.8671875,100,11047.8857421875,324,8,33131.5
"1047",86,90531,173233.828125,66238.4140625,119,14185.5693359375,324,8,106995.4140625
"1048",82,90531,92513.9375,64955.27734375,78,12687.193359375,324,8,27558.66015625
"1049",84,90684,135069.71875,68812.9765625,88,33349.4765625,381,8,66256.7421875
"1050",83,90684,101596.671875,49264.01171875,86,35180.83203125,381,8,52332.66015625
"1051",85,90684,133259.984375,41090.3515625,87,30728.185546875,381,8,92169.6328125
"1052",81,90684,129446.828125,49996.0390625,85,35922.140625,381,8,79450.7890625
"1053",86,90684,149813.703125,58707.3203125,92,27982.234375,381,8,91106.3828125
"1054",80,90684,133995.984375,51938,88,38526.70703125,381,8,82057.984375
"1055",79,90684,101516.234375,47757.33984375,79,41461.16015625,381,8,53758.89453125
"1056",82,90684,88552.1953125,33557.94140625,82,33040.640625,381,8,54994.25390625
"1057",86,91629,11362.7666015625,6610.03369140625,13,410.858123779297,324,8,4752.73291015625
"1058",82,91629,5690.09375,5005.51953125,12,430.1748046875,324,8,684.57421875
"1059",80,91629,8130.92626953125,6075,13,521.028137207031,324,8,2055.92626953125
"1060",79,91629,6719.81689453125,5145.49560546875,12,543.345520019531,324,8,1574.3212890625
"1061",81,91629,6063.9248046875,5790.8896484375,12,501.624053955078,324,8,273.03515625
"1062",84,91629,8013.9873046875,4780.5478515625,14,525.157836914062,324,8,3233.439453125
"1063",83,91629,8118.439453125,5255.55615234375,14,369.384857177734,324,8,2862.88330078125
"1064",85,91629,9964.4873046875,7356.53369140625,13,471.233337402344,324,8,2607.95361328125
"1065",84,91782,128691.9375,61679.703125,41,6103.62158203125,352,8,67012.234375
"1066",81,91782,141894.96875,36628.3046875,46,6517.35986328125,352,8,105266.6640625
"1067",85,91782,155382.625,105655.6015625,43,5629.28369140625,352,8,49727.0234375
"1068",80,91782,110130.96875,27345,33,4802.31640625,352,8,82785.96875
"1069",86,91782,183780.84375,97267.234375,47,5837.734375,352,8,86513.609375
"1070",79,91782,76713.6640625,24134.494140625,35,5267.96142578125,352,8,52579.171875
"1071",83,91782,110431.90625,42237.76953125,45,6626.72119140625,352,8,68194.140625
"1072",82,91782,135110.734375,28361.525390625,53,7204.63037109375,352,8,106749.2109375
"1073",85,92106,3250.82202148438,1792.64111328125,10,508.357482910156,371,8,1458.18090820312
"1074",81,92106,4463.95947265625,721.869750976562,10,401.712677001953,371,8,3742.08984375
"1075",83,92106,4037.96923828125,1399.76684570312,10,600.442077636719,371,8,2638.20239257812
"1076",82,92106,5983.60107421875,932.462158203125,10,386.57177734375,371,8,5051.138671875
"1077",79,92106,5068.56494140625,2300.60961914062,13,79.1508636474609,371,8,2767.95532226562
"1078",80,92106,6021.42822265625,1955,11,463.311279296875,371,8,4066.42822265625
"1079",84,92106,3485.91430664062,1413.09790039062,11,547.459533691406,371,8,2072.81640625
"1080",86,92106,5669.4033203125,2813.07348632812,12,466.061401367188,371,8,2856.32983398438
"1081",82,92979,22557.17578125,10905.6396484375,25,6153.63720703125,311,8,11651.5361328125
"1082",84,92979,17002.646484375,10888.263671875,26,4905.8447265625,311,8,6114.3828125
"1083",80,92979,19223,8191,20,7863.876953125,311,8,11032
"1084",79,92979,17578.806640625,9551.9775390625,22,8952.7275390625,311,8,8026.8291015625
"1085",86,92979,18331.322265625,13396.025390625,22,3983.0966796875,311,8,4935.296875
"1086",83,92979,14589.0341796875,10356.6357421875,25,5481.771484375,311,8,4232.3984375
"1087",81,92979,17862,9637.95703125,23,6940.0966796875,311,8,8224.04296875
"1088",85,92979,19797.19140625,13532.2451171875,25,4410.5078125,311,8,6264.9462890625
"1089",79,93519,13447.1220703125,8327.3994140625,19,1552.86169433594,311,8,5119.72265625
"1090",83,93519,12707.86328125,9812.099609375,19,1395.978515625,311,8,2895.763671875
"1091",85,93519,15657.8466796875,12683.7822265625,17,1170.47033691406,311,8,2974.064453125
"1092",86,93519,14576.423828125,9249.3740234375,16,1072.19287109375,311,8,5327.0498046875
"1093",82,93519,17065.87109375,10159.00390625,19,1442.54418945312,311,8,6906.8671875
"1094",84,93519,14713.7265625,10023.0390625,18,1272.20532226562,311,8,4690.6875
"1095",81,93519,15983.3828125,10281.7060546875,18,1485.45544433594,311,8,5701.6767578125
"1096",80,93519,10299.5390625,8556,16,1596.33825683594,311,8,1743.5390625
"1097",84,93726,24283.1875,10342.8544921875,24,387.221801757812,311,8,13940.3330078125
"1098",82,93726,15374.1171875,9792.8193359375,26,496.071533203125,311,8,5581.2978515625
"1099",81,93726,15561.6044921875,11901.18359375,21,563.099914550781,311,8,3660.4208984375
"1100",85,93726,17759.060546875,12177.421875,24,342.995147705078,311,8,5581.638671875
"1101",79,93726,7711.13427734375,5949.48681640625,13,730.298034667969,311,8,1761.6474609375
"1102",86,93726,23973.578125,14767.5498046875,24,304.285858154297,311,8,9206.0283203125
"1103",80,93726,16654,11933,21,640.542663574219,311,8,4721
"1104",83,93726,19245.25390625,10856.8271484375,23,437.882446289062,311,8,8388.4267578125
"1105",83,94158,10150.8349609375,8017.40966796875,13,2292.50805664062,311,8,2133.42529296875
"1106",79,94158,10264.044921875,5882.27587890625,10,3638.76440429688,311,8,4381.76904296875
"1107",86,94158,6146.9462890625,4573.73876953125,10,1519.8046875,311,8,1573.20751953125
"1108",85,94158,11826.4580078125,10564.0234375,14,1751.02062988281,311,8,1262.4345703125
"1109",80,94158,9657,7726,15,3060.83056640625,311,8,1931
"1110",82,94158,12744.470703125,10587.01171875,13,2279.5947265625,311,8,2157.458984375
"1111",81,94158,9387.6611328125,7854.896484375,13,2646.98901367188,311,8,1532.7646484375
"1112",84,94158,11722.1044921875,10032.73046875,14,1975.57946777344,311,8,1689.3740234375
"1113",80,94626,16275.033203125,12828,34,1434.314453125,332,8,3447.033203125
"1114",86,94626,61001.28125,38550.03515625,86,3078.69067382812,332,8,22451.24609375
"1115",84,94626,24503.115234375,16435.494140625,47,1929.61975097656,332,8,8067.62109375
"1116",81,94626,27342.376953125,22861.572265625,44,1914.33337402344,332,8,4480.8046875
"1117",83,94626,11784.9453125,8719.484375,41,2188.78686523438,332,8,3065.4609375
"1118",85,94626,45635.40625,23092.177734375,64,2748.44165039062,332,8,22543.228515625
"1119",79,94626,15410.9990234375,12019.4033203125,21,1103.28552246094,332,8,3391.595703125
"1120",82,94626,18465.505859375,16577.380859375,34,2484.39990234375,332,8,1888.125
"1121",83,94986,24027.0625,18980.5390625,28,4683.64697265625,356,8,5046.5234375
"1122",80,94986,25840.5390625,11640,32,5848.3759765625,356,8,14200.5390625
"1123",84,94986,37541.171875,29842.177734375,30,4259.29931640625,356,8,7698.994140625
"1124",82,94986,24835.544921875,13338.2001953125,28,5152.755859375,356,8,11497.3447265625
"1125",81,94986,30959.458984375,18257.087890625,28,5314.212890625,356,8,12702.37109375
"1126",79,94986,19185.640625,6828.5263671875,51,4639.2890625,356,8,12357.1142578125
"1127",85,94986,35265.43359375,28530.408203125,30,3875.31201171875,356,8,6735.025390625
"1128",86,94986,45790.859375,31537.12890625,30,3527.72778320312,356,8,14253.73046875
"1129",80,96102,155899.265625,45365,65,253867,341,8,110534.265625
"1130",81,96102,184174.640625,57968.421875,73,264394.875,341,8,126206.21875
"1131",86,96102,442560.875,139152.09375,111,245111.109375,341,8,303408.78125
"1132",82,96102,287290.40625,86728.6796875,87,248119.625,341,8,200561.71875
"1133",85,96102,368077.28125,130541.328125,111,247142.25,341,8,237535.953125
"1134",79,96102,176948.25,52875.63671875,49,238742.53125,341,8,124072.609375
"1135",83,96102,328032.65625,137065.375,88,239691.078125,341,8,190967.28125
"1136",84,96102,338279.4375,99408.9765625,105,229137.59375,341,8,238870.46875
"1137",79,96507,7707.103515625,5056.92919921875,15,4013.52685546875,311,8,2650.17431640625
"1138",85,96507,9342.591796875,7773.6474609375,16,2128.91357421875,311,8,1568.9443359375
"1139",86,96507,10387.8623046875,7358.61474609375,15,1867.13122558594,311,8,3029.24755859375
"1140",82,96507,9394.8232421875,5868.462890625,17,2865.5908203125,311,8,3526.3603515625
"1141",80,96507,9138,5976,16,3654.23559570312,311,8,3162
"1142",84,96507,9455.0693359375,6465.22607421875,14,2283.39208984375,311,8,2989.84326171875
"1143",83,96507,9183.181640625,6362.9306640625,15,2478.09619140625,311,8,2820.2509765625
"1144",81,96507,9476.904296875,5625.34912109375,16,3324.95971679688,311,8,3851.55517578125
"1145",86,98235,48418.91796875,34368.1796875,64,17331.8125,369,8,14050.73828125
"1146",79,98235,42817.94140625,17444.83984375,53,18813.390625,369,8,25373.1015625
"1147",84,98235,85755.3203125,43037.11328125,89,18463.830078125,369,8,42718.20703125
"1148",80,98235,83720.46875,37115,70,18202.525390625,369,8,46605.46875
"1149",82,98235,55051.34765625,27796.763671875,61,21941.3984375,369,8,27254.583984375
"1150",81,98235,108640.40625,50837.6953125,94,25250.673828125,369,8,57802.7109375
"1151",83,98235,41732.703125,18193.22265625,51,19629.16796875,369,8,23539.48046875
"1152",85,98235,45171.83984375,32555.091796875,82,18280.875,369,8,12616.748046875
"1153",81,98298,9048.7255859375,4623.640625,10,4732.13818359375,311,8,4425.0849609375
"1154",85,98298,12970.1875,9231.181640625,14,3559.94165039062,311,8,3739.005859375
"1155",80,98298,8230,5033,12,5105.49853515625,311,8,3197
"1156",84,98298,10133.2177734375,6355.390625,14,3812.0498046875,311,8,3777.8271484375
"1157",79,98298,6691.1015625,4636.1904296875,13,5519.720703125,311,8,2054.9111328125
"1158",86,98298,14231.884765625,9761.0625,14,3330.26342773438,311,8,4470.822265625
"1159",83,98298,11638.9970703125,7047.677734375,14,4089.29541015625,311,8,4591.3193359375
"1160",82,98298,9964.2353515625,6650.29052734375,11,4394.79296875,311,8,3313.94482421875
"1161",81,99396,84218.671875,54354.9609375,96,74464.953125,311,8,29863.7109375
"1162",86,99396,214173.421875,156110.640625,142,65150.8359375,311,8,58062.78125
"1163",80,99396,78002.03125,67079,81,78396.7109375,311,8,10923.03125
"1164",85,99396,141674.453125,116877.2734375,124,60667.05078125,311,8,24797.1796875
"1165",79,99396,137008.125,61621.41015625,68,74094.1953125,311,8,75386.71875
"1166",84,99396,133896.234375,64406.74609375,117,65483.96875,311,8,69489.484375
"1167",82,99396,151281.59375,42446.01171875,119,70611.078125,311,8,108835.578125
"1168",83,99396,72234.15625,42715.82421875,99,67435.59375,311,8,29518.33203125
