"","sic","year","emp","vship","matcost","vadd","energy","cap"
"1",2011,58,200.899993896484,11950.7001953125,10230.099609375,1748.59997558594,47.9000015258789,3575.5
"2",2011,93,124.400001525879,53240.30078125,45735.80078125,7634.2001953125,263.899993896484,7061.7001953125
"3",2013,58,48.7000007629395,2088.10009765625,1657.19995117188,442.799987792969,11.3000001907349,939.200012207031
"4",2013,93,84.1999969482422,20700.69921875,15225.2998046875,5511.7001953125,238.5,3954.60009765625
"5",2015,58,62.4000015258789,1888.19995117188,1582.90002441406,310.600006103516,9.39999961853027,1520
"6",2015,93,205.300003051758,25501.19921875,17899.099609375,7668.89990234375,326.399993896484,5106.39990234375
"7",2021,58,17.2999992370605,1023.5,875.299987792969,147.199996948242,14,367.899993896484
"8",2021,93,1.60000002384186,921.400024414062,736.299987792969,184.300003051758,8.39999961853027,457.700012207031
"9",2022,58,17,873.599975585938,743.599975585938,133,7.90000009536743,289.5
"10",2022,93,34.7000007629395,17519.900390625,13656.7998046875,3863.30004882812,171.100006103516,2276.19995117188
"11",2023,58,13.3999996185303,820.599975585938,613.700012207031,202.699996948242,13.5,268.5
"12",2023,93,15.3000001907349,7671.60009765625,4212.7998046875,3479.80004882812,96.3000030517578,1707.09997558594
"13",2024,58,34.7999992370605,951.5,557.299987792969,394.700012207031,10.8999996185303,564.200012207031
"14",2024,93,20.3999996185303,5608.10009765625,3245.30004882812,2363.30004882812,87.3000030517578,1935.90002441406
"15",2026,58,212.5,6423,4452.7998046875,2001.90002441406,60.5999984741211,2867.80004882812
"16",2026,93,63.2000007629395,21806,15734.599609375,6065.2998046875,248.300003051758,6895.2001953125
"17",2032,58,24.2000007629395,846.900024414062,507,340.799987792969,6.59999990463257,975.900024414062
"18",2032,93,21.2000007629395,6977.60009765625,3172.39990234375,3809.10009765625,75.5999984741211,2569.39990234375
"19",2033,58,108.400001525879,2333.89990234375,1485.59997558594,849.900024414062,21.5,2588.69995117188
"20",2033,93,61.2999992370605,14657.7998046875,7922.2998046875,6749.89990234375,233.399993896484,6152.7001953125
"21",2034,58,6.59999990463257,245.399993896484,169,68,1.70000004768372,359.100006103516
"22",2034,93,13.5,2471.39990234375,1218.09997558594,1252.80004882812,69,1170.59997558594
"23",2035,58,19.5,525.299987792969,361.5,164.600006103516,3,658.200012207031
"24",2035,93,24.1000003814697,8130.2998046875,3485.10009765625,4648.2998046875,56.2999992370605,2047.90002441406
"25",2037,58,19.3999996185303,505.100006103516,346,159.399993896484,6,607.900024414062
"26",2037,93,48.4000015258789,7875.7001953125,4643.7001953125,3170.69995117188,227.199996948242,3354.39990234375
"27",2038,58,14.6999998092651,398.5,277.399993896484,124.199996948242,4.80000019073486,509.399993896484
"28",2038,93,46.4000015258789,8272.400390625,4090.69995117188,4184.89990234375,119.599998474121,2605.80004882812
"29",2041,58,28.2000007629395,2086.69995117188,1693.80004882812,393.100006103516,13,1000.09997558594
"30",2041,93,13.3999996185303,6837.2001953125,4990.7001953125,1885.19995117188,133.199996948242,1979.30004882812
"31",2043,58,10.8999996185303,444.100006103516,202,243.100006103516,3.79999995231628,806.200012207031
"32",2043,93,17.6000003814697,10615,2835,7762.60009765625,84.1999969482422,3653.30004882812
"33",2044,58,3.59999990463257,297.899993896484,250.399993896484,50.7999992370605,1,56.2000007629395
"34",2044,93,3.90000009536743,1944.30004882812,1393.90002441406,602.599975585938,34.9000015258789,580.5
"35",2045,58,6.5,319,188.600006103516,131.699996948242,1.70000004768372,437.200012207031
"36",2045,93,14.1000003814697,3948.30004882812,2014.5,1941.40002441406,38.7999992370605,1200.09997558594
"37",2046,58,13.8000001907349,528.5,282,249.399993896484,13.3999996185303,826.599975585938
"38",2046,93,9,6886.2001953125,3644.30004882812,3262.39990234375,427.5,4686.2998046875
"39",2047,58,18,1042.40002441406,752.400024414062,266.899993896484,7,815.5
"40",2047,93,14.1000003814697,7245.2998046875,3591.69995117188,3643,90.5,2111.10009765625
"41",2048,58,39.2999992370605,2196,1692.40002441406,532,15.6000003814697,1707.69995117188
"42",2048,93,33.7999992370605,14857,11068.2998046875,3783.10009765625,188.699996948242,3536.80004882812
"43",2051,58,257.799987792969,4098.60009765625,1995,2118.80004882812,53.7999992370605,5504.2998046875
"44",2051,93,157.899993896484,18658.400390625,6984.5,11677.7998046875,278.700012207031,8286.5
"45",2052,58,44.5,982.5,456.799987792969,523.299987792969,7.69999980926514,817.5
"46",2052,93,48,9441.900390625,3410.5,6045.2001953125,95.8000030517578,2771.60009765625
"47",2053,58,3.90000009536743,82.6999969482422,55.0999984741211,26.6000003814697,1,91
"48",2053,93,13,1809.59997558594,806,1007,29.5,430.700012207031
"49",2061,58,7.30000019073486,178,109.699996948242,67.8000030517578,3.59999990463257,417.700012207031
"50",2061,93,6.69999980926514,1519.09997558594,892.099975585938,673,34.4000015258789,1106.19995117188
"51",2062,58,15.1999998092651,997.299987792969,812.599975585938,184.800003051758,11.1999998092651,1394.09997558594
"52",2062,93,4.90000009536743,2769.5,1994.5,757.099975585938,53.5,1220.40002441406
"53",2063,58,10.3000001907349,392.200012207031,255,130.399993896484,16.7999992370605,413.899993896484
"54",2063,93,7.59999990463257,2359.10009765625,1603.80004882812,765.299987792969,133.800003051758,1294.40002441406
"55",2064,58,55.7999992370605,936.900024414062,516.700012207031,418.100006103516,7.19999980926514,1130.59997558594
"56",2064,93,48.5,9364.7001953125,3874.80004882812,5467.2998046875,108.5,3358.60009765625
"57",2066,58,8.89999961853027,468.299987792969,336.600006103516,140.800003051758,4,196.300003051758
"58",2066,93,10,3203.19995117188,1658.09997558594,1556,38.5,1302.69995117188
"59",2067,58,5.59999990463257,185.100006103516,80,104.800003051758,0.800000011920929,168.100006103516
"60",2067,93,4.30000019073486,1304.90002441406,408.600006103516,910.799987792969,11.3000001907349,475.799987792969
"61",2068,58,10.6999998092651,292.399993896484,210.699996948242,94.4000015258789,3,135.699996948242
"62",2068,93,10,3043.89990234375,1937.80004882812,1235.5,26.2999992370605,449.399993896484
"63",2074,58,8.39999961853027,420.600006103516,348.600006103516,63.5999984741211,7.40000009536743,590.5
"64",2074,93,2.29999995231628,743.700012207031,529.5,214.600006103516,29.3999996185303,490.399993896484
"65",2075,58,8.10000038146973,1080.80004882812,947,139.600006103516,12.6000003814697,1262.80004882812
"66",2075,93,7.5,11705.099609375,10153,1537.19995117188,198.199996948242,2065.10009765625
"67",2076,58,2.29999995231628,314.700012207031,270.700012207031,42.0999984741211,2.70000004768372,174.399993896484
"68",2076,93,0.899999976158142,721.099975585938,603.799987792969,139.800003051758,12.8000001907349,275.5
"69",2077,58,14.6000003814697,389.299987792969,238.5,151.600006103516,9,1100.30004882812
"70",2077,93,8.19999980926514,1875.40002441406,1089.09997558594,815.400024414062,123,1171.80004882812
"71",2079,58,12.5,1239.09997558594,1016.5,221.5,10.3999996185303,1082.69995117188
"72",2079,93,8.19999980926514,5022.7001953125,3616.69995117188,1404.09997558594,64.5999984741211,1487
"73",2082,58,71.6999969482422,1982.69995117188,870.400024414062,1116.69995117188,21,7727.60009765625
"74",2082,93,35.2999992370605,16656.30078125,7125.2998046875,9543.2001953125,235.699996948242,10355.7998046875
"75",2083,58,2.40000009536743,195.300003051758,138,55.0999984741211,5.30000019073486,303
"76",2083,93,1.29999995231628,576.400024414062,399,184.199996948242,38.5,466.5
"77",2084,58,5.90000009536743,264,160.399993896484,114.199996948242,2.40000009536743,870
"78",2084,93,14.1000003814697,4514.10009765625,2520.39990234375,2118.60009765625,44.5999984741211,1575.80004882812
"79",2085,58,20.5,941.299987792969,482.799987792969,458.200012207031,9,1013.70001220703
"80",2085,93,7,3568.80004882812,1472.09997558594,2112.89990234375,23.7000007629395,1088.09997558594
"81",2086,58,97.0999984741211,1558.30004882812,698.299987792969,862.5,14.1999998092651,6727.2001953125
"82",2086,93,78.5999984741211,25997.599609375,15779.599609375,10228.400390625,179.699996948242,9879.5
"83",2087,58,9.30000019073486,477.100006103516,224.899993896484,249.399993896484,2.29999995231628,562.400024414062
"84",2087,93,10.6999998092651,7248.7001953125,1710.90002441406,5497.2998046875,31.8999996185303,1057.19995117188
"85",2091,58,17.1000003814697,388.600006103516,258.100006103516,130.600006103516,2.20000004768372,31.1000003814697
"86",2091,93,7.19999980926514,1043.90002441406,655.700012207031,388.200012207031,19.2999992370605,505.600006103516
"87",2092,58,17.6000003814697,310.100006103516,226.899993896484,83.5,2,34.0999984741211
"88",2092,93,40.0999984741211,6700.5,4290.7998046875,2390.80004882812,109,1209.90002441406
"89",2095,58,18.7999992370605,2038.90002441406,1571.59997558594,461.299987792969,1.79999995231628,4146.7998046875
"90",2095,93,10.3999996185303,5535.7001953125,2587.80004882812,2969.60009765625,58.2999992370605,2866.30004882812
"91",2096,58,18.2999992370605,479.899993896484,218.699996948242,240.5,4.69999980926514,127.900001525879
"92",2096,93,35.0999984741211,7734.60009765625,3406.69995117188,4335,96.5,2347.5
"93",2097,58,14.6000003814697,149.600006103516,42.0999984741211,107.5,11.1999998092651,65.1999969482422
"94",2097,93,4.80000019073486,394.399993896484,113.800003051758,278.200012207031,18.1000003814697,340.799987792969
"95",2098,58,5.30000019073486,143.699996948242,86.0999984741211,55.4000015258789,1.5,44.4000015258789
"96",2098,93,5.80000019073486,1518.30004882812,598.599975585938,915.599975585938,26.2000007629395,602.099975585938
"97",2099,58,32.7000007629395,960.099975585938,611.200012207031,376.700012207031,12.6000003814697,213.600006103516
"98",2099,93,61.9000015258789,13497.2001953125,6516.2998046875,7024.2001953125,163.100006103516,3365.19995117188
"99",2111,58,33.7999992370605,2160,1102.19995117188,1058.59997558594,4.30000019073486,1022.40002441406
"100",2111,93,24.7000007629395,23266.30078125,4634.2001953125,18652.099609375,75.5999984741211,6117.2998046875
"101",2121,58,29.3999996185303,355,172.899993896484,183.100006103516,1.5,225.899993896484
"102",2121,93,2.70000004768372,293.700012207031,104.300003051758,190.199996948242,4,120.199996948242
"103",2131,58,6.30000019073486,175.800003051758,89.5999984741211,86.1999969482422,0.800000011920929,104.699996948242
"104",2131,93,3.09999990463257,1636.30004882812,365.100006103516,1273.80004882812,6.30000019073486,283.399993896484
"105",2141,58,14.8999996185303,1176.69995117188,1086.59997558594,85.5999984741211,2.70000004768372,339.899993896484
"106",2141,93,6.09999990463257,3186.89990234375,2476.69995117188,716.200012207031,32.5,953.799987792969
"107",2211,58,243.399993896484,2748.60009765625,1622.80004882812,1078.59997558594,55.7999992370605,5242.7998046875
"108",2211,93,55,5989.7998046875,3462.5,2539.89990234375,227.699996948242,3944.19995117188
"109",2221,58,81.6999969482422,1225.5,741.900024414062,468.600006103516,18,2039.09997558594
"110",2221,93,85.8000030517578,9144.900390625,5059.89990234375,4136.60009765625,356.100006103516,5660
"111",2231,58,56,929,576.599975585938,336.600006103516,16,1987.40002441406
"112",2231,93,13.8000001907349,1681.19995117188,971.099975585938,707.799987792969,39.9000015258789,639.799987792969
"113",2241,58,24.6000003814697,301.5,157.899993896484,142.600006103516,3.5,319.899993896484
"114",2241,93,16.8999996185303,1353,614.599975585938,748.5,31.7000007629395,523.799987792969
"115",2251,58,50.7000007629395,625.900024414062,321.700012207031,306.600006103516,4.5,1240.40002441406
"116",2251,93,21.7999992370605,1624.19995117188,851.099975585938,789.799987792969,39.9000015258789,888.099975585938
"117",2252,58,47.2000007629395,402.399993896484,219,180,5.30000019073486,554.099975585938
"118",2252,93,38.0999984741211,2643.10009765625,1397.5,1260.69995117188,54.0999984741211,659.799987792969
"119",2253,58,60.5999984741211,813.599975585938,473.100006103516,339.899993896484,4.59999990463257,768.299987792969
"120",2253,93,52.7999992370605,4957.5,2224.5,2821.39990234375,61.0999984741211,1246.69995117188
"121",2254,58,29.2000007629395,310.799987792969,166.699996948242,145.600006103516,2,436.399993896484
"122",2254,93,16.6000003814697,1162.40002441406,529.200012207031,678.5,19.6000003814697,457.5
"123",2257,58,14.1000003814697,372.799987792969,257.200012207031,112.800003051758,3.79999995231628,390.399993896484
"124",2257,93,41.0999984741211,5205.89990234375,3236.60009765625,1975.5,151.800003051758,1666.59997558594
"125",2258,58,11,177.699996948242,105.599998474121,68.8000030517578,2.20000004768372,141.5
"126",2258,93,19.5,2319.69995117188,1350.5,979.799987792969,68.8000030517578,819.099975585938
"127",2259,58,3.20000004768372,30.1000003814697,15.6999998092651,14.5,0.200000002980232,4.40000009536743
"128",2259,93,3,230.699996948242,114.199996948242,116.800003051758,3.09999990463257,59.7000007629395
"129",2261,58,49.2000007629395,686.200012207031,399.100006103516,289.100006103516,22.3999996185303,1547.69995117188
"130",2261,93,15.1999998092651,2783.60009765625,1952.59997558594,828.5,105.099998474121,954.700012207031
"131",2262,58,16.2000007629395,210.699996948242,95.3000030517578,114.800003051758,10.1999998092651,340.200012207031
"132",2262,93,25.2000007629395,3628.89990234375,2003.59997558594,1625.40002441406,151.600006103516,1223
"133",2269,58,7.80000019073486,158,105.699996948242,52,3.40000009536743,190.100006103516
"134",2269,93,10.1999998092651,1169.09997558594,720,448,53,380.700012207031
"135",2273,58,33.7000007629395,707.599975585938,436.100006103516,260.399993896484,6.80000019073486,1288.80004882812
"136",2273,93,50.5999984741211,10234.2001953125,6662.60009765625,3689.10009765625,164.199996948242,2633.89990234375
"137",2281,58,83.8000030517578,1129,743.599975585938,383.399993896484,18.3999996185303,2187.19995117188
"138",2281,93,65.5999984741211,7618.10009765625,4878.5,2750.60009765625,332,4243.2001953125
"139",2282,58,11.8999996185303,174.600006103516,106.300003051758,67.5999984741211,3.09999990463257,324.700012207031
"140",2282,93,17.2000007629395,3076.5,2187.5,900.200012207031,85.4000015258789,1278.30004882812
"141",2284,58,11.5,178.199996948242,113.599998474121,64.8000030517578,2.90000009536743,186
"142",2284,93,6.5,865.900024414062,530.799987792969,338,26.7000007629395,297.399993896484
"143",2295,58,10.1999998092651,246.600006103516,146.199996948242,100.400001525879,3.59999990463257,591.799987792969
"144",2295,93,9.89999961853027,1773.30004882812,1088.80004882812,696,41.4000015258789,842
"145",2296,58,12.1999998092651,375.799987792969,300.799987792969,69.8000030517578,3.70000004768372,412.5
"146",2296,93,5.30000019073486,838,577.200012207031,263.899993896484,32.5,393
"147",2297,58,5.80000019073486,99.0999984741211,52.7000007629395,44.7999992370605,2.29999995231628,200.899993896484
"148",2297,93,16.1000003814697,2954.69995117188,1641.5,1329.69995117188,118.699996948242,1332.30004882812
"149",2298,58,9.60000038146973,141.600006103516,75.8000030517578,65.0999984741211,1.79999995231628,109.199996948242
"150",2298,93,6.80000019073486,682.400024414062,348.899993896484,333.299987792969,13.8999996185303,249.300003051758
"151",2299,58,24.5,451.600006103516,261.299987792969,184.899993896484,6.69999980926514,353.899993896484
"152",2299,93,17.1000003814697,2017.90002441406,1009.5,1024.5,58.2000007629395,902.5
"153",2311,58,119.800003051758,1269.5,638,629.599975585938,4.69999980926514,354.700012207031
"154",2311,93,41.2000007629395,2463.30004882812,955.599975585938,1524.59997558594,32,564.599975585938
"155",2321,58,100.199996948242,925.400024414062,514.700012207031,408,3.20000004768372,301.5
"156",2321,93,72.6999969482422,5011.7001953125,2580.39990234375,2411.80004882812,38.7000007629395,795.299987792969
"157",2322,58,14.6999998092651,147.199996948242,93.1999969482422,56.7999992370605,0.600000023841858,23.3999996185303
"158",2322,93,11.3000001907349,581.099975585938,313.5,263.399993896484,5.69999980926514,129.699996948242
"159",2323,58,7.69999980926514,102.400001525879,53.2000007629395,48.9000015258789,0.300000011920929,3.70000004768372
"160",2323,93,6.30000019073486,619.299987792969,304,311.5,3.40000009536743,56.5999984741211
"161",2325,58,120.900001525879,1245,711.5,531.799987792969,3.40000009536743,361.200012207031
"162",2325,93,78.5,7054.7998046875,3229.30004882812,3905.19995117188,53.9000015258789,1247
"163",2326,58,45.2000007629395,326.100006103516,199.300003051758,128.899993896484,0.600000023841858,57
"164",2326,93,30,1670.09997558594,762.799987792969,919.900024414062,17.6000003814697,229.800003051758
"165",2329,58,36.7000007629395,415.399993896484,240.399993896484,176,1.39999997615814,107
"166",2329,93,49.0999984741211,2834.5,1212.5,1638.30004882812,36.2000007629395,408.600006103516
"167",2331,58,47.5,454.100006103516,253.199996948242,200.199996948242,1.39999997615814,129.600006103516
"168",2331,93,52.9000015258789,4011.69995117188,2031.90002441406,1969.09997558594,38.0999984741211,522.200012207031
"169",2335,58,184.699996948242,2043.40002441406,1072.69995117188,971,7,289.600006103516
"170",2335,93,87.0999984741211,5602.2998046875,2661,2959,128.800003051758,912.099975585938
"171",2337,58,84.0999984741211,1233.19995117188,717.5,514.900024414062,4.19999980926514,193
"172",2337,93,49.5999984741211,4508.7001953125,2534.89990234375,1993.09997558594,29.2000007629395,554.299987792969
"173",2339,58,44.0999984741211,509.600006103516,282.700012207031,229.399993896484,1.60000002384186,109.300003051758
"174",2339,93,133.5,8583.599609375,4257.2001953125,4420.60009765625,170.899993896484,800
"175",2341,58,73.5,814.700012207031,467.399993896484,347.700012207031,2.70000004768372,337.700012207031
"176",2341,93,38,2154.5,965.5,1205.40002441406,27.2999992370605,467.700012207031
"177",2342,58,37.7999992370605,467.5,220.899993896484,248.5,1.5,199.899993896484
"178",2342,93,14.1000003814697,1788.59997558594,882.599975585938,900,7.59999990463257,184.800003051758
"179",2353,58,35.5,361,159.899993896484,200.399993896484,2.90000009536743,262.5
"180",2353,93,19.7000007629395,1054.59997558594,465.200012207031,597.400024414062,11.6999998092651,161.100006103516
"181",2361,58,36.0999984741211,355.399993896484,188.399993896484,167.100006103516,1.20000004768372,103.099998474121
"182",2361,93,23.1000003814697,1566.5,810.299987792969,710,15.1999998092651,191.100006103516
"183",2369,58,44.7000007629395,487.899993896484,273.100006103516,214.300003051758,1.60000002384186,181.100006103516
"184",2369,93,26.1000003814697,1654.69995117188,681.900024414062,974.5,29.6000003814697,245.699996948242
"185",2371,58,9.39999961853027,281.299987792969,187,95.4000015258789,1.20000004768372,181.300003051758
"186",2371,93,0.800000011920929,153.800003051758,94.0999984741211,58.9000015258789,2.20000004768372,18.3999996185303
"187",2381,58,13.8999996185303,118.699996948242,64.3000030517578,53.9000015258789,0.5,29.5
"188",2381,93,4.30000019073486,293.899993896484,155.399993896484,153.800003051758,2.90000009536743,55.0999984741211
"189",2384,58,10.6000003814697,132.699996948242,76.1999969482422,56.4000015258789,0.400000005960464,57.4000015258789
"190",2384,93,5.59999990463257,406.299987792969,216.800003051758,194.899993896484,3.90000009536743,66.3000030517578
"191",2385,58,13.1999998092651,146.199996948242,73.9000015258789,73.0999984741211,0.699999988079071,52.7999992370605
"192",2385,93,3.40000009536743,196.600006103516,66.6999969482422,131.800003051758,2.5,81.4000015258789
"193",2386,58,4.59999990463257,65.6999969482422,38.4000015258789,27.7999992370605,0.200000002980232,22.1000003814697
"194",2386,93,2.59999990463257,224.100006103516,138.199996948242,86.6999969482422,1.20000004768372,28.7000007629395
"195",2387,58,10.1999998092651,99.0999984741211,46.2000007629395,53.7000007629395,0.5,61.0999984741211
"196",2387,93,7.59999990463257,642.299987792969,317.100006103516,323.5,3.5,65
"197",2389,58,7.5,94.9000015258789,53.2000007629395,41.2999992370605,0.400000005960464,31.2000007629395
"198",2389,93,10.3000001907349,668.5,315.799987792969,360.799987792969,4.5,62.2999992370605
"199",2391,58,16.3999996185303,217,130.899993896484,87.3000030517578,0.600000023841858,136
"200",2391,93,20.7000007629395,1248.90002441406,662.099975585938,581.400024414062,17.5,225
"201",2392,58,36.7999992370605,616.200012207031,399.5,218.300003051758,2.70000004768372,396.600006103516
"202",2392,93,51.4000015258789,5904.89990234375,3269.80004882812,2668.69995117188,53.2000007629395,818.099975585938
"203",2393,58,9.10000038146973,204.399993896484,153.800003051758,51.5999984741211,0.699999988079071,58.7999992370605
"204",2393,93,11.5,723.200012207031,400.899993896484,317.600006103516,7.19999980926514,135
"205",2394,58,9.89999961853027,131.300003051758,78,53.7000007629395,0.699999988079071,78.5
"206",2394,93,14.5,1302.40002441406,732.5,567.200012207031,28.7000007629395,234.199996948242
"207",2395,58,8.19999980926514,71.8000030517578,27.7000007629395,26.8999996185303,0.400000005960464,59.5
"208",2395,93,14.6000003814697,732.599975585938,355.100006103516,362.399993896484,13.6000003814697,134.300003051758
"209",2396,58,26.1000003814697,665.900024414062,444.700012207031,155.199996948242,2.70000004768372,268
"210",2396,93,60.0999984741211,6627.2001953125,3677.89990234375,2974.10009765625,83.1999969482422,1193.19995117188
"211",2397,58,5.69999980926514,75.5,31.2999992370605,44.2999992370605,0.5,177.699996948242
"212",2397,93,5.59999990463257,293.200012207031,114.400001525879,179.399993896484,5,128.699996948242
"213",2399,58,17.8999996185303,247.100006103516,146.5,98.0999984741211,1.10000002384186,134.100006103516
"214",2399,93,33.5,3431.80004882812,1963.5,1498.30004882812,30.3999996185303,721.099975585938
"215",2411,58,71.6999969482422,868.299987792969,475.600006103516,390.399993896484,18.7000007629395,2582.10009765625
"216",2411,93,86.1999969482422,15976.400390625,10121.2998046875,5904.39990234375,211.399993896484,4250.10009765625
"217",2421,58,245.899993896484,2917.30004882812,1711.69995117188,1195.80004882812,60,7205
"218",2421,93,141.600006103516,24459.80078125,15937.7001953125,8878.5,530.599975585938,7098
"219",2426,58,28,298,168.699996948242,128.800003051758,3.40000009536743,454.399993896484
"220",2426,93,31.3999996185303,2529.39990234375,1374.80004882812,1172.09997558594,59.9000015258789,574.599975585938
"221",2429,58,7.19999980926514,89.4000015258789,56.2000007629395,36.0999984741211,1,80.0999984741211
"222",2429,93,2,181.699996948242,108.5,73.3000030517578,2.79999995231628,89.4000015258789
"223",2431,58,51.2999992370605,868.299987792969,528.900024414062,341.299987792969,6.59999990463257,461.600006103516
"224",2431,93,89.0999984741211,10861.7998046875,6433.5,4467.5,114.400001525879,1858
"225",2434,58,28.5,376.799987792969,206.300003051758,171.199996948242,3.20000004768372,243.300003051758
"226",2434,93,66.0999984741211,5397.10009765625,2573.10009765625,2846.89990234375,66.1999969482422,956.200012207031
"227",2435,58,15.8000001907349,236.100006103516,134.5,104.199996948242,3.09999990463257,219.5
"228",2435,93,19.7999992370605,2537.19995117188,1646.5,930.400024414062,45,616.400024414062
"229",2436,58,43.5,648,369,285.899993896484,8.39999961853027,593.200012207031
"230",2436,93,30.7000007629395,6035.39990234375,3630.5,2442.10009765625,168.399993896484,1912.09997558594
"231",2439,58,3.90000009536743,92.0999984741211,57.5,34.9000015258789,0.400000005960464,34.5999984741211
"232",2439,93,25.6000003814697,3094.30004882812,1885.90002441406,1237.30004882812,31.5,434.299987792969
"233",2441,58,19,211.399993896484,118.599998474121,92.3000030517578,2.70000004768372,207.800003051758
"234",2441,93,5.19999980926514,399.399993896484,240.399993896484,155.600006103516,6.30000019073486,195.300003051758
"235",2448,58,6.5,75.1999969482422,35.0999984741211,38.7999992370605,0.899999976158142,147.100006103516
"236",2448,93,30.1000003814697,2480.89990234375,1373.69995117188,1115.69995117188,43.7999992370605,510.799987792969
"237",2449,58,19.2999992370605,198.399993896484,113.5,84.1999969482422,1.79999995231628,187
"238",2449,93,5.69999980926514,375.200012207031,200.699996948242,173.699996948242,6.59999990463257,139
"239",2451,58,13,320.899993896484,231.100006103516,88.9000015258789,1.20000004768372,190
"240",2451,93,42.4000015258789,5786.39990234375,3715,2081.89990234375,27.3999996185303,1012.20001220703
"241",2452,58,9.69999980926514,230.199996948242,143.899993896484,87.4000015258789,1,97.6999969482422
"242",2452,93,19.5,2327.10009765625,1414.19995117188,913.099975585938,13.5,633.299987792969
"243",2491,58,10.8999996185303,203,127.900001525879,72.5,3.90000009536743,179.100006103516
"244",2491,93,11.3000001907349,3095.19995117188,2483.89990234375,697,41,556.700012207031
"245",2493,58,23.6000003814697,382.200012207031,172.300003051758,214.899993896484,15.3999996185303,611.099975585938
"246",2493,93,23.5,4669.2998046875,2258.19995117188,2414.10009765625,282.5,1901.09997558594
"247",2499,58,30.2000007629395,297.700012207031,135.100006103516,158.300003051758,3.40000009536743,520.900024414062
"248",2499,93,55,4065.80004882812,2017.90002441406,2078.19995117188,65.4000015258789,1034.09997558594
"249",2511,58,96.8000030517578,1065.59997558594,522.400024414062,544.5,10.1999998092651,1092
"250",2511,93,119,9267.2001953125,4529.10009765625,4847.7998046875,153.300003051758,2786.69995117188
"251",2512,58,64.8000030517578,840,375.100006103516,413.799987792969,4.90000009536743,555
"252",2512,93,81.5,6689.89990234375,3515.5,3195.19995117188,46.7999992370605,1228.30004882812
"253",2514,58,30.2999992370605,496.100006103516,274.700012207031,218.699996948242,5,340
"254",2514,93,22.1000003814697,2141.10009765625,1078,1080.59997558594,27.7000007629395,584.099975585938
"255",2515,58,31.7000007629395,572.200012207031,322,248.800003051758,3.09999990463257,402.899993896484
"256",2515,93,23.2999992370605,3000.5,1513.69995117188,1481.19995117188,17,567.400024414062
"257",2517,58,11,121.099998474121,59.4000015258789,61.9000015258789,1.20000004768372,127.5
"258",2517,93,4,314.600006103516,163.100006103516,151.899993896484,4.40000009536743,180.899993896484
"259",2519,58,2.20000004768372,30.6000003814697,14.5,16.2000007629395,0.200000002980232,26.2999992370605
"260",2519,93,5.09999990463257,492.600006103516,256.399993896484,237.399993896484,11.6000003814697,208.800003051758
"261",2521,58,5.80000019073486,68.4000015258789,29.5,38.4000015258789,0.699999988079071,69.4000015258789
"262",2521,93,23,1929.09997558594,844,1079,35.9000015258789,582.099975585938
"263",2522,58,17.5,286,109.699996948242,173.699996948242,2.70000004768372,486.899993896484
"264",2522,93,46.5,6336,2664.19995117188,3672.60009765625,78.0999984741211,2552.10009765625
"265",2531,58,16,208.399993896484,98,112.900001525879,2.20000004768372,164.600006103516
"266",2531,93,32.4000015258789,5017.7998046875,3222.39990234375,1797.30004882812,34.9000015258789,637.200012207031
"267",2541,58,23.7999992370605,389.600006103516,172.600006103516,215.300003051758,2.5,117.5
"268",2541,93,40.7999992370605,3375.39990234375,1481.59997558594,1904.90002441406,35.9000015258789,770.099975585938
"269",2542,58,37.7000007629395,538.900024414062,338.299987792969,301.200012207031,2.5,283.600006103516
"270",2542,93,37.5,3701.19995117188,1699.09997558594,2019.19995117188,55.4000015258789,904
"271",2591,58,11.3000001907349,189.600006103516,104.400001525879,84.9000015258789,1.39999997615814,176.5
"272",2591,93,18.7999992370605,1914.69995117188,959.5,957.900024414062,13.8000001907349,397.200012207031
"273",2599,58,8,110.400001525879,50.5999984741211,60.2000007629395,1.10000002384186,147.300003051758
"274",2599,93,28.2999992370605,2636.69995117188,1081.59997558594,1569.40002441406,26,493.100006103516
"275",2611,58,14.1999998092651,428,231,196,25.2999992370605,2414.30004882812
"276",2611,93,14.1999998092651,4282.10009765625,2487.80004882812,1711.09997558594,287.299987792969,8419.900390625
"277",2621,58,137.300003051758,3403.80004882812,1808.5,1599.40002441406,179.5,9976.099609375
"278",2621,93,126.199996948242,32102.599609375,17717.099609375,14511.7001953125,2922.60009765625,38976.8984375
"279",2631,58,57.0999984741211,1690.90002441406,855.200012207031,840.099975585938,109.199996948242,3715.80004882812
"280",2631,93,53.2999992370605,16164.7998046875,8657,7525.7001953125,1579.69995117188,18948.19921875
"281",2652,58,23.5,219.199996948242,95.0999984741211,124.900001525879,1.79999995231628,189.800003051758
"282",2652,93,6.69999980926514,430.299987792969,207.100006103516,218.199996948242,6.80000019073486,254.5
"283",2653,58,70.8000030517578,1635.69995117188,1042.09997558594,596.900024414062,13.3000001907349,1618.59997558594
"284",2653,93,114.199996948242,20623.30078125,13510.2998046875,7143,326.299987792969,6045.2001953125
"285",2655,58,11,165.600006103516,86,79.5,1.79999995231628,269.200012207031
"286",2655,93,11.6999998092651,2004.09997558594,1187.69995117188,815.299987792969,28.7000007629395,680.200012207031
"287",2656,58,20.8999996185303,492.299987792969,273.399993896484,221.100006103516,3.5,934.099975585938
"288",2656,93,15.8999996185303,2456,1432.90002441406,1030.30004882812,46.5999984741211,1366.5
"289",2657,58,55,1075,602.200012207031,479.100006103516,6.69999980926514,1261.80004882812
"290",2657,93,52.5,8009.39990234375,4372.2001953125,3600.39990234375,106.400001525879,2761.39990234375
"291",2671,58,9.10000038146973,234.199996948242,156.800003051758,82.5999984741211,3,307.899993896484
"292",2671,93,18.1000003814697,3739.10009765625,2228.5,1505.69995117188,64,1424.30004882812
"293",2672,58,18.7000007629395,571,329.899993896484,237,6.30000019073486,483
"294",2672,93,32.5999984741211,8071,4275.89990234375,3801.19995117188,129.199996948242,2517.60009765625
"295",2673,58,26.6000003814697,591.900024414062,360.100006103516,221.399993896484,2.59999990463257,720.5
"296",2673,93,39.4000015258789,5813.2998046875,3004.39990234375,2786.80004882812,143.699996948242,2633.19995117188
"297",2674,58,12.3999996185303,316.600006103516,241.699996948242,87.5,1.70000004768372,167.199996948242
"298",2674,93,18.7000007629395,2802.60009765625,1799.30004882812,1002.59997558594,32,672.599975585938
"299",2675,58,12.1999998092651,251.399993896484,139.100006103516,111.199996948242,1.39999997615814,525.799987792969
"300",2675,93,15.1999998092651,2029.69995117188,1177.69995117188,849,19,823.299987792969
"301",2676,58,12.3000001907349,441.100006103516,320.700012207031,142,1,373.5
"302",2676,93,39.5999984741211,15525.099609375,7177.89990234375,8400.900390625,125.599998474121,5176.10009765625
"303",2677,58,17.7999992370605,271.600006103516,133.199996948242,138.300003051758,1.70000004768372,296.299987792969
"304",2677,93,24.7000007629395,2772.80004882812,1496.30004882812,1284.59997558594,46.4000015258789,906
"305",2678,58,15.6000003814697,362.299987792969,194.5,144.899993896484,3.09999990463257,395
"306",2678,93,9.39999961853027,1482.5,790.200012207031,705.599975585938,11.6999998092651,593.599975585938
"307",2679,58,26.2999992370605,561.5,286.899993896484,248,8.30000019073486,600.900024414062
"308",2679,93,33.9000015258789,4953.39990234375,2597,2365.5,121.699996948242,1679.30004882812
"309",2711,58,295.600006103516,3628,1112.40002441406,2528.80004882812,21.7999992370605,9829.900390625
"310",2711,93,410.299987792969,34651,6906.60009765625,27744.69921875,291.799987792969,18084.80078125
"311",2721,58,66.6999969482422,1729.5,764.700012207031,974.5,4.40000009536743,1360.40002441406
"312",2721,93,117.099998474121,22652.5,6391.2001953125,16271.900390625,45,3410.39990234375
"313",2731,58,38.5,1033.09997558594,413.299987792969,616.200012207031,1.89999997615814,542.900024414062
"314",2731,93,83.1999969482422,18615.900390625,5806.7998046875,12742.900390625,38.4000015258789,2990.19995117188
"315",2732,58,28.6000003814697,357.700012207031,130.399993896484,226.800003051758,2.79999995231628,433.899993896484
"316",2732,93,49.7999992370605,4810.10009765625,1895.69995117188,2903.69995117188,63.9000015258789,2045.80004882812
"317",2741,58,19.2999992370605,307.899993896484,109,199.199996948242,1.10000002384186,194.899993896484
"318",2741,93,66.5999984741211,11806.599609375,2592.10009765625,9218.099609375,33.4000015258789,1524.69995117188
"319",2752,58,263.799987792969,3665.80004882812,1514.5,2157.30004882812,9.5,2456
"320",2752,93,437.600006103516,44704.19921875,19304.5,25406.900390625,634.799987792969,14523.7998046875
"321",2754,58,25,409.299987792969,173.199996948242,238,3.09999990463257,401
"322",2754,93,21.5,3492,1756.19995117188,1724,83.1999969482422,1871.90002441406
"323",2759,58,149,2341.89990234375,960.900024414062,1400.19995117188,17.5,2321.10009765625
"324",2759,93,112.699996948242,9977,4271.60009765625,5707.5,111.599998474121,4969.7001953125
"325",2761,58,23.6000003814697,405.700012207031,160,245.199996948242,2.09999990463257,569.200012207031
"326",2761,93,46.9000015258789,7491.2998046875,3544.89990234375,3949.19995117188,65.4000015258789,2350.5
"327",2771,58,21.7999992370605,291.5,117.199996948242,178.600006103516,2.09999990463257,309.5
"328",2771,93,22.2000007629395,4274.5,825.799987792969,3481.60009765625,16.8999996185303,1086.09997558594
"329",2782,58,17.8999996185303,217.899993896484,83.3000030517578,132.699996948242,1.20000004768372,208.399993896484
"330",2782,93,37.5,3771.19995117188,1155.40002441406,2608.80004882812,32.7000007629395,1114.19995117188
"331",2789,58,22.2000007629395,182,48.5999984741211,132.699996948242,1.39999997615814,200.100006103516
"332",2789,93,25.6000003814697,1258,302,957.599975585938,21.6000003814697,600.099975585938
"333",2791,58,18,177.199996948242,22.5,155.100006103516,1.39999997615814,242.399993896484
"334",2791,93,25.3999996185303,1635.40002441406,316.899993896484,1320.90002441406,16.2000007629395,759.599975585938
"335",2796,58,45.2999992370605,562.299987792969,159.5,404.799987792969,3.90000009536743,586.200012207031
"336",2796,93,38.2999992370605,3493.80004882812,766.599975585938,2729.39990234375,43.2000007629395,1401.30004882812
"337",2812,58,20.5,504.299987792969,198.300003051758,306.200012207031,62.4000015258789,1590.80004882812
"338",2812,93,7.69999980926514,2480.89990234375,1425.19995117188,1093.59997558594,688.400024414062,2430.19995117188
"339",2813,58,10.6000003814697,277.399993896484,103.5,174.199996948242,16.7000007629395,2812
"340",2813,93,7.80000019073486,3435.69995117188,1092.69995117188,2353.19995117188,787.900024414062,2729
"341",2816,58,11.3999996185303,417.700012207031,172.199996948242,235.699996948242,15.5,2563.60009765625
"342",2816,93,8.69999980926514,3275.69995117188,1323.19995117188,1960.59997558594,172.699996948242,2552.89990234375
"343",2819,58,70.4000015258789,2155.80004882812,1008.70001220703,1149.69995117188,258.399993896484,6241
"344",2819,93,69.5,17146.69921875,6634.10009765625,10465.2001953125,1316.69995117188,8240.2998046875
"345",2821,58,39.7999992370605,1442,759.799987792969,680.900024414062,28.1000003814697,5343.7998046875
"346",2821,93,62.2000007629395,31545.599609375,19500.599609375,11953.5,1238.69995117188,18448
"347",2822,58,9.30000019073486,536.299987792969,341,197.899993896484,9.89999961853027,599.400024414062
"348",2822,93,12.1999998092651,4738.60009765625,2592.10009765625,2133.5,229.5,2606.39990234375
"349",2823,58,42.5999984741211,722.799987792969,322.299987792969,390.299987792969,26.3999996185303,1607.80004882812
"350",2823,93,9.30000019073486,1744.59997558594,800.799987792969,944.700012207031,78.5999984741211,1809.30004882812
"351",2824,58,18.7000007629395,668.400024414062,243.699996948242,439.600006103516,9.19999980926514,2102.80004882812
"352",2824,93,42.2999992370605,11548.400390625,5548,6020.2001953125,475.899993896484,9000
"353",2833,58,10.1999998092651,322.299987792969,148.899993896484,175.800003051758,6.69999980926514,1441.09997558594
"354",2833,93,13,5925.7998046875,2757.80004882812,3191.19995117188,113,4031.10009765625
"355",2834,58,82,2591.80004882812,700.599975585938,1881.5,15.5,3003.60009765625
"356",2834,93,128.199996948242,53280.80078125,14120.2001953125,39415.30078125,389.100006103516,19297.900390625
"357",2835,58,2,36.7999992370605,12.3000001907349,24.2000007629395,0.300000011920929,106.699996948242
"358",2835,93,39.2999992370605,6864.39990234375,1623.30004882812,5256.10009765625,74.1999969482422,1740.5
"359",2836,58,1.70000004768372,27,12.6000003814697,14.6999998092651,0.400000005960464,79.8000030517578
"360",2836,93,19,4914,1483.19995117188,3479.30004882812,45.7000007629395,1135.69995117188
"361",2841,58,29.6000003814697,1605.90002441406,747.799987792969,857.599975585938,11.3999996185303,1531.40002441406
"362",2841,93,31.2000007629395,15457.7001953125,7174.39990234375,8225.099609375,122.400001525879,5023.2998046875
"363",2842,58,22,751.700012207031,367.299987792969,385.200012207031,45.7999992370605,1409.90002441406
"364",2842,93,22.7999992370605,8078.60009765625,2963.80004882812,5134.7998046875,39,1994.19995117188
"365",2843,58,3.09999990463257,126.599998474121,73.3000030517578,52.4000015258789,1.70000004768372,271.600006103516
"366",2843,93,8.60000038146973,3660.5,2087.80004882812,1572.40002441406,96.0999984741211,1461.59997558594
"367",2844,58,29.5,1059.19995117188,358.899993896484,697.5,3,1209.09997558594
"368",2844,93,61.7000007629395,19706.400390625,6152.60009765625,13588.7998046875,85.0999984741211,3909.19995117188
"369",2851,58,56.2999992370605,1800.30004882812,1028.09997558594,773.200012207031,11.5,1675
"370",2851,93,50.2999992370605,16030.2998046875,8293.2998046875,7722.7001953125,114.300003051758,4183
"371",2861,58,7.30000019073486,182.199996948242,99.3000030517578,85.3000030517578,4.59999990463257,184.300003051758
"372",2861,93,2.59999990463257,738.799987792969,373.700012207031,362.100006103516,27.5,483.399993896484
"373",2865,58,29.7000007629395,1018,581.599975585938,430.600006103516,32.0999984741211,3421
"374",2865,93,23.2999992370605,10177,6457.2001953125,3710.60009765625,482,8074.7998046875
"375",2869,58,90.5,3965.10009765625,1971.69995117188,1998.90002441406,130.100006103516,17112.400390625
"376",2869,93,97.5,53364.19921875,30666.69921875,22674.80078125,2882.30004882812,44223.3984375
"377",2873,58,13.8000001907349,435.200012207031,202.300003051758,233.300003051758,47.9000015258789,1205.19995117188
"378",2873,93,7,3467.10009765625,2118.80004882812,1341.59997558594,455.100006103516,2895.30004882812
"379",2874,58,19.1000003814697,615.400024414062,408.100006103516,206.199996948242,26.7000007629395,1206.19995117188
"380",2874,93,9.39999961853027,3648,2625.89990234375,975.400024414062,135.399993896484,3358
"381",2875,58,12.5,448.299987792969,339.799987792969,109,4.40000009536743,428.899993896484
"382",2875,93,6.69999980926514,2272.89990234375,1574.5,721.200012207031,29.2000007629395,867.099975585938
"383",2879,58,8.5,358,235.5,123.599998474121,3.59999990463257,345
"384",2879,93,16.2999992370605,9553.7998046875,3515.80004882812,6042.39990234375,174.699996948242,3638.80004882812
"385",2891,58,11.6999998092651,330.299987792969,182.899993896484,147.699996948242,5.19999980926514,544
"386",2891,93,20.8999996185303,5859.2998046875,3131.19995117188,2746,70.4000015258789,1469.80004882812
"387",2892,58,15,228.600006103516,95.4000015258789,131.600006103516,6,453
"388",2892,93,10,1172.59997558594,385.200012207031,793.599975585938,34.7000007629395,704.299987792969
"389",2893,58,8,228.100006103516,119.099998474121,108.800003051758,1.89999997615814,231.800003051758
"390",2893,93,12.1999998092651,3209.89990234375,2084.10009765625,1134.5,25.3999996185303,518.799987792969
"391",2895,58,3.20000004768372,119.300003051758,46.9000015258789,72.5999984741211,3.5,213.199996948242
"392",2895,93,1.89999997615814,723.799987792969,312.600006103516,412.799987792969,41.2000007629395,675.799987792969
"393",2899,58,27,784.599975585938,391.700012207031,391.200012207031,12.6999998092651,1339.30004882812
"394",2899,93,36.7999992370605,10885.099609375,5419.7998046875,5484.2998046875,236.899993896484,4417.89990234375
"395",2911,58,129.5,13523.7998046875,11560.7001953125,1784.5,226.5,35965.6015625
"396",2911,93,73.0999984741211,129961.1015625,110279,18710.30078125,3780.60009765625,58827.80078125
"397",2951,58,7.80000019073486,267.700012207031,154.899993896484,112.5,9.80000019073486,544.400024414062
"398",2951,93,13.3999996185303,4362.60009765625,2802.19995117188,1568.19995117188,248.699996948242,1687.30004882812
"399",2952,58,15.5,460.100006103516,304.399993896484,156.5,8.30000019073486,358.299987792969
"400",2952,93,12.8999996185303,4173,2539.10009765625,1634,87.5999984741211,1146.80004882812
"401",2992,58,7.59999990463257,281.399993896484,177.5,103.099998474121,2.09999990463257,306.799987792969
"402",2992,93,12.1999998092651,5294.60009765625,3617.69995117188,1703.19995117188,51.7000007629395,1245.09997558594
"403",2999,58,3,87.3000030517578,55.9000015258789,32.2000007629395,2,70.9000015258789
"404",2999,93,2.09999990463257,1042.09997558594,609.299987792969,436.299987792969,33.4000015258789,494.100006103516
"405",3011,58,89.4000015258789,2577.80004882812,1386.69995117188,1180,30.1000003814697,3644.39990234375
"406",3011,93,65.0999984741211,12601.2001953125,5492,7125.2001953125,266.799987792969,7690.2998046875
"407",3021,58,21.2000007629395,242.199996948242,88.1999969482422,156,2.90000009536743,280.200012207031
"408",3021,93,12,796.400024414062,377.200012207031,409.5,12.3999996185303,227.699996948242
"409",3052,58,29.8999996185303,471.399993896484,220.899993896484,249,8.30000019073486,505
"410",3052,93,21.1000003814697,2872.60009765625,1390.40002441406,1517.30004882812,54.4000015258789,1434.90002441406
"411",3053,58,23.7000007629395,347.899993896484,155.399993896484,191.5,5.40000009536743,438.299987792969
"412",3053,93,33.4000015258789,3433.80004882812,1421.19995117188,2009.09997558594,59.7999992370605,1113.69995117188
"413",3061,58,38.7999992370605,546.900024414062,235.100006103516,310,8.80000019073486,1091.90002441406
"414",3061,93,50.7000007629395,4996.2998046875,2123.60009765625,2885.19995117188,115.900001525879,1908.59997558594
"415",3069,58,43.7999992370605,751.700012207031,369.200012207031,379.5,15.1999998092651,1017.29998779297
"416",3069,93,58.4000015258789,7608.2001953125,3874.10009765625,3727.60009765625,176.5,2060.30004882812
"417",3081,58,10.1000003814697,293.5,152,142.800003051758,5.5,535.200012207031
"418",3081,93,55.2999992370605,11173.2998046875,5666.10009765625,5524.5,324.799987792969,5434.89990234375
"419",3082,58,5.30000019073486,82.1999969482422,41,42.0999984741211,1.5,170.899993896484
"420",3082,93,28,3517.30004882812,1698.30004882812,1815.5,84.5,1679.69995117188
"421",3083,58,3.59999990463257,77.3000030517578,37.7000007629395,39.7000007629395,1.39999997615814,68.8000030517578
"422",3083,93,15.1000003814697,2261.39990234375,1102.80004882812,1162.59997558594,47.2000007629395,735.299987792969
"423",3084,58,2.59999990463257,88.5999984741211,54.2999992370605,34.5999984741211,2,72.0999984741211
"424",3084,93,13.8000001907349,2846,1851.5,1021.09997558594,72.0999984741211,801
"425",3085,58,5.30000019073486,102.199996948242,54.4000015258789,47.7999992370605,2,220
"426",3085,93,33.5,5036.2998046875,2709.10009765625,2360.60009765625,192,2180.80004882812
"427",3086,58,12.8000001907349,249.300003051758,142.399993896484,107.599998474121,5.19999980926514,427.899993896484
"428",3086,93,69,10095.2001953125,5475.7998046875,4630.89990234375,220,4087.19995117188
"429",3087,58,3.59999990463257,90.3000030517578,55.5,35.7000007629395,2,120.400001525879
"430",3087,93,24.7999992370605,5080.10009765625,3110.39990234375,1975.80004882812,105.800003051758,1148.30004882812
"431",3088,58,1.60000002384186,25.6000003814697,11.1000003814697,14.5,0.400000005960464,18.6000003814697
"432",3088,93,12.1999998092651,1272.19995117188,533.799987792969,731.799987792969,15,374
"433",3089,58,81,1226.19995117188,592.5,638,21.5,1753.59997558594
"434",3089,93,443.899993896484,49187.1015625,22979.5,26306.80078125,1177.5,17687.80078125
"435",3111,58,37.0999984741211,743.099975585938,464.899993896484,275.799987792969,14,514.900024414062
"436",3111,93,16.8999996185303,3198,2238,1016.70001220703,56.0999984741211,617
"437",3131,58,18,256.700012207031,158.600006103516,98.4000015258789,1.70000004768372,210.800003051758
"438",3131,93,3.5,303.5,161.399993896484,143,2.59999990463257,64.6999969482422
"439",3142,58,11.5,112.099998474121,52.5999984741211,59.7000007629395,0.5,31.2000007629395
"440",3142,93,3.70000004768372,301.799987792969,117.300003051758,189.199996948242,2.20000004768372,47.5999984741211
"441",3143,58,84.9000015258789,807.799987792969,380.200012207031,428.299987792969,3.5,411.700012207031
"442",3143,93,24.6000003814697,2351.10009765625,1183.80004882812,1196.5,13.1999998092651,408.899993896484
"443",3144,58,96.0999984741211,914.700012207031,430.5,484.899993896484,3.90000009536743,473.5
"444",3144,93,14.3999996185303,1010.29998779297,449.100006103516,569.400024414062,6.80000019073486,329.700012207031
"445",3149,58,34.2999992370605,326.399993896484,153.600006103516,173.100006103516,1.39999997615814,148.5
"446",3149,93,5.80000019073486,310.299987792969,154,156.699996948242,3.5,151.5
"447",3151,58,6.19999980926514,54.2000007629395,28.2999992370605,26,0.300000011920929,20.7999992370605
"448",3151,93,2.70000004768372,169.199996948242,84.8000030517578,82,1.39999997615814,20.6000003814697
"449",3161,58,15.8999996185303,184.699996948242,88.1999969482422,96.5999984741211,0.899999976158142,115
"450",3161,93,9.60000038146973,930.400024414062,464.700012207031,490.700012207031,9.69999980926514,203
"451",3171,58,22,231.100006103516,119.400001525879,111.5,0.800000011920929,83.1999969482422
"452",3171,93,4.09999990463257,387.299987792969,170.699996948242,213.899993896484,3.20000004768372,98.3000030517578
"453",3172,58,13.6999998092651,138.100006103516,62.5,75.8000030517578,0.899999976158142,66.4000015258789
"454",3172,93,5.30000019073486,394.5,146.399993896484,249.300003051758,2.5,74.3000030517578
"455",3199,58,8.80000019073486,117.5,54.9000015258789,62.5,0.699999988079071,146.399993896484
"456",3199,93,8.10000038146973,650.5,326,334.700012207031,8.80000019073486,95.1999969482422
"457",3211,58,21.2000007629395,384.700012207031,115.099998474121,263.200012207031,19,1619.69995117188
"458",3211,93,11.3000001907349,2283,844.099975585938,1413.90002441406,189.399993896484,2515.10009765625
"459",3221,58,54.9000015258789,862.099975585938,333.600006103516,532.5,45.5,1832.5
"460",3221,93,30.6000003814697,4824.7998046875,1879.90002441406,2750.30004882812,412.100006103516,4226
"461",3229,58,35.4000015258789,445.399993896484,128.899993896484,312.299987792969,21.6000003814697,1117
"462",3229,93,34.0999984741211,4464.5,1509.59997558594,2950.5,302.100006103516,3728.10009765625
"463",3231,58,24,468.799987792969,226,242.699996948242,5,759.400024414062
"464",3231,93,54.7999992370605,7515.7001953125,3530.39990234375,3950,160.699996948242,2807.39990234375
"465",3241,58,41.0999984741211,1073.5,354.399993896484,724.799987792969,161.5,4419.2998046875
"466",3241,93,16.6000003814697,4186.7998046875,1948.5,2146.19995117188,836.5,4644.5
"467",3251,58,31.1000003814697,286.700012207031,89.4000015258789,196.899993896484,38.2000007629395,1153.40002441406
"468",3251,93,14.6999998092651,1199.09997558594,437.299987792969,759.799987792969,157.300003051758,893.599975585938
"469",3253,58,13.1000003814697,135.5,44.0999984741211,92.8000030517578,4.5,260.100006103516
"470",3253,93,8.69999980926514,810.900024414062,260.899993896484,567.799987792969,47.2000007629395,445.200012207031
"471",3255,58,12.3999996185303,163.5,56.5999984741211,104.900001525879,11.8999996185303,898.299987792969
"472",3255,93,5.19999980926514,742.400024414062,367.600006103516,374.700012207031,32.5,389.899993896484
"473",3259,58,13.8000001907349,134.899993896484,38.2000007629395,95.9000015258789,14,566.400024414062
"474",3259,93,1.79999995231628,118.300003051758,47.5999984741211,71.4000015258789,17,169.800003051758
"475",3261,58,9.69999980926514,142.699996948242,52.7999992370605,87.3000030517578,4.40000009536743,157.5
"476",3261,93,9.10000038146973,982.299987792969,278.5,697.5,35.7999992370605,286.899993896484
"477",3262,58,7.19999980926514,47.7000007629395,8.10000038146973,39.2999992370605,1.70000004768372,85.5999984741211
"478",3262,93,5.30000019073486,357.600006103516,82.5999984741211,270.399993896484,14.6000003814697,167.899993896484
"479",3263,58,8.69999980926514,50.2000007629395,13.1999998092651,36.2999992370605,1.70000004768372,47.5
"480",3263,93,0.899999976158142,51.2000007629395,17.1000003814697,34.2000007629395,2.70000004768372,32.2999992370605
"481",3264,58,9.39999961853027,100.099998474121,32,67.8000030517578,2.70000004768372,432.100006103516
"482",3264,93,9.39999961853027,851.5,289.5,565.900024414062,42,541.400024414062
"483",3269,58,9.30000019073486,78.8000030517578,25.2000007629395,54,2.5,330.700012207031
"484",3269,93,12.8999996185303,718,207.899993896484,512.400024414062,24.2000007629395,280.899993896484
"485",3271,58,22.7999992370605,413.700012207031,224.300003051758,190.399993896484,8.5,988
"486",3271,93,16,2125.19995117188,1104.5,1019.40002441406,51.5999984741211,1299.30004882812
"487",3272,58,46.2999992370605,720.099975585938,332.200012207031,391.399993896484,10.6999998092651,1926.80004882812
"488",3272,93,59.9000015258789,6389,2780.69995117188,3625.80004882812,110.699996948242,2855.60009765625
"489",3273,58,62.0999984741211,1687.19995117188,1008.79998779297,679.400024414062,24.3999996185303,3078.89990234375
"490",3273,93,83.8000030517578,12708.099609375,7046.60009765625,5668.60009765625,251.800003051758,6097.60009765625
"491",3274,58,7.19999980926514,130.899993896484,57.5,73.5999984741211,22.1000003814697,276.700012207031
"492",3274,93,5.59999990463257,946.200012207031,480,464.399993896484,228.899993896484,732.5
"493",3275,58,11.5,364.899993896484,146.600006103516,218,15.3000001907349,505.600006103516
"494",3275,93,10.3999996185303,2290.39990234375,1358.69995117188,929.099975585938,227.300003051758,1035
"495",3281,58,20.2999992370605,206.300003051758,77.0999984741211,129,3.90000009536743,268.5
"496",3281,93,12.6000003814697,1025,408.299987792969,614.599975585938,24.3999996185303,449.100006103516
"497",3291,58,24,490.799987792969,211.199996948242,277.700012207031,7.69999980926514,933.5
"498",3291,93,19.8999996185303,3783.39990234375,1589.19995117188,2197,71.5,1633.90002441406
"499",3292,58,22.2999992370605,468,223,243.600006103516,8.69999980926514,583.5
"500",3292,93,0.100000001490116,24.8999996185303,13,9.10000038146973,0.699999988079071,616.400024414062
"501",3295,58,8.30000019073486,219.100006103516,101.5,155.5,8.30000019073486,415
"502",3295,93,9.39999961853027,1847.59997558594,768.799987792969,1085.80004882812,135.899993896484,1087.5
"503",3296,58,11.8999996185303,240.899993896484,107.5,133.5,12.6999998092651,460.100006103516
"504",3296,93,18.8999996185303,3259.39990234375,1364.80004882812,1886.90002441406,258.399993896484,1843.19995117188
"505",3297,58,8,177.600006103516,73.8000030517578,102.400001525879,7.40000009536743,672.099975585938
"506",3297,93,8.60000038146973,1282.5,579,709.700012207031,49.7000007629395,714
"507",3299,58,4.30000019073486,58.9000015258789,26.8999996185303,32,1,54.0999984741211
"508",3299,93,7.40000009536743,821.700012207031,322.399993896484,504,30.7999992370605,364.100006103516
"509",3312,58,511.399993896484,13422.599609375,7472,6062.2001953125,676.200012207031,61909.69921875
"510",3312,93,159.100006103516,44777.1015625,26899.30078125,17908.30078125,3425.80004882812,52533.19921875
"511",3313,58,12.6999998092651,399.100006103516,221.5,178.899993896484,30.5,1073.30004882812
"512",3313,93,4.69999980926514,1165.19995117188,764.400024414062,382,147.100006103516,1016.59997558594
"513",3315,58,19.2999992370605,452.100006103516,260.5,196.199996948242,8.5,761.200012207031
"514",3315,93,25.5,4745.39990234375,2717.10009765625,2042.69995117188,135.300003051758,1712.80004882812
"515",3316,58,10.8999996185303,477.799987792969,338.5,141.5,7.09999990463257,1743.59997558594
"516",3316,93,15.8999996185303,6223.10009765625,4187.2998046875,2017.09997558594,144.600006103516,1830.5
"517",3317,58,23.8999996185303,780.700012207031,496.100006103516,284.100006103516,10.3999996185303,948.099975585938
"518",3317,93,24.2000007629395,5555,3747.60009765625,1833.09997558594,121.5,1733
"519",3321,58,112.699996948242,1434.69995117188,622.700012207031,810.799987792969,58.2000007629395,2889.69995117188
"520",3321,93,77.8000030517578,8602.7998046875,3654.60009765625,4958.7998046875,580.400024414062,9178.900390625
"521",3322,58,20.2000007629395,214.5,86.8000030517578,127.599998474121,13.8999996185303,386.399993896484
"522",3322,93,2.70000004768372,275.299987792969,120.300003051758,156.399993896484,30.7999992370605,739
"523",3324,58,9.80000019073486,118.800003051758,40.5999984741211,76.5,5.59999990463257,390.399993896484
"524",3324,93,18.2000007629395,1686.90002441406,526.5,1112.30004882812,57.9000015258789,733.200012207031
"525",3325,58,39.2999992370605,477.5,163.100006103516,307.399993896484,22.3999996185303,1571.09997558594
"526",3325,93,22.7000007629395,2281.39990234375,928.599975585938,1360.30004882812,125.199996948242,2285.89990234375
"527",3331,58,14.6999998092651,861.099975585938,687.5,166.199996948242,21.7999992370605,596.5
"528",3331,93,5.69999980926514,5596,4527.2998046875,1010.70001220703,145.399993896484,2322.80004882812
"529",3334,58,17.3999996185303,808.799987792969,411.799987792969,383.799987792969,79.1999969482422,4510.60009765625
"530",3334,93,19.3999996185303,5170.5,4015.39990234375,1147.40002441406,1305,5270.39990234375
"531",3339,58,15.1999998092651,622.5,474.799987792969,158.5,31.7000007629395,558.400024414062
"532",3339,93,9.10000038146973,2391.80004882812,1590.90002441406,788.5,176.100006103516,2795.69995117188
"533",3341,58,14.3999996185303,724,581.599975585938,147.300003051758,10.1999998092651,627.599975585938
"534",3341,93,13.3999996185303,5770.39990234375,4394.2001953125,1420,152.800003051758,2046.80004882812
"535",3351,58,40.2999992370605,1209.90002441406,775.599975585938,445.399993896484,22.2999992370605,1406.5
"536",3351,93,19.3999996185303,5998.2001953125,4267.89990234375,1612.5,154.899993896484,2567.10009765625
"537",3353,58,27.6000003814697,918.799987792969,621.799987792969,315.899993896484,17.8999996185303,2470.19995117188
"538",3353,93,24.2000007629395,9672.400390625,6890.2998046875,2691.5,344.299987792969,6767.39990234375
"539",3354,58,17,567.5,384.100006103516,195.100006103516,11,1522.90002441406
"540",3354,93,27,4158.5,2517.19995117188,1664,136.600006103516,2369.19995117188
"541",3355,58,2.29999995231628,76,51.5,26.1000003814697,1.5,188.300003051758
"542",3355,93,1.5,791.400024414062,597,191.399993896484,15.1999998092651,331.100006103516
"543",3356,58,16.6000003814697,486.299987792969,306.600006103516,174.600006103516,8,466.799987792969
"544",3356,93,16.3999996185303,2842.39990234375,1499.40002441406,1340.59997558594,95,1829.40002441406
"545",3357,58,51.9000015258789,1466,941.299987792969,530.099975585938,18.2999992370605,1117
"546",3357,93,60.0999984741211,13618.7998046875,8208.2998046875,5432.7001953125,205.300003051758,5061.60009765625
"547",3363,58,15.5,240.399993896484,117.5,124.400001525879,6.5,660.799987792969
"548",3363,93,27.6000003814697,3035.89990234375,1387.90002441406,1668.40002441406,112.300003051758,1889.09997558594
"549",3364,58,14.1000003814697,190,86.4000015258789,103.199996948242,4.59999990463257,338.100006103516
"550",3364,93,11.6000003814697,1153.69995117188,550,599.099975585938,33.2999992370605,580.700012207031
"551",3365,58,14.5,181.600006103516,81.0999984741211,101.300003051758,4.40000009536743,362.5
"552",3365,93,23.8999996185303,2181.5,994.700012207031,1191.09997558594,87.8000030517578,1044
"553",3366,58,13.8999996185303,203.699996948242,102.199996948242,101.099998474121,4.30000019073486,419.700012207031
"554",3366,93,8.60000038146973,723.299987792969,289.399993896484,436,30.7999992370605,539
"555",3369,58,4.30000019073486,61.9000015258789,21.7000007629395,40.7000007629395,1.20000004768372,113.199996948242
"556",3369,93,3.70000004768372,398.700012207031,140,236.300003051758,9.89999961853027,202.600006103516
"557",3398,58,6.40000009536743,92.1999969482422,32.7000007629395,59.2000007629395,5,691.5
"558",3398,93,17.2000007629395,1954.59997558594,675.200012207031,1285.69995117188,134.899993896484,1317.69995117188
"559",3399,58,3.40000009536743,49,17.3999996185303,31.5,2.70000004768372,346.200012207031
"560",3399,93,13.3999996185303,1914.90002441406,964,956.400024414062,70,1096.90002441406
"561",3411,58,54.2000007629395,1824.09997558594,1169.69995117188,668.599975585938,13,2464.80004882812
"562",3411,93,30.5,11497.7998046875,8359.7998046875,3012.30004882812,209.600006103516,5365.60009765625
"563",3412,58,9.5,250.300003051758,153.100006103516,96.1999969482422,3.09999990463257,228.899993896484
"564",3412,93,6.90000009536743,1128.59997558594,682.700012207031,447.399993896484,26.3999996185303,490
"565",3421,58,11.8000001907349,179.300003051758,51.0999984741211,126.300003051758,1.89999997615814,177.399993896484
"566",3421,93,11.3999996185303,1692.09997558594,435.299987792969,1251.59997558594,20.2000007629395,789.400024414062
"567",3423,58,30.6000003814697,443.100006103516,168.899993896484,269.399993896484,5.59999990463257,688.799987792969
"568",3423,93,40.7000007629395,4458.7998046875,1703.5,2761.10009765625,69.9000015258789,1848.40002441406
"569",3425,58,5.5,87.5999984741211,32.7999992370605,53.7000007629395,1.39999997615814,95.9000015258789
"570",3425,93,8.80000019073486,1075.80004882812,445.100006103516,632,21.2999992370605,455.700012207031
"571",3429,58,88.0999984741211,1347.90002441406,590.700012207031,754.900024414062,14.5,2059.39990234375
"572",3429,93,76.0999984741211,9230,4162,5096.39990234375,120.699996948242,4590.2001953125
"573",3431,58,12.3999996185303,214.899993896484,95.1999969482422,118.599998474121,5.90000009536743,834
"574",3431,93,5.80000019073486,749.599975585938,258.399993896484,480.700012207031,23.8999996185303,524.900024414062
"575",3432,58,14.6999998092651,250.300003051758,131.5,120.599998474121,2.70000004768372,343.700012207031
"576",3432,93,18.6000003814697,3002.69995117188,1398.80004882812,1650.30004882812,30,731.900024414062
"577",3433,58,33.4000015258789,681.700012207031,351.399993896484,323.200012207031,5.09999990463257,948.700012207031
"578",3433,93,18.7999992370605,2416.89990234375,1070.40002441406,1324.59997558594,27.7999992370605,931.200012207031
"579",3441,58,91.3000030517578,1901.09997558594,1017.70001220703,821.599975585938,13,1487.69995117188
"580",3441,93,70.6999969482422,9244.7001953125,5247.5,3926.10009765625,109.699996948242,3622
"581",3442,58,57.9000015258789,1037.40002441406,570.799987792969,469.100006103516,7.69999980926514,711.599975585938
"582",3442,93,66.3000030517578,7284.7001953125,4015.39990234375,3261.10009765625,71.9000015258789,2089.89990234375
"583",3443,58,90.5999984741211,1670,878.400024414062,755,17.7999992370605,1753.80004882812
"584",3443,93,76.1999969482422,8940.900390625,4269.39990234375,4645.7998046875,128.399993896484,4206.39990234375
"585",3444,58,58.7999992370605,1077.80004882812,567.599975585938,516.099975585938,7.59999990463257,870.599975585938
"586",3444,93,106.400001525879,11949.7001953125,5990.2001953125,5983.60009765625,136.600006103516,3367.30004882812
"587",3446,58,21,322.399993896484,145.100006103516,180.899993896484,2.40000009536743,251.199996948242
"588",3446,93,23,2337.69995117188,1103.19995117188,1252.90002441406,29.7999992370605,721.599975585938
"589",3448,58,9.19999980926514,257.100006103516,160.600006103516,95.1999969482422,2.5,159.100006103516
"590",3448,93,23.2000007629395,3313.89990234375,1912.5,1403.40002441406,28.3999996185303,815.799987792969
"591",3449,58,12,337.600006103516,210.800003051758,124.900001525879,3.20000004768372,201.800003051758
"592",3449,93,20.2999992370605,3514.89990234375,2297.69995117188,1251.19995117188,39.2000007629395,906.200012207031
"593",3451,58,31.7999992370605,425.100006103516,175.100006103516,250,4.69999980926514,505.899993896484
"594",3451,93,47.0999984741211,4169.60009765625,1524.19995117188,2655.80004882812,68.0999984741211,1846.30004882812
"595",3452,58,53.2999992370605,880.299987792969,370.600006103516,504.700012207031,11.5,1978
"596",3452,93,43.7000007629395,5373.2001953125,2351.30004882812,3008.19995117188,103.400001525879,3326.19995117188
"597",3462,58,37.7000007629395,687.299987792969,359.700012207031,315.899993896484,26,1850.69995117188
"598",3462,93,23.2999992370605,3336,1720.19995117188,1622.09997558594,158.800003051758,3043.60009765625
"599",3463,58,4.59999990463257,98.6999969482422,58.0999984741211,36.7999992370605,4,295.600006103516
"600",3463,93,7.90000009536743,1329.5,704.5,616.599975585938,44.4000015258789,901.700012207031
"601",3465,58,78.0999984741211,1321.5,1108.40002441406,655.400024414062,15.3999996185303,1707.90002441406
"602",3465,93,108.699996948242,17780.80078125,9689.400390625,8126.7998046875,276.700012207031,12157.7001953125
"603",3466,58,4.90000009536743,82.6999969482422,69.4000015258789,41,1,93.1999969482422
"604",3466,93,4.5,859.700012207031,467.100006103516,382.399993896484,17.2000007629395,451.799987792969
"605",3469,58,42.9000015258789,724.799987792969,607.900024414062,359.5,8.39999961853027,940.099975585938
"606",3469,93,94.1999969482422,10466.599609375,4879.10009765625,5616.60009765625,170.300003051758,4937.7998046875
"607",3471,58,36.5,359.100006103516,106.099998474121,253.800003051758,13.1000003814697,1003.5
"608",3471,93,67.3000030517578,5432.60009765625,1907.5,3539,235.100006103516,2787
"609",3479,58,15.6999998092651,196.399993896484,88.8000030517578,108.400001525879,4.59999990463257,292.700012207031
"610",3479,93,45.7000007629395,5649,2947.39990234375,2713.80004882812,191.800003051758,1876.69995117188
"611",3482,58,9,167.399993896484,75.6999969482422,82.6999969482422,2.59999990463257,309.200012207031
"612",3482,93,7.69999980926514,1021.79998779297,367.399993896484,640,15,479.100006103516
"613",3483,58,11.3000001907349,138.399993896484,52.4000015258789,87,0.899999976158142,428.299987792969
"614",3483,93,18.8999996185303,2601.80004882812,776,1686.80004882812,36.9000015258789,996.5
"615",3484,58,8,79.0999984741211,20.3999996185303,51,1.70000004768372,157.5
"616",3484,93,11.6000003814697,1396.19995117188,401.899993896484,973.5,19.5,531.5
"617",3489,58,15.5,199.699996948242,39.2999992370605,158.5,1.60000002384186,812.599975585938
"618",3489,93,19.2999992370605,1272,356.5,873.799987792969,34.9000015258789,647.700012207031
"619",3491,58,35.7999992370605,617,243.199996948242,365.5,6.90000009536743,993
"620",3491,93,51.7000007629395,7060.5,2820.89990234375,4189.2001953125,88.0999984741211,3080.30004882812
"621",3492,58,21.5,327.899993896484,134.699996948242,188.300003051758,3.79999995231628,511.299987792969
"622",3492,93,27.5,3460.80004882812,1550.09997558594,1941.19995117188,37.7999992370605,1627.90002441406
"623",3493,58,6.80000019073486,120.5,65.5999984741211,54.0999984741211,2.5,86
"624",3493,93,4.40000009536743,551,264.299987792969,288.5,15.1000003814697,307.5
"625",3494,58,19.5,319.100006103516,135.100006103516,178.800003051758,3.79999995231628,411.700012207031
"626",3494,93,17.2999992370605,2041.5,936.700012207031,1101.59997558594,46.2000007629395,1201.30004882812
"627",3495,58,22.3999996185303,352.700012207031,171.699996948242,177.300003051758,3.5,405.700012207031
"628",3495,93,19.2000007629395,2102.80004882812,932,1178,28.2999992370605,998.400024414062
"629",3496,58,33.0999984741211,522.200012207031,254.300003051758,262.600006103516,5.19999980926514,600.400024414062
"630",3496,93,41.2000007629395,3906.89990234375,1849.59997558594,2057.80004882812,63.7999992370605,1533.90002441406
"631",3497,58,3.5,96.4000015258789,59.2000007629395,38.0999984741211,0.699999988079071,117.400001525879
"632",3497,93,11.5,3152.5,1823.19995117188,1313.19995117188,67.5999984741211,970.900024414062
"633",3498,58,15.1999998092651,330,174.699996948242,155.600006103516,2.79999995231628,229.800003051758
"634",3498,93,25.6000003814697,3002.69995117188,1511.59997558594,1460.90002441406,43.5999984741211,1123.30004882812
"635",3499,58,27.5,443.600006103516,198.100006103516,244.899993896484,4.40000009536743,748.400024414062
"636",3499,93,68.8000030517578,7311.7998046875,3366,3953,131.199996948242,2948.10009765625
"637",3511,58,45.2999992370605,961.799987792969,361.100006103516,568.599975585938,9.19999980926514,714
"638",3511,93,26.7000007629395,6234,2684.19995117188,3808.60009765625,77.4000015258789,2690.10009765625
"639",3519,58,52,1055.80004882812,552.299987792969,520.400024414062,8.5,1777.5
"640",3519,93,49.5,12600.2998046875,7544.89990234375,5090.7001953125,127.900001525879,7238.10009765625
"641",3523,58,90.8000030517578,2022.59997558594,1101.80004882812,907.900024414062,18,2585.89990234375
"642",3523,93,63.5,11189.599609375,5507.39990234375,5741.2001953125,109.800003051758,5268.39990234375
"643",3524,58,18.6000003814697,414.399993896484,225.600006103516,186.100006103516,3.70000004768372,520.099975585938
"644",3524,93,25.7000007629395,5828.2998046875,3598.39990234375,2302.89990234375,35.2999992370605,1337.69995117188
"645",3531,58,97,2138.60009765625,1048.59997558594,1038.40002441406,19.2999992370605,1540.5
"646",3531,93,74.6999969482422,15444,8698.099609375,6851.89990234375,140.899993896484,9871.400390625
"647",3532,58,17.7999992370605,342,167.100006103516,165.800003051758,3,221.5
"648",3532,93,12.6000003814697,1881.09997558594,1026.5,838.200012207031,19.1000003814697,1087.59997558594
"649",3533,58,31.8999996185303,585.299987792969,241.899993896484,336.799987792969,5.19999980926514,624.599975585938
"650",3533,93,24.5,3739.80004882812,1587.5,2089.19995117188,48.0999984741211,4344.7001953125
"651",3534,58,9.60000038146973,192.800003051758,71.0999984741211,126.300003051758,1.10000002384186,101.400001525879
"652",3534,93,7.90000009536743,1017,612.599975585938,400.200012207031,8.30000019073486,434.5
"653",3535,58,20.7999992370605,385.700012207031,187,192.899993896484,2.70000004768372,303.899993896484
"654",3535,93,30.6000003814697,4368.10009765625,2167.89990234375,2141.19995117188,28.5,1286.09997558594
"655",3536,58,8.39999961853027,164.600006103516,77.5,81.8000030517578,1.29999995231628,186.800003051758
"656",3536,93,7.19999980926514,974.799987792969,426.100006103516,548.299987792969,10.6999998092651,440.100006103516
"657",3537,58,14.1999998092651,258.200012207031,133.300003051758,112.800003051758,1.79999995231628,153.300003051758
"658",3537,93,20.2999992370605,3199.69995117188,1983.59997558594,1204.69995117188,24.7999992370605,1181.09997558594
"659",3541,58,52.9000015258789,679.799987792969,217.699996948242,421,8,1216.30004882812
"660",3541,93,25.2999992370605,3518,1801.80004882812,1716.30004882812,38.0999984741211,2276.89990234375
"661",3542,58,22.5,317.700012207031,130.100006103516,176,3.20000004768372,763.400024414062
"662",3542,93,12.6999998092651,1712.69995117188,833.400024414062,872.400024414062,19.6000003814697,1012.29998779297
"663",3543,58,8.89999961853027,98.3000030517578,20.7000007629395,78.0999984741211,1,164.600006103516
"664",3543,93,8.30000019073486,576.5,123.699996948242,459.299987792969,8.69999980926514,320.299987792969
"665",3544,58,83.3000030517578,1060.59997558594,275,780.099975585938,11.1999998092651,2859.30004882812
"666",3544,93,117.5,9950.7998046875,2987.69995117188,7026.7001953125,147.600006103516,5946.89990234375
"667",3545,58,41.5,511.5,143.100006103516,348.600006103516,6.59999990463257,986.5
"668",3545,93,43.2999992370605,4002.89990234375,1202.80004882812,2806.10009765625,68.4000015258789,2407.89990234375
"669",3546,58,15.8999996185303,287.799987792969,115.300003051758,158.899993896484,2.79999995231628,517.099975585938
"670",3546,93,17,3480.10009765625,1721.69995117188,1758.30004882812,23.7999992370605,1190.30004882812
"671",3547,58,7.59999990463257,136.699996948242,54.7999992370605,75.5,1.29999995231628,251.800003051758
"672",3547,93,4.19999980926514,545.299987792969,262.100006103516,284.200012207031,8.89999961853027,306.700012207031
"673",3548,58,12.1999998092651,290.200012207031,151.5,137.199996948242,2.40000009536743,293.899993896484
"674",3548,93,20.2999992370605,3100.69995117188,1445.90002441406,1722.5,36.7000007629395,823.900024414062
"675",3549,58,6,99.5,41.0999984741211,52.9000015258789,1,153.800003051758
"676",3549,93,13.8999996185303,1711.40002441406,739.799987792969,1003.29998779297,12.3999996185303,404.100006103516
"677",3552,58,34.2999992370605,376.299987792969,154.199996948242,214.199996948242,4.80000019073486,580.799987792969
"678",3552,93,16.5,1853.40002441406,845.200012207031,1025.69995117188,23.7000007629395,1005.40002441406
"679",3553,58,11.8999996185303,211.5,87.8000030517578,110.800003051758,1.89999997615814,465.799987792969
"680",3553,93,7.59999990463257,1028.19995117188,507,548.799987792969,10.3999996185303,489.399993896484
"681",3554,58,15.6999998092651,310.200012207031,155.600006103516,123.800003051758,2.59999990463257,324.399993896484
"682",3554,93,18.1000003814697,2528.89990234375,1330.5,1206.30004882812,23.7000007629395,926.900024414062
"683",3555,58,19.8999996185303,293.399993896484,107,177.600006103516,2.29999995231628,568.700012207031
"684",3555,93,18.8999996185303,2727.19995117188,1334.5,1393.90002441406,22.2000007629395,1516
"685",3556,58,19.6000003814697,326.700012207031,138.300003051758,186.899993896484,2.5,285.700012207031
"686",3556,93,18.7999992370605,2630.19995117188,1069.30004882812,1569.5,21,717.599975585938
"687",3559,58,60.9000015258789,894.900024414062,374,507.399993896484,9.60000038146973,1720.59997558594
"688",3559,93,84.3000030517578,12917.2001953125,5878.10009765625,7096.60009765625,115,4183.7998046875
"689",3561,58,29.8999996185303,581.900024414062,289.299987792969,276.200012207031,5.19999980926514,556.5
"690",3561,93,36,5594.2998046875,2558.80004882812,3049.19995117188,58.7000007629395,2104.80004882812
"691",3562,58,46.4000015258789,649.599975585938,231.300003051758,407.700012207031,9.60000038146973,1747.40002441406
"692",3562,93,33.7999992370605,4557.39990234375,1778,2746.60009765625,114.800003051758,4085.10009765625
"693",3563,58,17.5,329.200012207031,158.600006103516,159.600006103516,2.90000009536743,366.299987792969
"694",3563,93,24.5,4493.2001953125,2137.80004882812,2310.80004882812,41.2000007629395,1479.30004882812
"695",3564,58,15.8999996185303,271.600006103516,121.599998474121,145.100006103516,2,292.100006103516
"696",3564,93,25.7000007629395,3251,1505.90002441406,1750,28.8999996185303,926.099975585938
"697",3565,58,15.6000003814697,252.5,92.3000030517578,163,1.89999997615814,446.299987792969
"698",3565,93,24.8999996185303,3418.19995117188,1378.40002441406,2010,27.3999996185303,1117.09997558594
"699",3566,58,17.2999992370605,261.299987792969,95.6999969482422,159.399993896484,3.20000004768372,569.900024414062
"700",3566,93,15.6999998092651,1921.5,696.400024414062,1229.5,29.7000007629395,1424
"701",3567,58,10.3000001907349,204.800003051758,101.800003051758,96.5,1.29999995231628,143.399993896484
"702",3567,93,17.7000007629395,2033,869.099975585938,1190.5,20.6000003814697,485.5
"703",3568,58,23.1000003814697,347.799987792969,127.400001525879,212.100006103516,4.30000019073486,769.099975585938
"704",3568,93,21.2999992370605,2462.30004882812,1016.59997558594,1462.59997558594,43.7999992370605,1489.40002441406
"705",3569,58,20.6000003814697,335.299987792969,145,200.100006103516,3.29999995231628,690.400024414062
"706",3569,93,43.7999992370605,5924.60009765625,2578.19995117188,3359.60009765625,64.5999984741211,2178.69995117188
"707",3571,58,40.0999984741211,634.700012207031,289.600006103516,342.5,3.90000009536743,983.799987792969
"708",3571,93,99.5,39176.80078125,23498.599609375,16218.400390625,134.600006103516,14626.400390625
"709",3572,58,11.3999996185303,119.800003051758,61.2999992370605,60.7999992370605,0.800000011920929,278.799987792969
"710",3572,93,43.7999992370605,10395.2998046875,6110,4294.7998046875,60.7000007629395,4430.89990234375
"711",3575,58,5.5,63.5,27.7000007629395,35.0999984741211,0.400000005960464,103.800003051758
"712",3575,93,7.90000009536743,1435,807.799987792969,615.799987792969,13,865.5
"713",3577,58,20,261.600006103516,133.800003051758,128.600006103516,1.79999995231628,314.399993896484
"714",3577,93,59.2999992370605,13366.599609375,8184.2001953125,5182.60009765625,58.7999992370605,4415
"715",3578,58,19.7999992370605,238.199996948242,67.6999969482422,168.899993896484,2,280.100006103516
"716",3578,93,6.59999990463257,1229.40002441406,458.700012207031,772.599975585938,6.5,968.5
"717",3579,58,36.0999984741211,510.899993896484,160.600006103516,348.100006103516,4.09999990463257,620.099975585938
"718",3579,93,26.2000007629395,3645.39990234375,1728.59997558594,1969.59997558594,31.7999992370605,2614.69995117188
"719",3581,58,7.90000009536743,141.600006103516,76.5999984741211,64.6999969482422,0.899999976158142,177.800003051758
"720",3581,93,7.30000019073486,887.200012207031,504.700012207031,385.399993896484,8.39999961853027,430.299987792969
"721",3582,58,6.19999980926514,112.599998474121,51,61.7999992370605,0.800000011920929,117.300003051758
"722",3582,93,4.5,555.099975585938,285.5,273.5,4,189.899993896484
"723",3585,58,79.5,1679.09997558594,930.299987792969,709.799987792969,14.5,1662.59997558594
"724",3585,93,121.900001525879,21529.69921875,11363.599609375,10124.900390625,179,7784.60009765625
"725",3586,58,6.19999980926514,119,53.7999992370605,64.6999969482422,0.800000011920929,136.600006103516
"726",3586,93,6.40000009536743,1137.59997558594,582.400024414062,585.5,8.69999980926514,367.899993896484
"727",3589,58,11.6999998092651,245.199996948242,122,125.199996948242,1.5,200.899993896484
"728",3589,93,40.5,5743.60009765625,2639.69995117188,3171.5,37.2000007629395,1206.09997558594
"729",3592,58,18.8999996185303,242.399993896484,85.1999969482422,157.100006103516,2.70000004768372,375.899993896484
"730",3592,93,17.3999996185303,2330.39990234375,1011,1335.59997558594,48.5,2126.89990234375
"731",3593,58,7.69999980926514,147.800003051758,56.5999984741211,91.6999969482422,1.79999995231628,245.100006103516
"732",3593,93,18.7999992370605,2042.80004882812,928.400024414062,1123.69995117188,31.5,1378.19995117188
"733",3594,58,12.5,203,87.1999969482422,106.199996948242,1.60000002384186,340.100006103516
"734",3594,93,11.6999998092651,1515.59997558594,591.799987792969,922.099975585938,21.8999996185303,1250.40002441406
"735",3596,58,5.30000019073486,78.3000030517578,27.7999992370605,49.0999984741211,0.800000011920929,32.0999984741211
"736",3596,93,5.5,659.200012207031,296.700012207031,371.600006103516,5.40000009536743,208.600006103516
"737",3599,58,87.5,1071.59997558594,372,698.5,11.8000001907349,1638.19995117188
"738",3599,93,258.799987792969,19997.400390625,7010.10009765625,13090.400390625,311.799987792969,9909.900390625
"739",3612,58,35.2999992370605,652.400024414062,260.399993896484,370.5,6.69999980926514,799.700012207031
"740",3612,93,27.8999996185303,3939.5,2094.39990234375,1848.30004882812,49.0999984741211,1367.30004882812
"741",3613,58,46.2000007629395,870.700012207031,348.700012207031,493.299987792969,4.69999980926514,860.799987792969
"742",3613,93,38.5,5849,2396.10009765625,3443.60009765625,50.7999992370605,1686.09997558594
"743",3621,58,93.5,1392.59997558594,545.5,813.099975585938,13.3999996185303,1506.59997558594
"744",3621,93,69.1999969482422,9181.7998046875,4279.39990234375,4915.39990234375,103.5,3584.89990234375
"745",3624,58,8.89999961853027,154.899993896484,59,102.5,8.5,606.5
"746",3624,93,9.89999961853027,1397.69995117188,612.5,788.700012207031,94.8000030517578,1152.5
"747",3625,58,35.7999992370605,518.5,155.899993896484,353.700012207031,3.79999995231628,554.099975585938
"748",3625,93,63.0999984741211,8726.7001953125,3442.19995117188,5275.5,56.7999992370605,2523.89990234375
"749",3629,58,16.7999992370605,228.899993896484,93.0999984741211,137.5,2.70000004768372,451.5
"750",3629,93,18.2000007629395,2332.89990234375,1175.5,1180.30004882812,20.6000003814697,573.900024414062
"751",3631,58,18.2000007629395,364.899993896484,184.899993896484,181.100006103516,4.19999980926514,359.399993896484
"752",3631,93,18.6000003814697,3010.19995117188,1741.5,1330.69995117188,28.8999996185303,1010.09997558594
"753",3632,58,41.5,1002.29998779297,537.599975585938,433.399993896484,11.3999996185303,876
"754",3632,93,27.1000003814697,4463.10009765625,2883.69995117188,1602.40002441406,37.5999984741211,1559.5
"755",3633,58,25,745.799987792969,430.299987792969,328.299987792969,5.69999980926514,650.5
"756",3633,93,13.8000001907349,3871.30004882812,2170,1761.90002441406,30.7999992370605,1055.19995117188
"757",3634,58,29.2000007629395,559.099975585938,245.100006103516,301,4.09999990463257,885.5
"758",3634,93,21.2000007629395,3105.80004882812,1781.19995117188,1328.19995117188,28.5,1072.69995117188
"759",3635,58,5.30000019073486,142,55.4000015258789,84.1999969482422,0.800000011920929,182.100006103516
"760",3635,93,11.3999996185303,2095.60009765625,990.200012207031,1102.59997558594,15.8999996185303,528.299987792969
"761",3639,58,15.5,389.299987792969,216.199996948242,168.600006103516,3.40000009536743,444.600006103516
"762",3639,93,12.3999996185303,3889.19995117188,2302.10009765625,1619.5,23.3999996185303,808.099975585938
"763",3641,58,22.7000007629395,438.600006103516,146.300003051758,280.799987792969,4.19999980926514,455.100006103516
"764",3641,93,16.7999992370605,2900.60009765625,981.5,1911.30004882812,48.5999984741211,1479.5
"765",3643,58,35.7000007629395,501.299987792969,197.899993896484,300.799987792969,3.40000009536743,509.299987792969
"766",3643,93,41.5,4681,1884.69995117188,2783,54.7000007629395,1622.40002441406
"767",3644,58,19.7000007629395,413.799987792969,193,214.600006103516,4.30000019073486,539.900024414062
"768",3644,93,23.3999996185303,3443.19995117188,1471.59997558594,1921.40002441406,56.4000015258789,1194.90002441406
"769",3645,58,14.3000001907349,249.100006103516,126.599998474121,119.800003051758,2.20000004768372,241.600006103516
"770",3645,93,16.2000007629395,1680.09997558594,779.299987792969,916,22.7999992370605,427.600006103516
"771",3646,58,12.8000001907349,223.699996948242,113.599998474121,107.599998474121,2,218.699996948242
"772",3646,93,20.7000007629395,3105,1616.5,1479.19995117188,26.1000003814697,695.700012207031
"773",3647,58,11,191.399993896484,97.1999969482422,92,1.70000004768372,182.899993896484
"774",3647,93,15.8000001907349,2517.5,1312.40002441406,1213,34.7999992370605,918
"775",3648,58,9.30000019073486,162.399993896484,82.5,78.0999984741211,1.5,142.399993896484
"776",3648,93,15.5,2290.10009765625,1170.30004882812,1118.19995117188,22.1000003814697,502.200012207031
"777",3651,58,66.5,1548,936.299987792969,594,4.80000019073486,862.900024414062
"778",3651,93,31.2000007629395,9159.2998046875,6596.7001953125,2567.39990234375,35.5,3081.80004882812
"779",3652,58,7.40000009536743,148.699996948242,58.7000007629395,93.0999984741211,1.5,261.799987792969
"780",3652,93,16.2000007629395,1966.30004882812,720,1241.5,28.6000003814697,972.299987792969
"781",3661,58,80.5,1207,470.399993896484,714,6.90000009536743,2814.39990234375
"782",3661,93,84.9000015258789,21539.80078125,8002.7998046875,13589.900390625,97.3000030517578,9321.2001953125
"783",3663,58,35.7999992370605,738.900024414062,347.5,388.100006103516,2.79999995231628,422.700012207031
"784",3663,93,122.599998474121,20649.900390625,9186,11929.7998046875,122.199996948242,7138.2998046875
"785",3669,58,6.19999980926514,113.699996948242,57.5,56.4000015258789,0.5,43.5
"786",3669,93,23.7000007629395,3349.69995117188,1412.5,1939.5,18.3999996185303,713.400024414062
"787",3671,58,66.4000015258789,806.200012207031,276.799987792969,523.400024414062,9.10000038146973,1170.69995117188
"788",3671,93,20.2000007629395,3051.5,1912.90002441406,1135.80004882812,69.0999984741211,2828.19995117188
"789",3672,58,16.7999992370605,144.300003051758,53.2000007629395,92.4000015258789,1.5,164
"790",3672,93,73.5999984741211,7377.60009765625,3151.19995117188,4160,148.800003051758,3384.89990234375
"791",3674,58,23.3999996185303,250.300003051758,75.5,186.800003051758,4.09999990463257,488
"792",3674,93,162.5,35151.5,8937.5,26465.19921875,466.200012207031,28319.19921875
"793",3675,58,12,131.699996948242,52.0999984741211,80.1999969482422,1.39999997615814,123.300003051758
"794",3675,93,18.7000007629395,1762.80004882812,788.200012207031,979,44.2999992370605,1196.40002441406
"795",3676,58,10.6000003814697,116.099998474121,46,70.6999969482422,1.29999995231628,100.300003051758
"796",3676,93,10.8000001907349,870.5,277.799987792969,598.700012207031,17.2000007629395,820.299987792969
"797",3677,58,9.19999980926514,100.699996948242,39.9000015258789,61.4000015258789,1.10000002384186,86.6999969482422
"798",3677,93,19.7000007629395,1222.90002441406,476.799987792969,745.200012207031,11.3000001907349,523.5
"799",3678,58,13.8999996185303,152.199996948242,60.2999992370605,92.6999969482422,1.70000004768372,137
"800",3678,93,30.7000007629395,4112.2998046875,1514.5,2600,47.7999992370605,1997.30004882812
"801",3679,58,41.0999984741211,477.299987792969,192.199996948242,288.700012207031,5.30000019073486,365.399993896484
"802",3679,93,195.199996948242,27687.099609375,16051.599609375,11148.900390625,294.200012207031,6648.2001953125
"803",3691,58,14.8999996185303,369,211.800003051758,150.100006103516,6,338.299987792969
"804",3691,93,20.8999996185303,3520.30004882812,1711.09997558594,1805.09997558594,88.1999969482422,1777
"805",3692,58,8.10000038146973,138.199996948242,59.5,75.4000015258789,1,106.400001525879
"806",3692,93,10.1000003814697,2158.19995117188,1159.30004882812,1006.20001220703,19.3999996185303,685.099975585938
"807",3694,58,38.0999984741211,606.5,248.100006103516,353.5,4.5,404.700012207031
"808",3694,93,52.7999992370605,7832.7001953125,3918.5,3957.69995117188,65.4000015258789,2694.10009765625
"809",3695,58,6.59999990463257,86.9000015258789,41.7000007629395,43.7999992370605,0.899999976158142,167.800003051758
"810",3695,93,22.2000007629395,4765.5,2406.10009765625,2388,69.0999984741211,2923.5
"811",3699,58,20.2999992370605,320.700012207031,168.5,152.300003051758,1.70000004768372,122.400001525879
"812",3699,93,40.9000015258789,4963,2198.5,2823.30004882812,42,2039
"813",3711,58,307.200012207031,11718.2001953125,7982.2001953125,3659.19995117188,140.199996948242,23982.5
"814",3711,93,224.199996948242,167825.796875,120458.796875,47272,679.099975585938,39136.69921875
"815",3713,58,13,174.800003051758,81,99.8000030517578,1.5,250.800003051758
"816",3713,93,34.9000015258789,5876,3503.10009765625,2366.39990234375,46.2000007629395,858.900024414062
"817",3714,58,238.800003051758,9111.900390625,6206.7998046875,2845.30004882812,2.40000009536743,18602.30078125
"818",3714,93,417.100006103516,85696.203125,49857.6015625,36164.5,1077.30004882812,36892
"819",3715,58,15.6999998092651,334.700012207031,206.300003051758,131.100006103516,2.09999990463257,635.400024414062
"820",3715,93,27.8999996185303,4172.2001953125,3105.60009765625,1070.5,23.3999996185303,793.299987792969
"821",3716,58,7.09999990463257,136.5,85.1999969482422,46.7999992370605,1.5,93.0999984741211
"822",3716,93,18.2000007629395,3795,2810.19995117188,957.599975585938,13,285
"823",3721,58,377.399993896484,6438.10009765625,3038.89990234375,3399.19995117188,25.6000003814697,5539
"824",3721,93,241.199996948242,55119.80078125,33206.3984375,22903.30078125,295.5,14073.2998046875
"825",3724,58,126.800003051758,2799.89990234375,1370.5,1288.09997558594,21.7000007629395,2607.60009765625
"826",3724,93,102.900001525879,18946.099609375,8873.7998046875,10047.099609375,194.600006103516,8692
"827",3728,58,183.100006103516,2611.39990234375,1008.59997558594,1526.59997558594,16.7000007629395,2556.19995117188
"828",3728,93,139.399993896484,18264.30078125,5691.5,11638.099609375,233.399993896484,9208.2001953125
"829",3731,58,119.099998474121,1625.59997558594,711.900024414062,913.700012207031,16.7999992370605,2756.80004882812
"830",3731,93,111.5,9964,4006.80004882812,5957.2001953125,115.099998474121,4873.39990234375
"831",3732,58,25.2999992370605,329,178.800003051758,157.300003051758,2.59999990463257,1066.59997558594
"832",3732,93,47,4975.2998046875,2919.39990234375,2066.89990234375,42.0999984741211,1384.5
"833",3743,58,39.5999984741211,969.700012207031,535.599975585938,319.700012207031,9.30000019073486,1409.90002441406
"834",3743,93,29,5309.5,3160.30004882812,2190.89990234375,53.7000007629395,1766
"835",3751,58,7.59999990463257,121,68.8000030517578,51.9000015258789,1.10000002384186,622.299987792969
"836",3751,93,14.1000003814697,2565.60009765625,1362,1241,13,437.200012207031
"837",3761,58,154.300003051758,3156.60009765625,1072.80004882812,2082.89990234375,10.6000003814697,2881.19995117188
"838",3761,93,86.5999984741211,15799.599609375,5804.5,10090.2001953125,135.899993896484,7820.10009765625
"839",3764,58,32.2999992370605,712.200012207031,348.600006103516,327.600006103516,5.5,583.900024414062
"840",3764,93,29.2000007629395,6201,1255.59997558594,4282.2001953125,50.9000015258789,2118
"841",3769,58,45.9000015258789,655,253,382.899993896484,4.19999980926514,563.299987792969
"842",3769,93,12.3000001907349,2014.90002441406,778.299987792969,1289.19995117188,19.2000007629395,1112.59997558594
"843",3792,58,6.09999990463257,147.899993896484,104.900001525879,42.7000007629395,0.699999988079071,138.800003051758
"844",3792,93,16.2999992370605,2319,1512.30004882812,806.099975585938,10.8999996185303,480.799987792969
"845",3795,58,7.09999990463257,212.399993896484,143.899993896484,63.7000007629395,1.39999997615814,66.5999984741211
"846",3795,93,9.89999961853027,2043.09997558594,908.200012207031,1147.90002441406,10.6999998092651,575.700012207031
"847",3799,58,3.5,67,39.9000015258789,27.3999996185303,0.699999988079071,83.4000015258789
"848",3799,93,21.8999996185303,3806.89990234375,2422,1407.90002441406,23,557.299987792969
"849",3812,58,128.600006103516,2146.39990234375,895.400024414062,1239.30004882812,8.30000019073486,1063.40002441406
"850",3812,93,225.100006103516,33546.19921875,8844.2001953125,24031.30078125,290,14954.7998046875
"851",3821,58,23.2999992370605,335.100006103516,128,212.199996948242,2.09999990463257,100.900001525879
"852",3821,93,16.8999996185303,2172.69995117188,818.299987792969,1364.30004882812,18.8999996185303,780.299987792969
"853",3822,58,25.5,359.399993896484,103.800003051758,259,2.40000009536743,243
"854",3822,93,24.3999996185303,2812.89990234375,1069.19995117188,1732.90002441406,27.7000007629395,1003.20001220703
"855",3823,58,25.8999996185303,376.899993896484,136.199996948242,237.100006103516,2.29999995231628,370.700012207031
"856",3823,93,50,6356.10009765625,2118.80004882812,4238,53.4000015258789,2013.90002441406
"857",3824,58,7.59999990463257,109.900001525879,39.7000007629395,69.0999984741211,0.699999988079071,116.099998474121
"858",3824,93,15.8000001907349,2823.80004882812,1333.30004882812,1486.30004882812,22.2999992370605,587.900024414062
"859",3825,58,46.2000007629395,663.400024414062,231.699996948242,413.100006103516,3.79999995231628,863.400024414062
"860",3825,93,64.9000015258789,8746.099609375,3102.80004882812,5594.2001953125,70.3000030517578,3895.69995117188
"861",3826,58,26.7999992370605,513.099975585938,244.300003051758,272.200012207031,2.90000009536743,370.700012207031
"862",3826,93,40.2999992370605,5657.2998046875,2286.60009765625,3356.80004882812,38.2999992370605,1580.40002441406
"863",3827,58,17.1000003814697,275.200012207031,124.400001525879,150.399993896484,1.5,247.899993896484
"864",3827,93,20.7999992370605,2553.89990234375,962.200012207031,1592.90002441406,37.7000007629395,857.400024414062
"865",3829,58,21.6000003814697,315.700012207031,116.400001525879,197.399993896484,1.89999997615814,272.700012207031
"866",3829,93,35.7000007629395,4286.60009765625,1541.90002441406,2748.69995117188,43.2999992370605,1585.80004882812
"867",3841,58,10.3000001907349,130.5,48.9000015258789,85.1999969482422,1,125
"868",3841,93,103.099998474121,15113,4534.60009765625,10664.2001953125,113.199996948242,4103
"869",3842,58,24.2000007629395,461.799987792969,200.399993896484,257.600006103516,2.90000009536743,387.700012207031
"870",3842,93,98,14553,5238.2001953125,9276.099609375,107.099998474121,3654.39990234375
"871",3843,58,7.19999980926514,115.699996948242,44.9000015258789,71.5999984741211,0.800000011920929,61.7999992370605
"872",3843,93,15.3999996185303,2011.90002441406,752.400024414062,1264.59997558594,15,502.100006103516
"873",3844,58,1.20000004768372,28.7999992370605,13.1000003814697,15.1999998092651,0.200000002980232,13.6999998092651
"874",3844,93,14.1999998092651,3372.30004882812,1586.19995117188,1770.80004882812,20.6000003814697,524.299987792969
"875",3845,58,4.09999990463257,66.3000030517578,22.6000003814697,43.2000007629395,0.400000005960464,49.0999984741211
"876",3845,93,39.9000015258789,7186.2998046875,2318.80004882812,4863.5,41.2000007629395,1691.19995117188
"877",3851,58,18.2000007629395,194.399993896484,62,136.699996948242,2.20000004768372,458.5
"878",3851,93,32,2983.89990234375,838.200012207031,2173.39990234375,31.7000007629395,1135.90002441406
"879",3861,58,60.2999992370605,1204.90002441406,412.299987792969,788.799987792969,9.89999961853027,1760.30004882812
"880",3861,93,75.6999969482422,22367.80078125,6750.5,15916.7998046875,193.800003051758,10552.7001953125
"881",3873,58,26.2000007629395,369.600006103516,173.100006103516,183.600006103516,1.89999997615814,252.300003051758
"882",3873,93,7.09999990463257,842.900024414062,399.899993896484,438.799987792969,8.69999980926514,377.700012207031
"883",3911,58,21.2000007629395,327.299987792969,160.5,166.600006103516,1.39999997615814,314.600006103516
"884",3911,93,34,4278.10009765625,2441.89990234375,1871.80004882812,18.2999992370605,499.299987792969
"885",3914,58,13.8999996185303,196.100006103516,85.1999969482422,109.699996948242,2.40000009536743,278.799987792969
"886",3914,93,6.69999980926514,674.900024414062,288.399993896484,392.299987792969,11.5,314.5
"887",3915,58,6.09999990463257,97.9000015258789,54.7999992370605,41.4000015258789,0.800000011920929,73.1999969482422
"888",3915,93,6.59999990463257,908.400024414062,580.299987792969,355.899993896484,5.5,157.199996948242
"889",3931,58,16.1000003814697,236.800003051758,114.300003051758,120.900001525879,1.79999995231628,180.699996948242
"890",3931,93,12.5,1036.80004882812,411.600006103516,629.799987792969,11.6000003814697,366.700012207031
"891",3942,58,13.8999996185303,161.899993896484,85.0999984741211,77.0999984741211,1,162.899993896484
"892",3942,93,4.19999980926514,272.600006103516,90.0999984741211,183.199996948242,3.90000009536743,184.399993896484
"893",3944,58,47.7000007629395,614.5,296.700012207031,320.600006103516,5.09999990463257,491.600006103516
"894",3944,93,34.7999992370605,4695.60009765625,2192.5,2545.19995117188,57.0999984741211,1787.59997558594
"895",3949,58,37.2000007629395,577.799987792969,269.5,314.100006103516,4,428.899993896484
"896",3949,93,64.4000015258789,8459.400390625,3834.10009765625,4626,77.5999984741211,1754
"897",3951,58,11.6999998092651,156.300003051758,60,94.1999969482422,0.899999976158142,170
"898",3951,93,8.19999980926514,1133.90002441406,469.799987792969,647.599975585938,12.3999996185303,482.799987792969
"899",3952,58,6.69999980926514,98.5,49.0999984741211,47.9000015258789,0.899999976158142,95.3000030517578
"900",3952,93,7.40000009536743,1047.5,446,608.200012207031,10,228.199996948242
"901",3953,58,4.90000009536743,53.9000015258789,18,35.9000015258789,0.5,50.7999992370605
"902",3953,93,7.40000009536743,516.799987792969,187.300003051758,328.299987792969,7.40000009536743,141.399993896484
"903",3955,58,5.80000019073486,126,68,59,0.800000011920929,120.699996948242
"904",3955,93,7,806.799987792969,446.200012207031,352.299987792969,9.69999980926514,238.699996948242
"905",3961,58,25.2999992370605,253.800003051758,116,138,1.70000004768372,286.799987792969
"906",3961,93,17.1000003814697,1429.30004882812,538,895.5,12.3999996185303,323
"907",3965,58,24.2999992370605,289.100006103516,124.199996948242,165.699996948242,2.79999995231628,262.899993896484
"908",3965,93,10.1999998092651,923,394.899993896484,531.099975585938,21,727.799987792969
"909",3991,58,17.1000003814697,275.700012207031,137.100006103516,137.5,1.70000004768372,136.699996948242
"910",3991,93,13.5,1443.59997558594,635.5,811.599975585938,16.7000007629395,448
"911",3993,58,36.2000007629395,457,179.100006103516,281.200012207031,4,501.600006103516
"912",3993,93,68,5777.2998046875,2462.5,3350,64.6999969482422,1345.40002441406
"913",3995,58,17.3999996185303,237.800003051758,109.900001525879,128.899993896484,1.89999997615814,207.399993896484
"914",3995,93,8,1118.59997558594,431.899993896484,693.5,12.8000001907349,465.700012207031
"915",3996,58,8,181.600006103516,87.0999984741211,93.0999984741211,4,197.600006103516
"916",3996,93,6.80000019073486,1563,624.5,931,41.5,724.400024414062
"917",3999,58,51.2000007629395,622.400024414062,287.100006103516,345.700012207031,5.5,417.899993896484
"918",3999,93,62.4000015258789,6280,2717.10009765625,3626.19995117188,71,1690.5
