"","month","iso_code","date","location","total_cases","total_deaths","total_cases_per_million","total_deaths_per_million","total_tests","total_tests_per_thousand","total_vaccinations","total_boosters","total_vaccinations_per_hundred","total_boosters_per_hundred","population","population_density","continent","cs","L1vax","vax","lndeaths","deaths","lnvax","period"
"1","2021-11","ABW",2021-11-27,"Aruba",0,0,0,0,0,0,161611,0,150.76,0,107195,584.8,"North America",NA,NA,150.76,0,0,5.02230032562676,1
"2","2021-02","AFG",2021-02-28,"Afghanistan",55714,2443,1398.604,61.327,0,0,8200,0,0.02,0,39835428,54.422,"Asia",NA,0,0.02,4.13239471874634,61.327,0.0198026272961797,1
"3","2021-09","AFG",2021-09-30,"Afghanistan",155174,7204,3895.377,180.844,0,0,2369625,0,5.95,0,39835428,54.422,"Asia",NA,4.97,5.95,5.20314917666267,180.844,1.9387416595767,2
"4","2021-02","AGO",2021-02-28,"Angola",20807,508,613.168,14.97,0,0,0,0,0,0,33933611,23.89,"Africa",2375,0,0,2.77071196222692,14.97,0,1
"5","2021-05","AGO",2021-05-31,"Angola",34551,766,1018.194,22.573,0,0,909215,0,2.68,0,33933611,23.89,"Africa",4274,0,2.68,3.16010198928981,22.573,1.30291275218084,2
"6","2021-02","AIA",2021-02-28,"Anguilla",0,0,0,0,0,0,0,0,0,0,15125,NA,"North America",NA,NA,0,0,0,0,1
"7","2021-11","AIA",2021-11-19,"Anguilla",0,0,0,0,0,0,19066,0,126.06,0,15125,NA,"North America",NA,0,126.06,0,0,4.84465941583839,2
"8","2021-02","ALB",2021-02-28,"Albania",107167,1796,37302.284,625.145,444449,154.702,0,0,0,0,2872934,104.871,"Europe",NA,0,0,6.43958197367112,625.145,0,1
"9","2021-09","ALB",2021-09-30,"Albania",170131,2698,59218.555,939.11,NA,NA,1741373,0,60.61,0,2872934,104.871,"Europe",NA,51.25,60.61,6.84599688969419,939.11,4.12082419502648,2
"10","2021-02","AND",2021-02-28,"Andorra",10866,110,140471.081,1422.034,0,0,0,0,0,0,77354,163.755,"Europe",761,0,0,7.26054649098783,1422.034,0,1
"11","2021-10","AND",2021-10-31,"Andorra",15516,130,200584.327,1680.585,NA,NA,104534,0,135.14,0,77354,163.755,"Europe",1773,NA,135.14,7.42749208000678,1680.585,4.9136837680198,2
"12","2021-02","ARE",2021-02-28,"United Arab Emirates",391524,1221,39187.343,122.209,30665851,3069.322,6020461,0,60.26,0,9991083,112.442,"Asia",NA,33.37,60.26,4.81388210037931,122.209,4.11512710140463,1
"13","2021-10","ARE",2021-10-31,"United Arab Emirates",739905,2136,74056.536,213.791,93319178,9340.246,21124819,NA,211.44,NA,9991083,112.442,"Asia",NA,200.7,211.44,5.36966546231556,213.791,5.3586595955542,2
"14","2021-02","ARG",2021-02-28,"Argentina",2107365,51965,46208.244,1139.438,7730455,169.506,1025003,0,2.25,0,45605823,16.177,"South America",NA,NA,2.25,7.03916767812489,1139.438,1.17865499634165,1
"15","2021-11","ARG",2021-11-27,"Argentina",5325560,116517,116773.685,2554.871,NA,NA,67632308,1769744,148.3,3.88,45605823,16.177,"South America",NA,131.68,148.3,7.84614834474023,2554.871,5.00595770454514,2
"16","2021-02","ARM",2021-02-28,"Armenia",172058,3192,57968.524,1075.425,729267,245.699,0,0,0,0,2968128,102.931,"Asia",15785,0,0,6.98140064414974,1075.425,0,1
"17","2021-10","ARM",2021-10-31,"Armenia",308326,6328,103878.943,2131.984,2097421,706.648,831856,0,28.03,0,2968128,102.931,"Asia",53465,NA,28.03,7.66527721727116,2131.984,3.36832977803654,2
"18","2021-02","ATG",2021-02-28,"Antigua and Barbuda",730,14,7394.052,141.804,0,0,0,0,0,0,98728,231.845,"North America",NA,0,0,4.96147306071766,141.804,0,1
"19","2021-08","ATG",2021-08-31,"Antigua and Barbuda",1715,44,17370.959,445.669,0,0,75069,0,76.04,0,98728,231.845,"North America",NA,NA,76.04,6.1018178281438,445.669,4.34432476748987,2
"20","2021-02","AUS",2021-02-28,"Australia",28978,909,1123.691,35.249,14349465,556.435,34630,0,0.13,0,25788217,3.202,"Oceania",NA,0,0.13,3.59041179471328,35.249,0.122217632724249,1
"21","2021-11","AUS",2021-11-27,"Australia",207984,1994,8065.079,77.322,NA,NA,39062854,411864,151.48,1.6,25788217,3.202,"Oceania",NA,138.06,151.48,4.3608285341577,77.322,5.02703343990589,2
"22","2021-02","AUT",2021-02-28,"Austria",459440,8561,50805.744,946.692,14907781,1648.531,708030,65,7.83,0,9043072,106.749,"Europe",NA,2.91,7.83,6.8540295549506,946.692,2.17815501461587,1
"23","2021-11","AUT",2021-11-27,"Austria",1132805,12349,125267.719,1365.576,NA,NA,13670540,1773597,151.17,19.61,9043072,106.749,"Europe",NA,127.77,151.17,7.22006362036018,1365.576,5.02499831693202,2
"24","2021-02","AZE",2021-02-28,"Azerbaijan",234537,3220,22941.319,314.965,0,0,0,0,0,0,10223344,119.309,"Asia",12993,0,0,5.75563144795896,314.965,0,1
"25","2021-11","AZE",2021-11-27,"Azerbaijan",584121,7789,57136.002,761.884,NA,NA,10460120,833399,102.32,8.15,10223344,119.309,"Asia",63011,94.5,102.32,6.63710598827172,761.884,4.63783096822764,2
"26","2021-02","BDI",2021-02-28,"Burundi",2209,3,180.247,0.245,0,0,0,0,0,0,12255429,423.062,"Africa",NA,0,0,0.219135529916671,0.245,0,1
"27","2021-11","BDI",2021-11-27,"Burundi",20386,38,1663.426,3.101,0,0,0,0,0,0,12255429,423.062,"Africa",NA,0,0,1.41123084640992,3.101,0,2
"28","2021-02","BEL",2021-02-28,"Belgium",771511,22077,66324.695,1897.899,9500604,816.741,874481,0,7.52,0,11632334,375.564,"Europe",NA,2.96,7.52,7.54902952351056,1897.899,2.14241634084122,1
"29","2021-10","BEL",2021-10-31,"Belgium",1360650,25994,116971.366,2234.633,21934319,1885.634,16908582,657348,145.36,5.65,11632334,375.564,"Europe",NA,143.25,145.36,7.71227968842455,2234.633,4.98606934015101,2
"30","2021-02","BEN",2021-02-28,"Benin",5434,70,436.43,5.622,0,0,0,0,0,0,12451031,99.11,"Africa",NA,0,0,1.89039743912505,5.622,0,1
"31","2021-11","BEN",2021-11-27,"Benin",24850,161,1995.819,12.931,0,0,0,0,0,0,12451031,99.11,"Africa",NA,0,0,2.63411657272409,12.931,0,2
"32","2021-09","BES",2021-09-01,"Bonaire Sint Eustatius and Saba",0,0,0,0,0,0,35845,0,135.55,0,26445,NA,"North America",NA,0,135.55,0,0,4.91669084791971,1
"33","2021-02","BFA",2021-02-28,"Burkina Faso",11982,142,557.378,6.606,0,0,0,0,0,0,21497097,70.151,"Africa",811,0,0,2.02893740950607,6.606,0,1
"34","2021-08","BFA",2021-08-31,"Burkina Faso",13777,171,640.877,7.955,0,0,108799,0,0.51,0,21497097,70.151,"Africa",1788,0,0.51,2.19221203551268,7.955,0.412109650826833,2
"35","2021-02","BGD",2021-02-28,"Bangladesh",546216,8408,3284.453,50.558,4041098,24.3,3110525,0,1.87,0,166303494,1265.036,"Asia",51974,0,1.87,3.94270738755914,50.558,1.05431202977153,1
"36","2021-11","BGD",2021-11-27,"Bangladesh",1575579,27975,9474.118,168.217,NA,NA,93786656,0,56.39,0,166303494,1265.036,"Asia",229825,42.4,56.39,5.13118191493831,168.217,4.04987007212027,2
"37","2021-02","BGR",2021-02-28,"Bulgaria",247038,10191,35819.974,1477.673,1662699,241.088,212445,0,3.08,0,6896655,65.18,"Europe",34407,0.6,3.08,7.29890034293094,1477.673,1.40609698841607,1
"38","2021-11","BGR",2021-11-27,"Bulgaria",688628,28043,99849.565,4066.174,NA,NA,3290556,0,47.71,0,6896655,65.18,"Europe",209797,41.47,47.71,8.31070368837045,4066.174,3.88588434781845,2
"39","2021-11","BHR",2021-11-27,"Bahrain",277552,1394,158755.816,797.348,NA,NA,2899607,0,165.85,0,1748295,1935.907,"Asia",NA,158.52,165.85,6.68254459261567,797.348,5.11709520519738,1
"40","2021-02","BHS",2021-02-28,"Bahamas",8519,179,21463.088,450.979,0,0,0,0,0,0,396914,39.497,"North America",NA,0,0,6.11363571857593,450.979,0,1
"41","2021-07","BHS",2021-07-31,"Bahamas",14840,287,37388.452,723.079,0,0,106898,0,26.93,0,396914,39.497,"North America",NA,0,26.93,6.5849005024551,723.079,3.32970137995709,2
"42","2021-02","BIH",2021-02-28,"Bosnia and Herzegovina",130979,5071,40135.022,1553.873,NA,NA,0,0,0,0,3263459,68.496,"Europe",19940,0,0,7.34914914925227,1553.873,0,1
"43","2021-10","BIH",2021-10-31,"Bosnia and Herzegovina",252758,11495,77450.95,3522.336,NA,NA,1479596,0,45.34,0,3263459,68.496,"Europe",95599,0,45.34,8.16716354705492,3522.336,3.83600551900423,2
"44","2021-02","BLR",2021-02-28,"Belarus",287306,1976,30425.717,209.258,NA,NA,0,0,0,0,9442867,46.858,"Europe",NA,0,0,5.34833534806972,209.258,0,1
"45","2021-11","BLR",2021-11-27,"Belarus",650168,5041,68852.818,533.842,NA,NA,0,0,0,0,9442867,46.858,"Europe",NA,0,0,6.28197137617557,533.842,0,2
"46","2021-02","BLZ",2021-02-28,"Belize",12293,315,30359.458,777.941,0,0,0,0,0,0,404915,16.426,"North America",NA,0,0,6.65793530487667,777.941,0,1
"47","2021-03","BLZ",2021-03-31,"Belize",12456,317,30762.012,782.88,0,0,22067,0,5.45,0,404915,16.426,"North America",NA,0,5.45,6.66425594741085,782.88,1.86408013080768,2
"48","2021-02","BMU",2021-02-28,"Bermuda",0,0,0,0,0,0,0,0,0,0,62092,1308.82,"North America",NA,0,0,0,0,0,1
"49","2021-11","BMU",2021-11-05,"Bermuda",0,0,0,0,0,0,101341,5512,163.21,8.88,62092,1308.82,"North America",NA,NA,163.21,0,0,5.10114609650375,2
"50","2021-02","BOL",2021-02-28,"Bolivia",249010,11649,21043.805,984.456,718999,60.763,NA,0,0,0,11832936,10.202,"South America",66348,0,0,6.89310447820894,984.456,0,1
"51","2021-10","BOL",2021-10-31,"Bolivia",513584,18925,43402.922,1599.349,2611933,220.734,7818347,329432,66.07,2.78,11832936,10.202,"South America",196780,NA,66.07,7.37797700944207,1599.349,4.20573685011165,2
"52","2021-02","BRA",2021-02-28,"Brazil",10551259,254942,49306.46,1191.354,34725552,162.274,8433568,0,3.94,0,213993441,25.04,"South America",NA,0.97,3.94,7.08368478340128,1191.354,1.59736533119983,1
"53","2021-10","BRA",2021-10-31,"Brazil",21810855,607824,101923.007,2840.386,NA,NA,275907676,8140564,128.93,3.8,213993441,25.04,"South America",NA,110.95,128.93,7.95204724027725,2840.386,4.86699584389465,2
"54","2021-02","BRB",2021-02-28,"Barbados",3068,33,10663.589,114.7,0,0,38615,0,13.42,0,287708,664.463,"North America",NA,0,13.42,4.75100063419963,114.7,2.6686161318568,1
"55","2021-10","BRB",2021-10-31,"Barbados",17763,153,61739.681,531.789,0,0,275933,0,95.91,0,287708,664.463,"North America",NA,84.08,95.91,6.27812547336741,531.789,4.57378271274646,2
"56","2021-02","BRN",2021-02-28,"Brunei",186,3,421.261,6.795,0,0,0,0,0,0,441532,81.347,"Asia",31,0,0,2.05348250250974,6.795,0,1
"57","2021-09","BRN",2021-09-30,"Brunei",7116,42,16116.612,95.123,0,0,493587,0,111.79,0,441532,81.347,"Asia",97,74.25,111.79,4.56562862136748,95.123,4.72552768265183,2
"58","2021-02","BTN",2021-02-28,"Bhutan",867,1,1111.681,1.282,528646,677.838,0,0,0,0,779900,21.188,"Asia",NA,0,0,0.825052251439884,1.282,0,1
"59","2021-10","BTN",2021-10-31,"Bhutan",2621,3,3360.687,3.847,1200767,1539.642,1148146,0,147.22,0,779900,21.188,"Asia",NA,NA,147.22,1.57835995686324,3.847,4.99869765652321,2
"60","2021-02","BWA",2021-02-28,"Botswana",28371,310,11834.86,129.315,NA,NA,0,0,0,0,2397240,4.044,"Africa",572,0,0,4.86995459646138,129.315,0,1
"61","2021-09","BWA",2021-09-30,"Botswana",179220,2368,74760.975,987.803,NA,NA,629604,0,26.26,0,2397240,4.044,"Africa",10024,NA,26.26,6.89649512067941,987.803,3.30542042626839,2
"62","2021-02","CAF",2021-02-28,"Central African Republic",5004,63,1017.076,12.805,0,0,0,0,0,0,4919987,7.479,"Africa",NA,0,0,2.62503084538212,12.805,0,1
"63","2021-09","CAF",2021-09-30,"Central African Republic",11371,100,2311.185,20.325,0,0,207004,0,4.21,0,4919987,7.479,"Africa",NA,NA,4.21,3.05988009337774,20.325,1.65057985576528,2
"64","2021-02","CAN",2021-02-28,"Canada",871243,21995,22886.545,577.783,24444017,642.116,1914342,13,5.03,0,38067913,4.037,"North America",NA,2.55,5.03,6.36092762321334,577.783,1.79674701073909,1
"65","2021-11","CAN",2021-11-27,"Canada",1792561,29681,47088.502,779.686,NA,NA,60340980,1111084,158.51,2.92,38067913,4.037,"North America",NA,154.11,158.51,6.66017302034089,779.686,5.07210661618436,2
"66","2021-02","CHE",2021-02-28,"Switzerland",554932,10016,63671.893,1149.218,4690272,538.153,809525,0,9.29,0,8715494,214.243,"Europe",NA,3.53,9.29,7.04770676860947,1149.218,2.33117254984596,1
"67","2021-10","CHE",2021-10-31,"Switzerland",872558,11234,100115.725,1288.969,11288786,1295.255,11096393,0,127.32,0,8715494,214.243,"Europe",NA,120.12,127.32,7.16237346605922,1288.969,4.8545271441182,2
"68","2021-02","CHL",2021-02-28,"Chile",824625,20572,42921.584,1070.769,9358875,487.128,3372901,0,17.56,0,19212362,24.282,"South America",NA,0.35,17.56,6.97706583333588,1070.769,2.92100872735805,1
"69","2021-10","CHL",2021-10-31,"Chile",1695048,37757,88226.945,1965.245,23333898,1214.525,36935827,5882390,192.25,30.62,19212362,24.282,"South America",NA,168.75,192.25,7.58388091145762,1965.245,5.26398468746753,2
"70","2021-02","CHN",2021-02-28,"China",89960,4636,62.29,3.21,0,0,52520000,0,3.64,0,1444216102,147.674,"Asia",57330,1.66,3.64,1.43746264769429,3.21,1.53471436623816,1
"71","2021-11","CHN",2021-11-27,"China",98708,4636,68.347,3.21,0,0,2482895000,0,171.92,0,1444216102,147.674,"Asia",99054,157.46,171.92,1.43746264769429,3.21,5.15282905979943,2
"72","2021-02","CIV",2021-02-28,"Cote d'Ivoire",32754,192,1210.706,7.097,423731,15.663,0,0,0,0,27053629,76.399,"Africa",1196,0,0,2.09149362270398,7.097,0,1
"73","2021-10","CIV",2021-10-31,"Cote d'Ivoire",61297,695,2265.759,25.69,1090833,40.321,3232947,0,11.95,0,27053629,76.399,"Africa",4433,7.9,11.95,3.28428896341643,25.69,2.56109578814555,2
"74","2021-02","CMR",2021-02-28,"Cameroon",35714,551,1311.845,20.239,0,0,0,0,0,0,27224262,50.885,"Africa",4115,0,0,3.05583911428611,20.239,0,1
"75","2021-05","CMR",2021-05-31,"Cameroon",78929,1275,2899.215,46.833,0,0,75215,0,0.28,0,27224262,50.885,"Africa",7218,0,0.28,3.86771577786617,46.833,0.246860077931526,2
"76","2021-02","COD",2021-02-28,"Democratic Republic of Congo",25913,707,280.511,7.653,0,0,0,0,0,0,92377986,35.879,"Africa",3635,0,0,2.1579060816246,7.653,0,1
"77","2021-09","COD",2021-09-30,"Democratic Republic of Congo",56937,1084,616.348,11.734,0,0,136094,0,0.15,0,92377986,35.879,"Africa",10031,0.11,0.15,2.54427558159483,11.734,0.139761942375159,2
"78","2021-02","COG",2021-02-28,"Congo",8820,128,1559.126,22.627,0,0,0,0,0,0,5657017,15.405,"Africa",NA,0,0,3.16239012588134,22.627,0,1
"79","2021-09","COG",2021-09-30,"Congo",14244,193,2517.935,34.117,0,0,346613,0,6.13,0,5657017,15.405,"Africa",NA,NA,6.13,3.558685343706,34.117,1.9643112344262,2
"80","2021-11","COK",2021-11-08,"Cook Islands",0,0,0,0,0,0,24326,0,138.44,0,17572,NA,"Oceania",NA,NA,138.44,0,0,4.93763440121177,1
"81","2021-02","COL",2021-02-28,"Colombia",2251690,59766,43921.839,1165.806,11422582,222.811,130578,0,0.25,0,51265841,44.223,"South America",285389,0,0.25,7.0620253802498,1165.806,0.22314355131421,1
"82","2021-10","COL",2021-10-31,"Colombia",5002387,127281,97577.391,2482.764,26752248,521.834,47404063,0,92.47,0,51265841,44.223,"South America",1117097,NA,92.47,7.81753043048829,2482.764,4.53764052919449,2
"83","2021-02","COM",2021-02-28,"Comoros",3571,144,4019.332,162.079,0,0,0,0,0,0,888456,437.352,"Africa",NA,0,0,5.09423474597248,162.079,0,1
"84","2021-05","COM",2021-05-31,"Comoros",3881,146,4368.252,164.33,0,0,83907,0,9.44,0,888456,437.352,"Africa",NA,0,9.44,5.10794347656325,164.33,2.34564458245449,2
"85","2021-02","CPV",2021-02-28,"Cape Verde",15400,147,27406.963,261.612,0,0,0,0,0,0,561901,135.58,"Africa",738,0,0,5.57067765770201,261.612,0,1
"86","2021-10","CPV",2021-10-31,"Cape Verde",38215,349,68010.201,621.106,0,0,511628,0,91.05,0,561901,135.58,"Africa",2972,74.79,91.05,6.43311049622611,621.106,4.52233190767909,2
"87","2021-02","CRI",2021-02-28,"Costa Rica",204341,2800,39762.384,544.847,579897,112.841,0,0,0,0,5139053,96.079,"North America",12224,0,0,6.30233871669579,544.847,0,1
"88","2021-11","CRI",2021-11-27,"Costa Rica",566560,7287,110245.993,1417.966,NA,NA,0,0,0,0,5139053,96.079,"North America",58358,0,0,7.2576837163374,1417.966,0,2
"89","2021-02","CUB",2021-02-28,"Cuba",49779,322,4398.41,28.452,2411287,213.058,0,0,0,0,11317498,110.408,"North America",1484,0,0,3.38276181950647,28.452,0,1
"90","2021-10","CUB",2021-10-31,"Cuba",952001,8236,84117.62,727.723,NA,NA,25800950,0,227.97,0,11317498,110.408,"North America",28527,188.14,227.97,6.59129368723563,727.723,5.43359099060561,2
"91","2021-11","CUW",2021-11-27,"Curacao",0,0,0,0,0,0,197869,0,120.07,0,164796,362.644,"North America",NA,NA,120.07,0,0,4.79636889071965,1
"92","2021-02","CYM",2021-02-28,"Cayman Islands",0,0,0,0,0,0,0,0,0,0,66498,256.496,"North America",NA,0,0,0,0,0,1
"93","2021-11","CYM",2021-11-19,"Cayman Islands",0,0,0,0,0,0,121080,0,182.08,0,66498,256.496,"North America",NA,NA,182.08,0,0,5.20992321578544,2
"94","2021-02","CYP",2021-02-28,"Cyprus",34935,232,38989.738,258.927,2300160,2567.129,0,0,0,0,896005,127.657,"Europe",743,0,0,5.5604008223617,258.927,0,1
"95","2021-06","CYP",2021-06-30,"Cyprus",76552,375,85437.023,418.524,8220767,9174.912,809234,0,90.32,0,896005,127.657,"Europe",2045,0,90.32,6.03912073523621,418.524,4.5143698216616,2
"96","2021-02","CZE",2021-02-28,"Czechia",1235480,20339,115201.072,1896.489,0,0,669575,0,6.24,0,10724553,137.176,"Europe",NA,2.62,6.24,7.54828671215153,1896.489,1.97962120639763,1
"97","2021-11","CZE",2021-11-27,"Czechia",2110274,32744,196770.346,3053.181,0,0,13358175,780366,124.56,7.28,10724553,137.176,"Europe",NA,114.41,124.56,8.02426675055808,3053.181,4.83278373197375,2
"98","2021-02","DEU",2021-02-28,"Germany",2450295,70152,29204.782,836.134,45135704,537.967,6332564,27,7.55,0,83900471,237.016,"Europe",NA,3.03,7.55,6.729984153255,836.134,2.14593128294867,1
"99","2021-10","DEU",2021-10-31,"Germany",4607958,95735,54921.718,1141.054,79116296,942.978,112005778,2082455,133.5,2.48,83900471,237.016,"Europe",NA,128.73,133.5,7.04058367456213,1141.054,4.90156419904189,2
"100","2021-02","DJI",2021-02-28,"Djibouti",6066,63,6052.702,62.862,0,0,0,0,0,0,1002197,41.285,"Africa",NA,0,0,4.15672450530546,62.862,0,1
"101","2021-11","DJI",2021-11-27,"Djibouti",13504,186,13474.397,185.592,0,0,0,0,0,0,1002197,41.285,"Africa",NA,0,0,5.22892441503975,185.592,0,2
"102","2021-02","DMA",2021-02-28,"Dominica",142,0,1967.522,0,0,0,0,0,0,0,72172,98.567,"North America",NA,0,0,0,0,0,1
"103","2021-05","DMA",2021-05-31,"Dominica",188,0,2604.888,0,0,0,37080,0,51.38,0,72172,98.567,"North America",NA,NA,51.38,0,0,3.95852483907957,2
"104","2021-02","DNK",2021-02-28,"Denmark",211883,2362,36447.96,406.31,16921420,2910.81,588460,12,10.12,0,5813302,136.52,"Europe",NA,0,10.12,6.0095745662803,406.31,2.40874528882244,1
"105","2021-10","DNK",2021-10-31,"Denmark",390727,2716,67212.576,467.204,42977411,7392.943,9158815,310276,157.55,5.34,5813302,136.52,"Europe",NA,152.32,157.55,6.14890409837786,467.204,5.06607000098436,2
"106","2021-02","DOM",2021-02-28,"Dominican Republic",239617,3100,21875.411,283.009,1210716,110.53,0,0,0,0,10953714,222.873,"North America",19332,0,0,5.64900592779993,283.009,0,1
"107","2021-10","DOM",2021-10-31,"Dominican Republic",381667,4130,34843.616,377.041,NA,NA,13277959,1223723,121.22,11.17,10953714,222.873,"North America",49734,108.82,121.22,5.93500265534608,377.041,4.80582269946677,2
"108","2021-02","DZA",2021-02-28,"Algeria",113092,2983,2534.75,66.858,0,0,0,0,0,0,44616626,17.348,"Africa",NA,0,0,4.2174172864785,66.858,0,1
"109","2021-11","DZA",2021-11-27,"Algeria",209980,6052,4706.317,135.645,0,0,0,0,0,0,44616626,17.348,"Africa",NA,0,0,4.91738632187663,135.645,0,2
"110","2021-02","ECU",2021-02-28,"Ecuador",286155,15811,15996.613,883.865,956265,53.457,76547,0,0.43,0,17888474,66.939,"South America",103308,0.04,0.43,6.78543509099928,883.865,0.357674444271816,1
"111","2021-10","ECU",2021-10-31,"Ecuador",515859,32958,28837.507,1842.415,1831975,102.411,22597171,58948,126.32,0.33,17888474,66.939,"South America",310513,116.82,126.32,7.51937510866435,1842.415,4.84670360241389,2
"112","2021-02","EGY",2021-02-28,"Egypt",182424,10688,1749.731,102.515,0,0,0,0,0,0,104258327,97.999,"Africa",NA,0,0,4.63971652974068,102.515,0,1
"113","2021-09","EGY",2021-09-30,"Egypt",304524,17331,2920.86,166.231,0,0,16959764,0,16.27,0,104258327,97.999,"Africa",NA,0,16.27,5.11937609016347,166.231,2.84897089215859,2
"114","2021-02","ERI",2021-02-28,"Eritrea",2847,7,790.512,1.944,0,0,0,0,0,0,3601462,44.304,"Africa",NA,0,0,1.07976920086663,1.944,0,1
"115","2021-11","ERI",2021-11-27,"Eritrea",7305,60,2028.343,16.66,0,0,0,0,0,0,3601462,44.304,"Africa",NA,0,0,2.87130219517581,16.66,0,2
"116","2021-02","ESP",2021-02-28,"Spain",3188553,69142,68211.33,1479.125,NA,NA,3829465,0,8.19,0,46745211,93.105,"Europe",NA,3.44,8.19,7.29988182265112,1479.125,2.2181159363676,1
"117","2021-09","ESP",2021-09-30,"Spain",4959091,86415,106087.68,1848.639,59398003,1270.676,70153507,0,150.08,0,46745211,93.105,"Europe",NA,141.47,150.08,7.5227457638959,1848.639,5.01780949784426,2
"118","2021-02","EST",2021-02-28,"Estonia",65600,589,49502.41,444.465,943228,711.769,112687,0,8.5,0,1325188,31.033,"Europe",NA,2.91,8.5,6.0991186804127,444.465,2.2512917986065,1
"119","2021-11","EST",2021-11-27,"Estonia",221160,1789,166889.528,1349.997,NA,NA,1477600,0,111.5,0,1325188,31.033,"Europe",NA,108.15,111.5,7.20859811738038,1349.997,4.72295322164447,2
"120","2021-02","ETH",2021-02-28,"Ethiopia",159072,2365,1349.483,20.063,2134587,18.109,0,0,0,0,117876226,104.957,"Africa",NA,0,0,3.04751794670322,20.063,0,1
"121","2021-10","ETH",2021-10-31,"Ethiopia",365167,6459,3097.885,54.795,NA,NA,4774947,0,4.05,0,117876226,104.957,"Africa",NA,3.14,4.05,4.02168425963766,54.795,1.61938824328727,2
"122","2021-02","FIN",2021-02-28,"Finland",57672,742,10394.421,133.733,3372721,607.877,451999,0,8.15,0,5548361,18.136,"Europe",NA,NA,8.15,4.90329504227559,133.733,2.21375387928743,1
"123","2021-11","FIN",2021-11-27,"Finland",182284,1309,32853.666,235.926,NA,NA,8313949,0,149.85,0,5548361,18.136,"Europe",NA,146.26,149.85,5.46774785609231,235.926,5.01628596560507,2
"124","2021-02","FJI",2021-02-28,"Fiji",59,2,65.345,2.215,30607,33.899,0,0,0,0,902899,49.562,"Oceania",NA,0,0,1.16782735768958,2.215,0,1
"125","2021-08","FJI",2021-08-31,"Fiji",46716,496,51740.006,549.342,NA,NA,825552,0,91.43,0,902899,49.562,"Oceania",NA,0,91.43,6.31053990315952,549.342,4.52645160127669,2
"126","2021-02","FLK",2021-02-28,"Falkland Islands",0,0,0,0,0,0,0,0,0,0,3528,NA,"South America",NA,NA,0,0,0,0,1
"127","2021-04","FLK",2021-04-14,"Falkland Islands",0,0,0,0,0,0,4407,0,124.91,0,3528,NA,"South America",NA,0,124.91,0,0,4.83556736601361,2
"128","2021-02","FRA",2021-02-28,"France",3815688,86579,56474.954,1281.432,0,0,4726254,6,7,0,67564251,122.578,"Europe",NA,2.54,7,7.15651355419674,1281.432,2.07944154167984,1
"129","2021-10","FRA",2021-10-31,"France",7268527,118625,107579.48,1755.736,0,0,99301745,3061058,146.97,4.53,67564251,122.578,"Europe",NA,140.78,146.97,7.47121282077913,1755.736,4.99700955051444,2
"130","2021-02","FRO",2021-02-28,"Faeroe Islands",0,0,0,0,0,0,0,0,0,0,49053,35.308,"Europe",NA,0,0,0,0,0,1
"131","2021-11","FRO",2021-11-05,"Faeroe Islands",0,0,0,0,0,0,78347,0,159.72,0,49053,35.308,"Europe",NA,158.1,159.72,0,0,5.07966372050668,2
"132","2021-02","FSM",2021-02-28,"Micronesia (country)",1,0,8.602,0,0,0,0,0,0,0,116255,150.777,"Oceania",NA,0,0,0,0,0,1
"133","2021-11","FSM",2021-11-27,"Micronesia (country)",1,0,8.602,0,0,0,0,0,0,0,116255,150.777,"Oceania",NA,0,0,0,0,0,2
"134","2021-02","GAB",2021-02-28,"Gabon",14564,83,6391.002,36.422,0,0,0,0,0,0,2278829,7.859,"Africa",549,0,0,3.62225876677204,36.422,0,1
"135","2021-09","GAB",2021-09-30,"Gabon",30155,186,13232.673,81.621,NA,NA,180320,0,7.91,0,2278829,7.859,"Africa",1633,NA,7.91,4.41426388550224,81.621,2.18717424148272,2
"136","2021-02","GBR",2021-02-28,"United Kingdom",4188827,123083,61413.345,1804.548,77738395,1139.74,21091267,0,30.92,0,68207114,272.898,"Europe",NA,14.35,30.92,7.49861942579752,1804.548,3.46323277258161,1
"137","2021-10","GBR",2021-10-31,"United Kingdom",9100442,141055,133423.648,2068.039,301910735,4426.382,103814905,8115229,152.21,11.9,68207114,272.898,"Europe",NA,138.74,152.21,7.63483952725373,2068.039,5.03180952932766,2
"138","2021-02","GEO",2021-02-28,"Georgia",270758,3510,68033.529,881.96,0,0,0,0,0,0,3979773,65.032,"Asia",NA,0,0,6.78327989946463,881.96,0,1
"139","2021-08","GEO",2021-08-31,"Georgia",549811,7408,138151.347,1861.413,8e+06,2010.165,1210746,0,30.42,0,3979773,65.032,"Asia",NA,12.1,30.42,7.52962823775331,1861.413,3.44744463282748,2
"140","2021-02","GGY",2021-02-28,"Guernsey",0,0,0,0,0,0,0,0,0,0,63385,NA,"Europe",NA,0,0,0,0,0,1
"141","2021-11","GGY",2021-11-22,"Guernsey",0,0,0,0,0,0,104131,0,164.28,0,63385,NA,"Europe",NA,NA,164.28,0,0,5.10764100537133,2
"142","2021-02","GHA",2021-02-28,"Ghana",84023,607,2647.884,19.129,910673,28.699,0,0,0,0,31732128,126.719,"Africa",2930,0,0,3.0021615613189,19.129,0,1
"143","2021-05","GHA",2021-05-31,"Ghana",93898,785,2959.083,24.738,NA,NA,1228216,0,3.87,0,31732128,126.719,"Africa",5237,0,3.87,3.24796849907147,24.738,1.5830939370945,2
"144","2021-02","GIB",2021-02-28,"Gibraltar",0,0,0,0,0,0,36808,0,109.25,0,33691,3457.1,"Europe",NA,39.43,109.25,0,0,4.70275051432696,1
"145","2021-11","GIB",2021-11-24,"Gibraltar",0,0,0,0,0,0,96771,16046,287.23,47.63,33691,3457.1,"Europe",NA,NA,287.23,0,0,5.66375877252688,2
"146","2021-02","GIN",2021-02-28,"Guinea",15992,89,1184.835,6.594,0,0,0,0,0,0,13497237,51.755,"Africa",NA,0,0,2.02735846180961,6.594,0,1
"147","2021-10","GIN",2021-10-31,"Guinea",30653,385,2271.057,28.524,0,0,2247181,0,16.65,0,13497237,51.755,"Africa",NA,13.38,16.65,3.38520349190781,28.524,2.87073578337931,2
"148","2021-02","GMB",2021-02-28,"Gambia",4712,150,1894.7,60.315,0,0,0,0,0,0,2486937,207.566,"Africa",866,0,0,4.11602451121399,60.315,0,1
"149","2021-10","GMB",2021-10-31,"Gambia",9965,340,4006.937,136.714,118928,47.821,265620,0,10.68,0,2486937,207.566,"Africa",2774,NA,10.68,4.92517907086428,136.714,2.45787797740008,2
"150","2021-02","GNB",2021-02-28,"Guinea-Bissau",3262,48,1618.465,23.816,0,0,0,0,0,0,2015490,66.191,"Africa",NA,0,0,3.21148860643418,23.816,0,1
"151","2021-10","GNB",2021-10-31,"Guinea-Bissau",6134,141,3043.429,69.958,0,0,139369,0,6.91,0,2015490,66.191,"Africa",NA,0,6.91,4.26208815271123,69.958,2.06812778177956,2
"152","2021-02","GNQ",2021-02-28,"Equatorial Guinea",6005,91,4141.691,62.763,0,0,0,0,0,0,1449891,45.194,"Africa",NA,0,0,4.15517308481799,62.763,0,1
"153","2021-09","GNQ",2021-09-30,"Equatorial Guinea",12362,147,8526.158,101.387,223075,153.856,397083,0,27.39,0,1449891,45.194,"Africa",NA,NA,27.39,4.62875975142118,101.387,3.34603697048488,2
"154","2021-11","GRC",2021-11-27,"Greece",920683,17861,88776.922,1722.248,NA,NA,14132796,1241427,136.28,11.97,10370747,83.479,"Europe",NA,122.37,136.28,7.45196616116738,1722.248,4.92202263573965,1
"155","2021-02","GRD",2021-02-28,"Grenada",148,1,1309.561,8.848,0,0,0,0,0,0,113015,317.132,"North America",NA,0,0,2.28726838888215,8.848,0,1
"156","2021-11","GRD",2021-11-27,"Grenada",5888,200,52099.279,1769.677,0,0,0,0,0,0,113015,317.132,"North America",NA,0,0,7.47911723831451,1769.677,0,2
"157","2021-02","GRL",2021-02-28,"Greenland",0,0,0,0,0,0,0,0,0,0,56868,0.137,"North America",NA,0,0,0,0,0,1
"158","2021-11","GRL",2021-11-25,"Greenland",0,0,0,0,0,0,77655,0,136.55,0,56868,0.137,"North America",NA,NA,136.55,0,0,4.92398748737058,2
"159","2021-02","GTM",2021-02-28,"Guatemala",174542,6393,9564.014,350.304,904782,49.577,0,0,0,0,18249868,157.834,"North America",NA,0,0,5.86165194548649,350.304,0,1
"160","2021-10","GTM",2021-10-31,"Guatemala",601572,15094,32963.088,827.074,2910582,159.485,8596046,0,47.1,0,18249868,157.834,"North America",NA,38.23,47.1,6.7191025223725,827.074,3.87328217711172,2
"161","2021-02","GUY",2021-02-28,"Guyana",8585,195,10862.565,246.733,0,0,0,0,0,0,790329,3.952,"South America",984,0,0,5.51235155329778,246.733,0,1
"162","2021-08","GUY",2021-08-31,"Guyana",25548,622,32325.778,787.014,0,0,474491,0,60.04,0,790329,3.952,"South America",3532,NA,60.04,6.66951585619752,787.014,4.1115293869762,2
"163","2021-02","HKG",2021-02-28,"Hong Kong",11005,199,1457.076,26.348,9148459,1211.267,20701,0,0.27,0,7552800,7039.714,"Asia",NA,0,0.27,3.30864340005155,26.348,0.2390169004705,1
"164","2021-11","HKG",2021-11-27,"Hong Kong",12424,213,1644.953,28.201,NA,NA,9394395,0,124.38,0,7552800,7039.714,"Asia",NA,119.74,124.38,3.37420295526318,28.201,4.83134912584582,2
"165","2021-02","HND",2021-02-28,"Honduras",170304,4151,16923.79,412.501,0,0,2684,0,0.03,0,10062994,82.805,"North America",22828,0,0.03,6.02465993284051,412.501,0.0295588022415444,1
"166","2021-05","HND",2021-05-31,"Honduras",238227,6353,23673.571,631.323,0,0,317257,0,3.15,0,10062994,82.805,"North America",39067,NA,3.15,6.44940033954139,631.323,1.42310833424261,2
"167","2021-02","HRV",2021-02-28,"Croatia",242973,5526,59528.03,1353.862,1344652,329.438,0,0,0,0,4081657,73.726,"Europe",NA,0,0,7.21145488310879,1353.862,0,1
"168","2021-10","HRV",2021-10-31,"Croatia",470348,9220,115234.573,2258.887,NA,NA,3616491,0,88.6,0,4081657,73.726,"Europe",NA,84.2,88.6,7.72307009101629,2258.887,4.49535531998088,2
"169","2021-02","HTI",2021-02-28,"Haiti",12430,250,1076.966,21.661,0,0,0,0,0,0,11541683,398.448,"North America",NA,0,0,3.12064538525279,21.661,0,1
"170","2021-10","HTI",2021-10-31,"Haiti",23960,671,2075.954,58.137,0,0,135597,0,1.17,0,11541683,398.448,"North America",NA,NA,1.17,4.0798567860494,58.137,0.774727167552368,2
"171","2021-02","HUN",2021-02-28,"Hungary",428599,14974,44487.419,1554.261,3209506,333.138,936938,0,9.73,0,9634162,108.043,"Europe",47023,3.1,9.73,7.34939865618799,1554.261,2.37304355664261,1
"172","2021-10","HUN",2021-10-31,"Hungary",863419,30729,89620.561,3189.587,NA,NA,12744317,1221000,132.28,12.67,9634162,108.043,"Europe",276028,NA,132.28,8.06796019138984,3189.587,4.89245217841853,2
"173","2021-02","IDN",2021-02-28,"Indonesia",1334634,36166,4829.3,130.865,0,0,2690163,0,0.97,0,276361788,145.725,"Asia",147821,0.19,0.97,4.88177867197125,130.865,0.678033542749897,1
"174","2021-11","IDN",2021-11-27,"Indonesia",4255672,143807,15398.916,520.358,NA,NA,232869968,0,84.26,0,276361788,145.725,"Asia",999562,69.97,84.26,6.25643694589585,520.358,4.44570541133706,2
"175","2021-02","IMN",2021-02-28,"Isle of Man",0,0,0,0,0,0,21452,0,25.12,0,85410,147.872,"Europe",NA,0,25.12,0,0,3.26270130440823,1
"176","2021-11","IMN",2021-11-26,"Isle of Man",0,0,0,0,0,0,133094,0,155.83,0,85410,147.872,"Europe",NA,NA,155.83,0,0,5.05516241614633,2
"177","2021-02","IND",2021-02-28,"India",11112241,157157,7974.859,112.786,216231106,155.181,14301266,0,1.03,0,1393409033,450.419,"Asia",NA,0.27,1.03,4.7343194912772,112.786,0.708035793053696,1
"178","2021-11","IND",2021-11-27,"India",34572523,468554,24811.468,336.265,NA,NA,1212493046,0,87.02,0,1393409033,450.419,"Asia",NA,76.26,87.02,5.82086897148944,336.265,4.47756406138295,2
"179","2021-02","IRL",2021-02-28,"Ireland",219592,4319,44069.081,866.764,3536698,709.766,466827,0,9.37,0,4982904,69.874,"Europe",NA,4.13,9.37,6.7659197882908,866.764,2.33891702224144,1
"180","2021-09","IRL",2021-09-30,"Ireland",389932,5249,78253.966,1053.402,7461509,1497.422,7242423,5798,145.35,0.12,4982904,69.874,"Europe",NA,138.04,145.35,6.9607290605598,1053.402,4.9860010131379,2
"181","2021-02","IRN",2021-02-28,"Iran",1631169,60073,19183.733,706.502,NA,NA,0,0,0,0,85028760,49.831,"Asia",348454,0,0,6.56174045636852,706.502,0,1
"182","2021-04","IRN",2021-04-30,"Iran",2499077,71758,29390.961,843.926,NA,NA,1068123,0,1.26,0,85028760,49.831,"Asia",482877,0,1.26,6.73924904955785,843.926,0.815364813284194,2
"183","2021-02","IRQ",2021-02-28,"Iraq",695489,13406,16889.266,325.552,6846243,166.254,0,0,0,0,41179351,88.125,"Asia",NA,0,0,5.78858920096626,325.552,0,1
"184","2021-11","IRQ",2021-11-27,"Iraq",2079084,23772,50488.508,577.28,NA,NA,0,0,0,0,41179351,88.125,"Asia",NA,0,0,6.36005818044024,577.28,0,2
"185","2021-02","ISL",2021-02-28,"Iceland",6049,29,17617.078,84.459,278100,809.937,0,0,0,0,343360,3.404,"Europe",NA,0,0,4.44803672876665,84.459,0,1
"186","2021-09","ISL",2021-09-30,"Iceland",11801,33,34369.175,96.109,637370,1856.273,554603,50626,161.52,14.74,343360,3.404,"Europe",NA,153.61,161.52,4.57583405895258,96.109,5.09080107111953,2
"187","2021-02","ISR",2021-02-28,"Israel",775807,5752,83500.915,619.094,12944036,1393.18,8128247,0,87.49,0,9291000,402.606,"Asia",NA,53.39,87.49,6.42987107945029,619.094,4.48288955127926,1
"188","2021-11","ISR",2021-11-27,"Israel",1341881,8184,144428.049,880.852,NA,NA,16148161,4069085,173.8,43.8,9291000,402.606,"Asia",NA,171.52,173.8,6.78202424147321,880.852,5.16364246322143,2
"189","2021-02","ITA",2021-02-28,"Italy",2925265,97699,48457.637,1618.405,40132887,664.81,4429753,0,7.34,0,60367471,205.859,"Europe",NA,3.38,7.34,7.38981407681054,1618.405,2.12106321637066,1
"190","2021-11","ITA",2021-11-27,"Italy",4994891,133627,82741.432,2213.56,NA,NA,95412569,5791668,158.05,9.59,60367471,205.859,"Europe",NA,148.88,158.05,7.70280901714839,2213.56,5.06921861819515,2
"191","2021-02","JAM",2021-02-28,"Jamaica",23263,422,7823.54,141.922,NA,NA,0,0,0,0,2973462,266.879,"North America",1703,0,0,4.96229902690001,141.922,0,1
"192","2021-11","JAM",2021-11-27,"Jamaica",91122,2385,30645.086,802.095,NA,NA,1100168,0,37,0,2973462,266.879,"North America",14298,30.94,37,6.6884730133003,802.095,3.63758615972639,2
"193","2021-11","JEY",2021-11-21,"Jersey",0,0,0,0,0,0,183066,0,181.12,0,101073,NA,"Europe",NA,170.89,181.12,0,0,5.20466581046658,1
"194","2021-11","JOR",2021-11-27,"Jordan",939293,11515,91468.594,1121.334,NA,NA,7836747,0,76.31,0,10269022,109.285,"Asia",105169,72.81,76.31,7.02316572449338,1121.334,4.34782331333238,1
"195","2021-02","JPN",2021-02-28,"Japan",432636,7897,3432.235,62.649,7734523,61.36,0,0,0,0,126050796,347.778,"Asia",NA,0,0,4.15338361396091,62.649,0,1
"196","2021-10","JPN",2021-10-31,"Japan",1722343,18264,13663.88,144.894,25317162,200.849,189319619,0,150.19,0,126050796,347.778,"Asia",NA,130.79,150.19,4.98288033062555,144.894,5.01853732399211,2
"197","2021-02","KAZ",2021-02-28,"Kazakhstan",262715,3389,13830.776,178.416,7581855,399.151,0,0,0,0,18994958,6.681,"Asia",18962,0,0,5.18970713182399,178.416,0,1
"198","2021-11","KAZ",2021-11-27,"Kazakhstan",1052622,17765,55415.864,935.248,NA,NA,16746560,0,88.16,0,18994958,6.681,"Asia",118997,83.09,88.16,6.84188039864757,935.248,4.49043250851767,2
"199","2021-02","KEN",2021-02-28,"Kenya",105973,1856,1927.283,33.754,NA,NA,0,0,0,0,54985702,87.324,"Africa",9598,0,0,3.54829467330006,33.754,0,1
"200","2021-10","KEN",2021-10-31,"Kenya",253310,5281,4606.834,96.043,NA,NA,5321880,0,9.68,0,54985702,87.324,"Africa",40342,6.84,9.68,4.5751541792445,96.043,2.36837283353205,2
"201","2021-02","KGZ",2021-02-28,"Kyrgyzstan",86251,1466,13012.445,221.171,0,0,0,0,0,0,6628347,32.333,"Asia",NA,0,0,5.40344735563666,221.171,0,1
"202","2021-11","KGZ",2021-11-27,"Kyrgyzstan",183207,2740,27639.923,413.376,0,0,1991733,0,30.05,0,6628347,32.333,"Asia",NA,26.27,30.05,6.02677377421022,413.376,3.43559880837949,2
"203","2021-02","KHM",2021-02-28,"Cambodia",820,0,48.388,0,0,0,69777,0,0.41,0,16946446,90.672,"Asia",NA,0,0.41,0,0,0.343589704390077,1
"204","2021-10","KHM",2021-10-31,"Cambodia",118522,2788,6993.915,164.518,NA,NA,27582895,1860725,162.77,10.98,16946446,90.672,"Asia",NA,143.23,162.77,5.10907995023234,164.518,5.09846300446178,2
"205","2021-11","KIR",2021-11-27,"Kiribati",2,0,16.476,0,0,0,0,0,0,0,121388,143.701,"Oceania",NA,0,0,0,0,0,1
"206","2021-02","KNA",2021-02-28,"Saint Kitts and Nevis",41,0,765.697,0,0,0,0,0,0,0,53546,212.865,"North America",NA,0,0,0,0,0,1
"207","2021-07","KNA",2021-07-31,"Saint Kitts and Nevis",593,3,11074.59,56.027,0,0,43640,0,81.5,0,53546,212.865,"North America",NA,78.16,81.5,4.04352483989213,56.027,4.41279829334063,2
"208","2021-02","KOR",2021-02-28,"South Korea",90031,1605,1754.813,31.283,6576117,128.176,35514,0,0.07,0,51305184,527.967,"Asia",NA,0,0.07,3.47454077588637,31.283,0.0676586484738149,1
"209","2021-10","KOR",2021-10-31,"South Korea",366386,2858,7141.306,55.706,NA,NA,78496140,84864,153,0.17,51305184,527.967,"Asia",NA,124.25,153,4.03788002524097,55.706,5.03695260241363,2
"210","2021-02","KWT",2021-02-28,"Kuwait",190852,1083,44091.409,250.199,1784499,412.262,0,0,0,0,4328553,232.128,"Asia",NA,0,0,5.5262454536944,250.199,0,1
"211","2021-11","KWT",2021-11-27,"Kuwait",413266,2465,95474.4,569.474,NA,NA,0,0,0,0,4328553,232.128,"Asia",NA,0,0,6.34646759420576,569.474,0,2
"212","2021-02","LAO",2021-02-28,"Laos",45,0,6.098,0,0,0,0,0,0,0,7379358,29.715,"Asia",NA,0,0,0,0,0,1
"213","2021-08","LAO",2021-08-31,"Laos",15015,14,2034.73,1.897,NA,NA,4238543,0,57.44,0,7379358,29.715,"Asia",NA,27.79,57.44,1.06367571878721,1.897,4.0680005868825,2
"214","2021-02","LBN",2021-02-28,"Lebanon",375050,4692,55405.767,693.145,0,0,40593,0,0.6,0,6769151,594.561,"Asia",NA,0,0.6,6.54268087240077,693.145,0.470003629245736,1
"215","2021-11","LBN",2021-11-27,"Lebanon",666768,8701,98500.979,1285.39,0,0,3569293,0,52.73,0,6769151,594.561,"Asia",NA,NA,52.73,7.15959512476265,1285.39,3.98397150474073,2
"216","2021-02","LBR",2021-02-28,"Liberia",2010,85,388.015,16.409,0,0,0,0,0,0,5180208,49.127,"Africa",NA,0,0,2.85698731387658,16.409,0,1
"217","2021-10","LBR",2021-10-31,"Liberia",5812,287,1121.963,55.403,0,0,438430,0,8.46,0,5180208,49.127,"Africa",NA,NA,8.46,4.03252234857876,55.403,2.24707238306379,2
"218","2021-02","LBY",2021-02-28,"Libya",133338,2179,19161.784,313.14,0,0,0,0,0,0,6958538,3.623,"Africa",NA,0,0,5.74983874641489,313.14,0,1
"219","2021-10","LBY",2021-10-31,"Libya",357338,5099,51352.454,732.769,0,0,1988280,0,28.57,0,6958538,3.623,"Africa",NA,0,28.57,6.59819426518525,732.769,3.38676033386439,2
"220","2021-02","LCA",2021-02-28,"Saint Lucia",3390,35,18383.848,189.804,0,0,0,0,0,0,184401,293.187,"North America",NA,0,0,5.25124672315502,189.804,0,1
"221","2021-09","LCA",2021-09-30,"Saint Lucia",11459,201,62141.745,1090.016,0,0,78510,0,42.58,0,184401,293.187,"North America",NA,NA,42.58,6.99486465117008,1090.016,3.77459832951647,2
"222","2021-02","LIE",2021-02-28,"Liechtenstein",2648,55,69221.519,1437.758,28324,740.419,2601,0,6.8,0,38254,237.012,"Europe",NA,2.2,6.8,7.27153552040291,1437.758,2.05412373369555,1
"223","2021-10","LIE",2021-10-31,"Liechtenstein",3662,61,95728.551,1594.604,73189,1913.238,48727,0,127.38,0,38254,237.012,"Europe",NA,122.5,127.38,7.37500762692207,1594.604,4.85499461588363,2
"224","2021-02","LKA",2021-02-28,"Sri Lanka",83094,464,3865.322,21.584,2112747,98.28,466350,0,2.17,0,21497306,341.955,"Asia",NA,0.28,2.17,3.11724169095119,21.584,1.15373158788919,1
"225","2021-09","LKA",2021-09-30,"Sri Lanka",517377,12906,24067.062,600.354,5281658,245.689,26233218,0,122.03,0,21497306,341.955,"Asia",NA,93.63,122.03,6.39918377943484,600.354,4.81242822807208,2
"226","2021-02","LSO",2021-02-28,"Lesotho",10491,292,4859.043,135.244,0,0,0,0,0,0,2159067,73.562,"Africa",NA,0,0,4.91444739587646,135.244,0,1
"227","2021-11","LSO",2021-11-27,"Lesotho",21755,662,10076.112,306.614,0,0,0,0,0,0,2159067,73.562,"Africa",NA,0,0,5.72884575024987,306.614,0,2
"228","2021-02","LTU",2021-02-28,"Lithuania",199145,3244,74035.397,1206.01,2128510,791.308,240807,4,8.95,0,2689862,45.135,"Europe",NA,3.52,8.95,7.09590150606735,1206.01,2.2975725511705,1
"229","2021-11","LTU",2021-11-27,"Lithuania",466608,6672,173469.122,2480.425,NA,NA,3670008,278076,136.44,10.34,2689862,45.135,"Europe",NA,126.22,136.44,7.8165882709157,2480.425,4.92318745823595,2
"230","2021-02","LUX",2021-02-28,"Luxembourg",55110,637,86812.83,1003.444,2122099,3342.867,0,0,0,0,634814,231.447,"Europe",NA,0,0,6.91218943357203,1003.444,0,1
"231","2021-09","LUX",2021-09-30,"Luxembourg",78219,835,123215.619,1315.346,3523486,5550.423,790314,3668,124.5,0.58,634814,231.447,"Europe",NA,120.32,124.5,7.18261499526153,1315.346,4.83230575857184,2
"232","2021-02","LVA",2021-02-28,"Latvia",86186,1618,46164.46,866.662,1447910,775.555,63850,0,3.42,0,1866934,31.212,"Europe",NA,1.3,3.42,6.76580223790246,866.662,1.48613969608961,1
"233","2021-10","LVA",2021-10-31,"Latvia",219139,3253,117379.082,1742.429,4904866,2627.231,1948345,0,104.36,0,1866934,31.212,"Europe",NA,87.72,104.36,7.46360914260226,1742.429,4.65738305743503,2
"234","2021-02","MAC",2021-02-28,"Macao",0,0,0,0,0,0,14426,0,2.19,0,658391,20546.766,"Asia",NA,NA,2.19,0,0,1.16002091679675,1
"235","2021-11","MAC",2021-11-26,"Macao",0,0,0,0,0,0,906441,0,137.68,0,658391,20546.766,"Asia",NA,NA,137.68,0,0,4.93216912081682,2
"236","2021-10","MAR",2021-10-31,"Morocco",946145,14668,25335.397,392.772,9152681,245.086,47633925,0,127.55,0,37344787,80.08,"Africa",NA,NA,127.55,5.97577206159488,392.772,4.8563179337119,1
"237","2021-02","MCO",2021-02-28,"Monaco",1956,24,49493.927,607.287,0,0,0,0,0,0,39520,19347.5,"Europe",NA,0,0,6.41064681006427,607.287,0,1
"238","2021-11","MCO",2021-11-27,"Monaco",3705,36,93750,910.931,0,0,0,0,0,0,39520,19347.5,"Europe",NA,0,0,6.81556432931739,910.931,0,2
"239","2021-02","MDA",2021-02-28,"Moldova",185453,3949,46086.443,981.356,0,0,0,0,0,0,4024025,123.655,"Europe",18514,0,0,6.88995376811624,981.356,0,1
"240","2021-10","MDA",2021-10-31,"Moldova",337768,7790,83937.848,1935.873,NA,NA,1520548,0,37.79,0,4024025,123.655,"Europe",68810,34.83,37.79,7.56883009595032,1935.873,3.65816248145188,2
"241","2021-02","MDG",2021-02-28,"Madagascar",19831,297,697.603,10.448,NA,NA,0,0,0,0,28427333,43.951,"Africa",NA,0,0,2.43781504225415,10.448,0,1
"242","2021-05","MDG",2021-05-31,"Madagascar",41342,839,1454.305,29.514,203657,7.164,36640,0,0.13,0,28427333,43.951,"Africa",NA,0,0.13,3.41818559469101,29.514,0.122217632724249,2
"243","2021-02","MDV",2021-02-28,"Maldives",19793,62,36409.624,114.05,517988,952.849,111415,0,20.5,0,543620,1454.433,"Asia",NA,0,20.5,4.74536681648137,114.05,3.06805293513362,1
"244","2021-10","MDV",2021-10-31,"Maldives",87638,243,161211.876,447.003,1633047,3004.023,752341,0,138.39,0,543620,1454.433,"Asia",NA,134.62,138.39,6.10479992882114,447.003,4.9372757597418,2
"245","2021-02","MEX",2021-02-28,"Mexico",2086938,185715,16021.054,1425.701,5221181,40.082,2455095,0,1.88,0,130262220,66.444,"North America",NA,0.52,1.88,7.26312006503873,1425.701,1.05779029414785,1
"246","2021-11","MEX",2021-11-27,"Mexico",3879836,293614,29784.814,2254.023,NA,NA,132097392,0,101.41,0,130262220,66.444,"North America",NA,96.99,101.41,7.7209154514413,2254.023,4.62898436408735,2
"247","2021-02","MHL",2021-02-28,"Marshall Islands",4,0,67.094,0,0,0,0,0,0,0,59618,295.15,"Oceania",NA,0,0,0,0,0,1
"248","2021-11","MHL",2021-11-27,"Marshall Islands",4,0,67.094,0,0,0,0,0,0,0,59618,295.15,"Oceania",NA,0,0,0,0,0,2
"249","2021-02","MKD",2021-02-28,"North Macedonia",102787,3137,49353.687,1506.246,523385,251.306,0,0,0,0,2082661,82.6,"Europe",NA,0,0,7.31803942352622,1506.246,0,1
"250","2021-09","MKD",2021-09-30,"North Macedonia",191408,6668,91905.5,3201.673,NA,NA,1513785,181,72.69,0.01,2082661,82.6,"Europe",NA,60.19,72.69,8.07174105260849,3201.673,4.29986710477891,2
"251","2021-02","MLI",2021-02-28,"Mali",8376,353,401.616,16.926,0,0,0,0,0,0,20855724,15.196,"Africa",1846,0,0,2.88625217293517,16.926,0,1
"252","2021-05","MLI",2021-05-31,"Mali",14267,517,684.081,24.789,0,0,127042,0,0.61,0,20855724,15.196,"Africa",3232,0,0.61,3.24994804442261,24.789,0.476234178996372,2
"253","2021-02","MLT",2021-02-28,"Malta",22482,315,43561.325,610.347,698239,1352.914,79624,0,15.43,0,516100,1454.037,"Europe",NA,5.38,15.43,6.41566471940551,610.347,2.79910893204918,1
"254","2021-10","MLT",2021-10-31,"Malta",37653,461,72956.791,893.238,1343062,2602.329,879909,52915,170.49,10.25,516100,1454.037,"Europe",NA,NA,170.49,6.79597195898283,893.238,5.14452495586806,2
"255","2021-02","MMR",2021-02-28,"Myanmar",141896,3199,2589.059,58.37,2490989,45.451,0,0,0,0,54806014,81.721,"Asia",12531,0,0,4.08378904828258,58.37,0,1
"256","2021-10","MMR",2021-10-31,"Myanmar",500073,18697,9124.418,341.149,NA,NA,20299011,0,37.04,0,54806014,81.721,"Asia",86652,NA,37.04,5.83524631469951,341.149,3.63863823767719,2
"257","2021-02","MNE",2021-02-28,"Montenegro",75834,1003,120744.971,1597.004,0,0,0,0,0,0,628051,46.28,"Europe",3637,0,0,7.376510629452,1597.004,0,1
"258","2021-11","MNE",2021-11-27,"Montenegro",156608,2283,249355.546,3635.055,0,0,527034,0,83.92,0,628051,46.28,"Europe",19266,79.73,83.92,8.19865458169562,3635.055,4.44170963683506,2
"259","2021-02","MNG",2021-02-28,"Mongolia",2952,2,886.678,0.601,1784899,536.121,0,0,0,0,3329282,1.98,"Asia",NA,0,0,0.470628434014578,0.601,0,1
"260","2021-11","MNG",2021-11-27,"Mongolia",380945,1990,114422.569,597.726,NA,NA,4409480,0,132.45,0,3329282,1.98,"Asia",NA,132.02,132.45,6.39480406441445,597.726,4.89372687585053,2
"261","2021-02","MOZ",2021-02-28,"Mozambique",59350,641,1845.285,19.93,423338,13.162,0,0,0,0,32163045,37.728,"Africa",NA,0,0,3.04118353645791,19.93,0,1
"262","2021-10","MOZ",2021-10-31,"Mozambique",151292,1930,4703.908,60.007,NA,NA,5871057,0,18.25,0,32163045,37.728,"Africa",NA,NA,18.25,4.11098861168792,60.007,2.95751106073379,2
"263","2021-02","MRT",2021-02-28,"Mauritania",17207,441,3603.477,92.354,NA,NA,0,0,0,0,4775110,4.289,"Africa",2181,0,0,4.53639871856088,92.354,0,1
"264","2021-06","MRT",2021-06-30,"Mauritania",20808,489,4357.596,102.406,NA,NA,161082,0,3.37,0,4775110,4.289,"Africa",4037,0.78,3.37,4.63866298747013,102.406,1.4747630091075,2
"265","2021-02","MSR",2021-02-28,"Montserrat",0,0,0,0,0,0,0,0,0,0,4981,NA,"North America",NA,NA,0,0,0,0,1
"266","2021-11","MSR",2021-11-12,"Montserrat",0,0,0,0,0,0,2949,0,59.2,0,4981,NA,"North America",NA,NA,59.2,0,0,4.09767235231478,2
"267","2021-02","MUS",2021-02-28,"Mauritius",610,10,479.022,7.853,0,0,0,0,0,0,1273428,622.962,"Africa",115,0,0,2.18075638462891,7.853,0,1
"268","2021-09","MUS",2021-09-30,"Mauritius",15695,84,12325,65.964,0,0,1655555,0,130.01,0,1273428,622.962,"Africa",314,NA,130.01,4.20415516155354,65.964,4.87527365616558,2
"269","2021-02","MWI",2021-02-28,"Malawi",31945,1044,1625.892,53.136,NA,NA,0,0,0,0,19647681,197.519,"Africa",NA,0,0,3.99149939892992,53.136,0,1
"270","2021-10","MWI",2021-10-31,"Malawi",61796,2301,3145.206,117.113,NA,NA,1238209,0,6.3,0,19647681,197.519,"Africa",NA,NA,6.3,4.77164179335198,117.113,1.98787434815435,2
"271","2021-02","MYS",2021-02-28,"Malaysia",300752,1135,9175.928,34.629,8560111,261.169,18677,0,0.06,0,32776195,96.254,"Asia",NA,0,0.06,3.57315991298756,34.629,0.0582689081239758,1
"272","2021-11","MYS",2021-11-27,"Malaysia",2619577,30280,79923.158,923.841,NA,NA,53108874,2155435,162.03,6.58,32776195,96.254,"Asia",NA,154.03,162.03,6.82962183084543,923.841,5.09393423295156,2
"273","2021-02","NAM",2021-02-28,"Namibia",38845,424,15013.466,163.875,302912,117.074,0,0,0,0,2587344,3.078,"Africa",NA,0,0,5.10518761103748,163.875,0,1
"274","2021-09","NAM",2021-09-30,"Namibia",127589,3511,49312.732,1356.99,NA,NA,428989,0,16.58,0,2587344,3.078,"Africa",NA,NA,16.58,7.21376094432128,1356.99,2.86676189225703,2
"275","2021-02","NCL",2021-02-28,"New Caledonia",0,0,0,0,0,0,0,0,0,0,288217,15.342,"Oceania",NA,NA,0,0,0,0,1
"276","2021-11","NCL",2021-11-22,"New Caledonia",0,0,0,0,0,0,347129,0,120.44,0,288217,15.342,"Oceania",NA,NA,120.44,0,0,4.79942031364732,2
"277","2021-02","NER",2021-02-28,"Niger",4740,172,188.613,6.844,0,0,0,0,0,0,25130810,16.955,"Africa",949,0,0,2.0597489083341,6.844,0,1
"278","2021-11","NER",2021-11-27,"Niger",6958,254,276.871,10.107,0,0,0,0,0,0,25130810,16.955,"Africa",2773,0,0,2.40757554018498,10.107,0,2
"279","2021-02","NGA",2021-02-28,"Nigeria",155657,1907,736.313,9.021,NA,NA,0,0,0,0,211400704,209.588,"Africa",NA,0,0,2.30468289107619,9.021,0,1
"280","2021-10","NGA",2021-10-31,"Nigeria",211961,2896,1002.65,13.699,3340313,15.801,8772539,0,4.15,0,211400704,209.588,"Africa",NA,3.19,4.15,2.68777946425985,13.699,1.63899671467564,2
"281","2021-02","NIC",2021-02-28,"Nicaragua",6445,173,961.599,25.812,0,0,0,0,0,0,6702379,51.667,"North America",1349,0,0,3.28884954849571,25.812,0,1
"282","2021-11","NIC",2021-11-27,"Nicaragua",17152,212,2559.091,31.631,0,0,0,0,0,0,6702379,51.667,"North America",3105,0,0,3.48526275677982,31.631,0,2
"283","2021-08","NIU",2021-08-02,"Niue",0,0,0,0,0,0,2352,0,145.72,0,1614,NA,"Oceania",NA,0,145.72,0,0,4.98852600850815,1
"284","2021-02","NLD",2021-02-28,"Netherlands",1103564,15688,64261.222,913.522,6796304,395.753,1388722,0,8.09,0,17173094,508.544,"Europe",NA,2.05,8.09,6.81840152440323,913.522,2.20717490818939,1
"285","2021-06","NLD",2021-06-30,"Netherlands",1712747,18028,99734.329,1049.782,NA,NA,15974932,0,93.02,0,17173094,508.544,"Europe",NA,56.87,93.02,6.95728992785881,1049.782,4.54350752559598,2
"286","2021-02","NOR",2021-02-28,"Norway",71006,622,12991.368,113.802,3778288,691.281,514193,0,9.41,0,5465629,14.462,"Europe",NA,2.43,9.41,4.7432089053365,113.802,2.34276688262688,1
"287","2021-10","NOR",2021-10-31,"Norway",207280,900,37924.272,164.665,8054975,1473.751,8049762,95881,147.28,1.75,5465629,14.462,"Europe",NA,143.76,147.28,5.10996767701574,164.665,4.99910237828253,2
"288","2021-02","NPL",2021-02-28,"Nepal",274143,2774,9238.205,93.48,2162936,72.888,0,0,0,0,29674920,204.43,"Asia",NA,0,0,4.54838817188911,93.48,0,1
"289","2021-09","NPL",2021-09-30,"Nepal",795061,11135,26792.355,375.233,4205382,141.715,13742124,0,46.31,0,29674920,204.43,"Asia",NA,33.02,46.31,5.93020863231806,375.233,3.85672168964306,2
"290","2021-08","NRU",2021-08-31,"Nauru",0,0,0,0,0,0,14863,0,136.7,0,10873,682.45,"Oceania",NA,0,136.7,0,0,4.92507740573461,1
"291","2021-02","NZL",2021-02-28,"New Zealand",2378,26,464.217,5.076,1707380,333.303,6708,0,0.13,0,5122600,18.206,"Oceania",NA,0,0.13,1.80434658473353,5.076,0.122217632724249,1
"292","2021-11","NZL",2021-11-27,"New Zealand",11261,43,2198.298,8.394,NA,NA,7462890,0,145.69,0,5122600,18.206,"Oceania",NA,134.15,145.69,2.2400711876048,8.394,4.98832151649967,2
"293","2021-03","OMN",2021-03-31,"Oman",159218,1678,30481.819,321.248,0,0,151512,0,2.9,0,5223376,14.98,"Asia",NA,NA,2.9,5.77532143543852,321.248,1.3609765531356,1
"294","2021-02","PAK",2021-02-28,"Pakistan",581365,12896,2581.551,57.265,8951838,39.751,0,0,0,0,225199929,255.573,"Asia",NA,0,0,4.06500157002523,57.265,0,1
"295","2021-09","PAK",2021-09-30,"Pakistan",1246538,27785,5535.25,123.379,19386106,86.084,82830350,0,36.78,0,225199929,255.573,"Asia",NA,25.21,36.78,4.82333335576563,123.379,3.63177986207336,2
"296","2021-02","PAN",2021-02-28,"Panama",340915,5845,77806.354,1333.993,1904898,434.751,119176,0,2.72,0,4381583,55.133,"North America",27896,0,2.72,7.19668132737491,1333.993,1.31372366828506,1
"297","2021-11","PAN",2021-11-27,"Panama",477306,7361,108934.602,1679.986,NA,NA,5607412,175898,127.98,4.01,4381583,55.133,"North America",88946,124.64,127.98,7.42713580499797,1679.986,4.85965735358223,2
"298","2021-09","PCN",2021-09-07,"Pitcairn",0,0,0,0,0,0,94,0,200,0,47,NA,"Oceania",NA,0,200,0,0,5.30330490805908,1
"299","2021-02","PER",2021-02-28,"Peru",1323863,122502,39684.839,3672.187,2761802,82.789,323070,0,0.97,0,33359415,25.129,"South America",NA,0,0.97,8.20881495658468,3672.187,0.678033542749897,1
"300","2021-10","PER",2021-10-31,"Peru",2201796,200246,66002.237,6002.683,5934103,177.884,35220100,243862,105.58,0.73,33359415,25.129,"South America",NA,83.07,105.58,8.7001283932249,6002.683,4.66889587686864,2
"301","2021-02","PHL",2021-02-28,"Philippines",576352,12318,5190.167,110.926,8328155,74.997,0,0,0,0,111046910,351.873,"Asia",NA,0,0,4.71783793864151,110.926,0,1
"302","2021-10","PHL",2021-10-31,"Philippines",2787276,43172,25099.987,388.773,21655613,195.013,59316764,0,53.42,0,111046910,351.873,"Asia",NA,41.06,53.42,5.96556451838403,388.773,3.9967317333551,2
"303","2021-11","PLW",2021-11-27,"Palau",8,0,440.189,0,0,0,0,0,0,0,18174,47.237,"Oceania",NA,0,0,0,0,0,1
"304","2021-02","PNG",2021-02-28,"Papua New Guinea",1275,12,139.818,1.316,52360,5.742,0,0,0,0,9119005,18.22,"Oceania",NA,0,0,0.839841559710749,1.316,0,1
"305","2021-08","PNG",2021-08-31,"Papua New Guinea",17838,192,1956.134,21.055,NA,NA,127334,0,1.4,0,9119005,18.22,"Oceania",NA,0,1.4,3.0935393335569,21.055,0.8754687373539,2
"306","2021-02","POL",2021-02-28,"Poland",1706986,43769,45161.944,1158.002,9571171,253.226,3336354,0,8.83,0,37797000,124.027,"Europe",141756,3.11,8.83,7.0553145689638,1158.002,2.28543893415908,1
"307","2021-11","POL",2021-11-27,"Poland",3487254,82986,92262.719,2195.571,NA,NA,41536389,2728354,109.89,7.22,37797000,124.027,"Europe",797310,103.35,109.89,7.69465278704548,2195.571,4.70853871896512,2
"308","2021-02","PRT",2021-02-28,"Portugal",804562,16317,79127.468,1604.753,8237157,810.112,919144,0,9.04,0,10167923,112.371,"Europe",NA,3.43,9.04,7.381348084422,1604.753,2.30657711426358,1
"309","2021-08","PRT",2021-08-31,"Portugal",1037927,17743,102078.566,1744.997,17055465,1677.379,14786296,0,145.42,0,10167923,112.371,"Europe",NA,120.2,145.42,7.46508101818501,1744.997,4.9864792042185,2
"310","2021-02","PRY",2021-02-28,"Paraguay",159474,3181,22088.91,440.604,751582,104.102,1522,0,0.02,0,7219641,17.144,"South America",12595,0,0.02,6.09041355289288,440.604,0.0198026272961797,1
"311","2021-08","PRY",2021-08-31,"Paraguay",458528,15767,63511.191,2183.904,1773409,245.637,4059098,0,56.22,0,7219641,17.144,"South America",76015,36.25,56.22,7.68932717063771,2183.904,4.04690348762196,2
"312","2021-02","PSE",2021-02-28,"Palestine",183612,2042,35156.151,390.981,0,0,0,0,0,0,5222756,778.202,"Asia",7049,0,0,5.97121336922803,390.981,0,1
"313","2021-09","PSE",2021-09-30,"Palestine",403716,4098,77299.418,784.643,0,0,2155304,0,41.27,0,5222756,778.202,"Asia",31366,26.66,41.27,6.66650249077655,784.643,3.7440776145787,2
"314","2021-02","PYF",2021-02-28,"French Polynesia",0,0,0,0,0,0,0,0,0,0,282534,77.324,"Oceania",NA,NA,0,0,0,0,1
"315","2021-11","PYF",2021-11-22,"French Polynesia",0,0,0,0,0,0,314576,0,111.34,0,282534,77.324,"Oceania",NA,NA,111.34,0,0,4.72152998710429,2
"316","2021-02","QAT",2021-02-28,"Qatar",163664,258,55848.033,88.039,1537958,524.806,0,0,0,0,2930524,227.322,"Asia",NA,0,0,4.48907447599677,88.039,0,1
"317","2021-11","QAT",2021-11-27,"Qatar",242979,611,82913.158,208.495,NA,NA,4957916,0,169.18,0,2930524,227.322,"Asia",NA,164.98,169.18,5.34469987272894,208.495,5.13685670042141,2
"318","2021-02","ROU",2021-02-28,"Romania",801994,20350,41928.25,1063.898,6323307,330.583,1532872,0,8.01,0,19127772,85.129,"Europe",NA,3.61,8.01,6.97063429890895,1063.898,2.19833507162025,1
"319","2021-10","ROU",2021-10-31,"Romania",1648031,47751,86159.068,2496.422,NA,NA,12681048,0,66.3,0,19127772,85.129,"Europe",NA,53.52,66.3,7.82301427880377,2496.422,4.20916023665068,2
"320","2021-02","RUS",2021-02-28,"Russia",4198400,84700,28773.503,580.487,111345909,763.103,0,0,0,0,145912022,8.823,"Europe",NA,0,0,6.3655886157329,580.487,0,1
"321","2021-11","RUS",2021-11-27,"Russia",9370694,266337,64221.535,1825.326,NA,NA,125089189,4172664,85.73,2.86,145912022,8.823,"Europe",NA,71.59,85.73,7.51006157753098,1825.326,4.46279984469636,2
"322","2021-02","RWA",2021-02-28,"Rwanda",18850,261,1419.8,19.659,1009041,76.002,0,0,0,0,13276517,494.869,"Africa",NA,0,0,3.02815105980949,19.659,0,1
"323","2021-09","RWA",2021-09-30,"Rwanda",97517,1273,7345.074,95.884,2806919,211.42,3779887,0,28.47,0,13276517,494.869,"Africa",NA,NA,28.47,4.57351438658408,95.884,3.3833727967496,2
"324","2021-02","SAU",2021-02-28,"Saudi Arabia",377383,6494,10678.431,183.754,13680202,387.095,0,0,0,0,35340680,15.322,"Asia",44245,0,0,5.2190252104735,183.754,0,1
"325","2021-11","SAU",2021-11-27,"Saudi Arabia",549671,8832,15553.492,249.91,NA,NA,47293262,0,133.82,0,35340680,15.322,"Asia",116143,129.37,133.82,5.52509430909467,249.91,4.90394055542529,2
"326","2021-02","SDN",2021-02-28,"Sudan",30347,1880,675.739,41.862,0,0,0,0,0,0,44909351,23.258,"Africa",10537,0,0,3.75798565251248,41.862,0,1
"327","2021-11","SDN",2021-11-27,"Sudan",42056,3114,936.464,69.34,0,0,0,0,0,0,44909351,23.258,"Africa",35056,0,0,4.25334062704584,69.34,0,2
"328","2021-02","SEN",2021-02-28,"Senegal",34520,872,2007.408,50.709,398857,23.194,27018,0,0.16,0,17196308,82.328,"Africa",NA,0,0.16,3.94563184760191,50.709,0.148420005118273,1
"329","2021-09","SEN",2021-09-30,"Senegal",73775,1858,4290.165,108.046,811146,47.17,1812874,0,10.54,0,17196308,82.328,"Africa",NA,NA,10.54,4.69176981155307,108.046,2.44581926107995,2
"330","2021-09","SGP",2021-09-30,"Singapore",96521,95,17698.584,17.42,NA,NA,9403389,236849,172.43,4.34,5453600,7915.731,"Asia",NA,163.02,172.43,2.91343703082716,17.42,5.15577405976249,1
"331","2021-02","SHN",2021-02-28,"Saint Helena",0,0,0,0,0,0,0,0,0,0,6095,NA,"Africa",NA,NA,0,0,0,0,1
"332","2021-05","SHN",2021-05-05,"Saint Helena",0,0,0,0,0,0,7892,0,129.48,0,6095,NA,"Africa",NA,0,129.48,0,0,4.87121995831276,2
"333","2021-02","SLB",2021-02-28,"Solomon Islands",18,0,25.568,0,0,0,0,0,0,0,703995,21.841,"Oceania",NA,0,0,0,0,0,1
"334","2021-08","SLB",2021-08-31,"Solomon Islands",20,0,28.409,0,0,0,71601,0,10.17,0,703995,21.841,"Oceania",NA,0,10.17,0,0,2.41323161308111,2
"335","2021-02","SLE",2021-02-28,"Sierra Leone",3887,79,477.44,9.704,0,0,0,0,0,0,8141343,104.7,"Africa",NA,0,0,2.37061750338587,9.704,0,1
"336","2021-05","SLE",2021-05-31,"Sierra Leone",4147,79,509.375,9.704,0,0,79762,0,0.98,0,8141343,104.7,"Africa",NA,NA,0.98,2.37061750338587,9.704,0.683096844706444,2
"337","2021-02","SLV",2021-02-28,"El Salvador",60181,1854,9232.339,284.421,764442,117.273,0,0,0,0,6518500,307.811,"North America",9132,0,0,5.65396528327482,284.421,0,1
"338","2021-09","SLV",2021-09-30,"El Salvador",104348,3234,16007.977,496.126,NA,NA,7584818,61132,116.36,0.94,6518500,307.811,"North America",26673,96.62,116.36,6.20884351509234,496.126,4.76524613383473,2
"339","2021-02","SMR",2021-02-28,"San Marino",3716,74,109261.982,2175.831,0,0,0,0,0,0,34010,556.667,"Europe",565,0,0,7.68562542845547,2175.831,0,1
"340","2021-10","SMR",2021-10-31,"San Marino",5547,92,163099.089,2705.087,0,0,47502,0,139.67,0,34010,556.667,"Europe",1282,NA,139.67,7.90325895898996,2705.087,4.9464167217696,2
"341","2021-02","SOM",2021-02-28,"Somalia",7257,239,443.595,14.609,0,0,0,0,0,0,16359500,23.5,"Africa",NA,0,0,2.74784767097628,14.609,0,1
"342","2021-10","SOM",2021-10-31,"Somalia",21998,1208,1344.662,73.841,0,0,668104,0,4.08,0,16359500,23.5,"Africa",NA,NA,4.08,4.31536586315521,73.841,1.62531126159039,2
"343","2021-02","SRB",2021-02-28,"Serbia",459259,4443,66834.877,646.579,2940507,427.925,1436682,0,20.91,0,6871547,80.291,"Europe",NA,0,20.91,6.47324079385336,646.579,3.08694315360738,1
"344","2021-09","SRB",2021-09-30,"Serbia",941989,8234,137085.434,1198.275,5650408,822.291,6497670,555495,94.56,8.08,6871547,80.291,"Europe",NA,NA,94.56,7.0894724865272,1198.275,4.55975432245761,2
"345","2021-02","SSD",2021-02-28,"South Sudan",7926,93,696.401,8.171,110226,9.685,0,0,0,0,11381377,NA,"Africa",NA,0,0,2.21604633157681,8.171,0,1
"346","2021-05","SSD",2021-05-31,"South Sudan",10688,115,939.078,10.104,NA,NA,9744,0,0.09,0,11381377,NA,"Africa",NA,0,0.09,2.40730540376445,10.104,0.0861776962410524,2
"347","2021-02","STP",2021-02-28,"Sao Tome and Principe",1786,29,7995.917,129.833,0,0,0,0,0,0,223364,212.841,"Africa",NA,0,0,4.87392170078041,129.833,0,1
"348","2021-05","STP",2021-05-31,"Sao Tome and Principe",2345,38,10498.558,170.126,0,0,18888,0,8.46,0,223364,212.841,"Africa",NA,0,8.46,5.14240012727306,170.126,2.24707238306379,2
"349","2021-02","SUR",2021-02-28,"Suriname",8929,172,15087.919,290.64,0,0,0,0,0,0,591798,3.612,"South America",NA,0,0,5.67552016493823,290.64,0,1
"350","2021-10","SUR",2021-10-31,"Suriname",49019,1092,82830.628,1845.224,0,0,451190,0,76.24,0,591798,3.612,"South America",NA,67.8,76.24,7.52089775114656,1845.224,4.34691745756031,2
"351","2021-02","SVK",2021-02-28,"Slovakia",588671,7189,107800.868,1316.492,16012892,2932.374,450092,0,8.24,0,5460726,113.128,"Europe",NA,2.73,8.24,7.18348520829082,1316.492,2.22354188565359,1
"352","2021-10","SVK",2021-10-31,"Slovakia",898926,13034,164616.573,2386.862,43116989,7895.835,4821981,0,88.3,0,5460726,113.128,"Europe",NA,86.48,88.3,7.77815368389792,2386.862,4.49200148788245,2
"353","2021-02","SVN",2021-02-28,"Slovenia",190081,3836,91441.236,1845.364,913648,439.524,178935,0,8.61,0,2078723,102.619,"Europe",NA,3.99,8.61,7.52097357872336,1845.364,2.2628042229822,1
"354","2021-11","SVN",2021-11-27,"Slovenia",415898,5165,200073.795,2484.699,NA,NA,2660204,284685,127.97,13.7,2078723,102.619,"Europe",NA,113.36,127.97,7.81830918670311,2484.699,4.8595798191763,2
"355","2021-02","SWE",2021-02-28,"Sweden",657309,12826,64694.755,1262.382,0,0,870808,0,8.57,0,10160159,24.718,"Europe",NA,3.35,8.57,7.14154753109383,1262.382,2.25863320546486,1
"356","2021-10","SWE",2021-10-31,"Sweden",1171512,15025,115304.495,1478.815,0,0,14628844,0,143.98,0,10160159,24.718,"Europe",NA,NA,143.98,7.29967235894501,1478.815,4.97659580187273,2
"357","2021-02","SWZ",2021-02-28,"Eswatini",17014,652,14512.496,556.139,0,0,0,0,0,0,1172369,79.492,"Africa",NA,0,0,6.32281475996154,556.139,0,1
"358","2021-11","SWZ",2021-11-27,"Eswatini",46528,1248,39687.163,1064.511,0,0,0,0,0,0,1172369,79.492,"Africa",NA,0,0,6.97120977527703,1064.511,0,2
"359","2021-11","SXM",2021-11-19,"Sint Maarten (Dutch part)",0,0,0,0,0,0,51432,0,118.45,0,43421,1209.088,"North America",NA,0,118.45,0,0,4.78289787377182,1
"360","2021-02","SYC",2021-02-28,"Seychelles",2592,11,26205.641,111.212,0,0,0,0,0,0,98910,208.354,"Africa",NA,0,0,4.72038993924131,111.212,0,1
"361","2021-06","SYC",2021-06-30,"Seychelles",15671,56,158436.963,566.171,0,0,138581,0,140.11,0,98910,208.354,"Africa",NA,0,140.11,6.34066084556103,566.171,4.94953972806967,2
"362","2021-02","SYR",2021-02-28,"Syria",15588,1027,852.936,56.195,0,0,0,0,0,0,18275704,NA,"Asia",3738,0,0,4.04646648197764,56.195,0,1
"363","2021-10","SYR",2021-10-31,"Syria",43146,2558,2360.839,139.967,0,0,1125146,0,6.16,0,18275704,NA,"Asia",18973,0,6.16,4.94852582043274,139.967,1.96850998097255,2
"364","2021-02","TCA",2021-02-28,"Turks and Caicos Islands",0,0,0,0,0,0,0,0,0,0,39226,37.312,"North America",NA,0,0,0,0,0,1
"365","2021-11","TCA",2021-11-05,"Turks and Caicos Islands",0,0,0,0,0,0,56343,0,143.64,0,39226,37.312,"North America",NA,0,143.64,0,0,4.97424789664387,2
"366","2021-02","TCD",2021-02-28,"Chad",3973,140,234.88,8.277,0,0,0,0,0,0,16914985,11.833,"Africa",NA,0,0,2.22753821867113,8.277,0,1
"367","2021-10","TCD",2021-10-31,"Chad",5069,174,299.675,10.287,0,0,226843,0,1.34,0,16914985,11.833,"Africa",NA,0,1.34,2.42365162097349,10.287,0.85015092936961,2
"368","2021-02","TGO",2021-02-28,"Togo",6901,84,813.966,9.908,237702,28.037,0,0,0,0,8478242,143.366,"Africa",482,0,0,2.38949646498334,9.908,0,1
"369","2021-05","TGO",2021-05-31,"Togo",13466,125,1588.301,14.744,334593,39.465,311938,0,3.68,0,8478242,143.366,"Africa",839,0,3.68,2.7564593403099,14.744,1.54329810992956,2
"370","2021-02","THA",2021-02-28,"Thailand",26031,83,372.133,1.187,2792752,39.924,0,0,0,0,69950844,135.132,"Asia",NA,0,0,0.782530741694631,1.187,0,1
"371","2021-10","THA",2021-10-31,"Thailand",1912024,19205,27333.823,274.55,15246989,217.967,75389558,2399024,107.78,3.43,69950844,135.132,"Asia",NA,NA,107.78,5.61876910032924,274.55,4.68932749399481,2
"372","2021-02","TJK",2021-02-28,"Tajikistan",13714,91,1406.618,9.334,0,0,0,0,0,0,9749625,64.281,"Asia",742,0,0,2.33543942986499,9.334,0,1
"373","2021-08","TJK",2021-08-31,"Tajikistan",17252,125,1769.504,12.821,0,0,2808056,0,28.8,0,9749625,64.281,"Asia",1353,0,28.8,2.62618917462189,12.821,3.39450839351136,2
"374","2021-10","TKL",2021-10-12,"Tokelau",0,0,0,0,0,0,1936,0,141.52,0,1368,NA,"Oceania",NA,0,141.52,0,0,4.95948234073763,1
"375","2021-02","TKM",2021-02-28,"Turkmenistan",0,0,0,0,0,0,51746,0,0.85,0,6117933,12.253,"Asia",NA,NA,0.85,0,0,0.615185639090233,1
"376","2021-08","TKM",2021-08-29,"Turkmenistan",0,0,0,0,0,0,7580976,0,123.91,0,6117933,12.253,"Asia",NA,NA,123.91,0,0,4.82759347797782,2
"377","2021-02","TLS",2021-02-28,"Timor",113,0,84.085,0,0,0,0,0,0,0,1343875,87.176,"Asia",NA,0,0,0,0,0,1
"378","2021-08","TLS",2021-08-31,"Timor",16682,67,12413.357,49.856,184871,137.566,588299,0,43.78,0,1343875,87.176,"Asia",NA,0,43.78,3.92899810963411,49.856,3.80176161117061,2
"379","2021-08","TON",2021-08-31,"Tonga",0,0,0,0,0,0,68404,0,64.07,0,106759,150.028,"Oceania",NA,0,64.07,0,0,4.17546361350689,1
"380","2021-02","TTO",2021-02-28,"Trinidad and Tobago",7713,139,5496.04,99.047,96180,68.535,0,0,0,0,1403374,266.886,"North America",761,0,0,4.60564007557269,99.047,0,1
"381","2021-11","TTO",2021-11-27,"Trinidad and Tobago",69680,2090,49651.768,1489.268,NA,NA,1283952,0,91.49,0,1403374,266.886,"North America",10043,87.29,91.49,7.30671124853741,1489.268,4.52710053056617,2
"382","2021-02","TUN",2021-02-28,"Tunisia",233277,8001,19544.371,670.338,0,0,0,0,0,0,11935764,74.228,"Africa",24549,0,0,6.50927273592685,670.338,0,1
"383","2021-06","TUN",2021-06-30,"Tunisia",420103,14959,35196.993,1253.292,1688000,141.424,1844651,0,15.45,0,11935764,74.228,"Africa",71696,8.03,15.45,7.13432654895081,1253.292,2.80032547721138,2
"384","2021-02","TUR",2021-02-28,"Turkey",2701588,28569,31767.416,335.937,33134726,389.624,8547875,0,10.05,0,85042736,104.914,"Asia",132756,2.34,10.05,5.81989596925605,335.937,2.40243042796376,1
"385","2021-11","TUR",2021-11-27,"Turkey",8726370,76233,102611.586,896.408,NA,NA,120058425,13540205,141.17,15.92,85042736,104.914,"Asia",620623,136.73,141.17,6.79951060814445,896.408,4.95702352464761,2
"386","2021-10","TUV",2021-10-22,"Tuvalu",0,0,0,0,0,0,12114,0,101.58,0,11925,373.067,"Oceania",NA,0,101.58,0,0,4.63064298196112,1
"387","2021-02","TWN",2021-02-28,"Taiwan",955,9,40.034,0.377,174801,7.328,0,0,0,0,23855008,NA,"Asia",NA,0,0,0.319907219746518,0.377,0,1
"388","2021-10","TWN",2021-10-31,"Taiwan",16412,847,687.99,35.506,3988610,167.202,24870150,0,104.26,0,23855008,NA,"Asia",NA,66.57,104.26,3.59747663064059,35.506,4.65643347992563,2
"389","2021-02","TZA",2021-02-28,"Tanzania",509,21,8.277,0.341,0,0,0,0,0,0,61498438,64.699,"Africa",227,0,0,0.293415604299541,0.341,0,1
"390","2021-11","TZA",2021-11-27,"Tanzania",26261,730,427.019,11.87,0,0,0,0,0,0,61498438,64.699,"Africa",1887,0,0,2.55489902160804,11.87,0,2
"391","2021-02","UGA",2021-02-28,"Uganda",40357,334,856.409,7.088,881407,18.704,0,0,0,0,47123533,213.759,"Africa",NA,0,0,2.09038148171817,7.088,0,1
"392","2021-05","UGA",2021-05-31,"Uganda",47147,362,1000.498,7.682,1119023,23.747,672395,0,1.43,0,47123533,213.759,"Africa",NA,0,1.43,2.1612519168774,7.682,0.887891257352457,2
"393","2021-02","UKR",2021-02-28,"Ukraine",1395528,27404,32105.591,630.458,NA,NA,3141,0,0.01,0,43466822,77.39,"Europe",101377,0,0.01,6.44803143126523,630.458,0.00995033085316809,1
"394","2021-11","UKR",2021-11-27,"Ukraine",3580671,89911,82377.106,2068.497,NA,NA,24194260,0,55.66,0,43466822,77.39,"Europe",623434,40.71,55.66,7.63506086156222,2068.497,4.03706849440237,2
"395","2021-02","URY",2021-02-28,"Uruguay",57994,608,16640.307,174.454,1017834,292.049,392,1,0.01,0,3485152,19.751,"South America",1554,0,0.01,5.16737690028744,174.454,0.00995033085316809,1
"396","2021-11","URY",2021-11-27,"Uruguay",399181,6125,114537.616,1757.456,NA,NA,6781682,1377658,194.59,39.53,3485152,19.751,"South America",45267,190.67,194.59,7.47219143027601,1757.456,5.27602063154943,2
"397","2021-02","USA",2021-02-28,"United States",28718658,514193,86264.216,1544.517,346306668,1040.225,87304677,0,25.96,0,332915074,35.608,"North America",NA,11.18,25.96,7.34311376118815,1544.517,3.29435428604411,1
"398","2021-10","USA",2021-10-31,"United States",46007124,746946,138194.776,2243.653,628147408,1886.81,425708427,20644564,126.58,6.14,332915074,35.608,"North America",NA,118.33,126.58,7.71630622252829,2243.653,4.84874361881381,2
"399","2021-02","UZB",2021-02-28,"Uzbekistan",79926,622,2355.214,18.329,0,0,0,0,0,0,33935765,76.134,"Asia",4016,0,0,2.96160655882462,18.329,0,1
"400","2021-09","UZB",2021-09-30,"Uzbekistan",173895,1239,5124.24,36.51,0,0,20781994,0,61.24,0,33935765,76.134,"Asia",9915,43.11,61.24,3.6246075640938,36.51,4.13099787987014,2
"401","2021-02","VAT",2021-02-28,"Vatican",27,0,33251.232,0,0,0,0,0,0,0,812,NA,"Europe",NA,0,0,0,0,0,1
"402","2021-11","VAT",2021-11-27,"Vatican",27,0,33251.232,0,0,0,0,0,0,0,812,NA,"Europe",NA,0,0,0,0,0,2
"403","2021-02","VCT",2021-02-28,"Saint Vincent and the Grenadines",1556,8,13984.129,71.898,0,0,0,0,0,0,111269,281.787,"North America",NA,0,0,4.28906120379602,71.898,0,1
"404","2021-09","VCT",2021-09-30,"Saint Vincent and the Grenadines",3508,21,31527.2,188.732,77176,693.598,34149,0,30.69,0,111269,281.787,"North America",NA,NA,30.69,5.24561255011601,188.732,3.45600117370283,2
"405","2021-02","VEN",2021-02-28,"Venezuela",139116,1344,4846.412,46.821,0,0,0,0,0,0,28704947,36.253,"South America",6518,0,0,3.86746487356394,46.821,0,1
"406","2021-11","VEN",2021-11-27,"Venezuela",430046,5131,14981.599,178.75,0,0,0,0,0,0,28704947,36.253,"South America",38113,0,0,5.19156699660116,178.75,0,2
"407","2021-11","VGB",2021-11-12,"British Virgin Islands",0,0,0,0,0,0,34608,0,113.76,0,30423,207.973,"North America",NA,0,113.76,0,0,4.74284299111316,1
"408","2021-02","VNM",2021-02-28,"Vietnam",2448,35,24.937,0.357,NA,NA,0,0,0,0,98168829,308.127,"Asia",NA,0,0,0.305276380852732,0.357,0,1
"409","2021-10","VNM",2021-10-31,"Vietnam",921122,22083,9383.039,224.949,NA,NA,81929875,0,83.46,0,98168829,308.127,"Asia",NA,43.69,83.46,5.42030931008958,224.949,4.4362780495058,2
"410","2021-02","VUT",2021-02-28,"Vanuatu",1,0,3.18,0,0,0,0,0,0,0,314464,22.662,"Oceania",NA,0,0,0,0,0,1
"411","2021-08","VUT",2021-08-31,"Vanuatu",4,1,12.72,3.18,0,0,38250,0,12.16,0,314464,22.662,"Oceania",NA,0,12.16,1.43031124653666,3.18,2.57718192589717,2
"412","2021-11","WLF",2021-11-22,"Wallis and Futuna",0,0,0,0,0,0,11903,0,107.29,0,11094,NA,"Oceania",NA,NA,107.29,0,0,4.68481281364029,1
"413","2021-02","WSM",2021-02-28,"Samoa",3,0,14.989,0,0,0,0,0,0,0,200144,69.413,"Oceania",NA,0,0,0,0,0,1
"414","2021-08","WSM",2021-08-31,"Samoa",3,0,14.989,0,0,0,134265,0,67.08,0,200144,69.413,"Oceania",NA,0,67.08,0,0,4.22068348426512,2
"415","2021-02","YEM",2021-02-28,"Yemen",2285,634,74.941,20.793,0,0,0,0,0,0,30490639,53.508,"Asia",5103,0,0,3.08158881731367,20.793,0,1
"416","2021-11","YEM",2021-11-27,"Yemen",9981,1945,327.346,63.79,0,0,0,0,0,0,30490639,53.508,"Asia",18301,0,0,4.17115127046187,63.79,0,2
"417","2021-02","ZAF",2021-02-28,"South Africa",1513393,49993,25205.574,832.634,9077479,151.185,70527,0,0.12,0,60041996,46.754,"Africa",NA,0,0.12,6.72579445711551,832.634,0.113328685307003,1
"418","2021-10","ZAF",2021-10-31,"South Africa",2922116,89177,48667.869,1485.244,18544880,308.865,22381951,0,37.28,0,60041996,46.754,"Africa",NA,29.16,37.28,7.30400741099096,1485.244,3.64492756658475,2
"419","2021-02","ZMB",2021-02-28,"Zambia",78534,1091,4150.702,57.662,1087439,57.474,0,0,0,0,18920657,22.995,"Africa",NA,0,0,4.07179215775159,57.662,0,1
"420","2021-11","ZMB",2021-11-27,"Zambia",210138,3667,11106.274,193.809,NA,NA,1062540,0,5.62,0,18920657,22.995,"Africa",NA,NA,5.62,5.27201959137322,193.809,1.89009536994892,2
"421","2021-02","ZWE",2021-02-28,"Zimbabwe",36089,1463,2391.24,96.938,381160,25.255,19100,0,0.13,0,15092171,42.729,"Africa",4075,0,0.13,4.58433462539995,96.938,0.122217632724249,1
"422","2021-10","ZWE",2021-10-31,"Zimbabwe",132977,4678,8810.992,309.962,1372915,90.969,5911588,0,39.17,0,15092171,42.729,"Africa",27800,35.42,39.17,5.73967071821868,309.962,3.69312044837119,2
